usage_id,ts,user,app,action,duration,data_mb,session_id,request_id
3ac01d17-12f2-4687-b66e-3f6a82ebca43,2025-10-01 04:40:22.000000,user1,Snowflake,download,491,110.22,f15a6126-67c2-40eb-b458-5e65f2a0f096,
9e181cda-1b8b-4d01-9218-8ef6da0cfef7,2025-10-01 05:01:10.000000,user31,Databricks,upload,225,71.28,dd598874-4ebd-42e1-ba56-7dd3fc28e3a3,
610200d7-5f6f-49d0-ba19-318c3cd5bfce,2025-10-01 05:21:29.000000,user31,Databricks,upload,3437,51.71,de5c9349-f609-4f8d-8fed-cc14ba8f627f,
052eab14-7289-4ff4-a2e1-bcba818e6537,2025-10-01 06:44:16.000000,user31,SAP,upload,572,234.4,dd598874-4ebd-42e1-ba56-7dd3fc28e3a3,
abedfaf4-4f59-4136-913f-9a8be7ed4e6d,2025-10-01 07:33:10.000000,user31,Workday,view,1796,138.42,de5c9349-f609-4f8d-8fed-cc14ba8f627f,
3820d1a4-f67b-4463-a475-10b6a2d204a8,2025-10-01 08:38:42.000000,user31,SAP,upload,1287,133.03,dd598874-4ebd-42e1-ba56-7dd3fc28e3a3,
3b488647-3930-4dc0-ab83-88ab8a6d882f,2025-10-01 09:09:30.000000,user31,Databricks,download,3064,395.68,de5c9349-f609-4f8d-8fed-cc14ba8f627f,
6407857f-48ca-4460-90d7-deccb4af8f39,2025-10-01 09:32:34.000000,user31,GitHub,download,526,96.0,dd598874-4ebd-42e1-ba56-7dd3fc28e3a3,
38fcb5b7-ea66-4966-b11e-c8b8f04f7131,2025-10-01 10:57:01.000000,user31,Databricks,view,87,417.14,de5c9349-f609-4f8d-8fed-cc14ba8f627f,
0b178971-fa90-4f6f-8c49-c8ed3fd26067,2025-10-01 11:39:28.000000,user27,Salesforce,modify,449,314.5,caaa04f7-0c6f-4e3a-bc7a-3f7b5c5d4f1d,
72c71a75-6f31-4409-928b-bca308d831c7,2025-10-01 14:41:13.000000,user33,Jira,modify,2375,273.52,7b775558-5c61-4770-8b33-fdc71a54a9d3,
9355cded-110f-4791-b3b3-23e1a5182b05,2025-10-01 15:23:23.000000,user3,SAP,view,1679,430.59,77c6da29-5bde-4664-800f-56cd4401ca3b,
9f25c7ed-1ae9-42a4-9369-b962a5618851,2025-10-01 15:51:45.000000,user3,SAP,upload,1373,337.27,77c6da29-5bde-4664-800f-56cd4401ca3b,
1836cfe2-9c11-4257-959e-fa4286af0275,2025-10-01 16:38:42.000000,user33,Workday,download,987,379.18,7b775558-5c61-4770-8b33-fdc71a54a9d3,
f31cc0ff-ca15-4790-8f01-66c45eeed1ab,2025-10-01 17:27:20.000000,user28,GitHub,download,149,169.9,0aff5b6a-f7c6-4b41-9b0a-48f009c8536f,
15c87e8d-3739-46cb-bbf4-b3aba772bca9,2025-10-01 17:37:47.000000,user3,Jira,modify,375,329.8,77c6da29-5bde-4664-800f-56cd4401ca3b,
c19856a5-1509-42e8-8327-7011d8e708db,2025-10-01 17:43:08.000000,user28,SAP,view,2048,393.02,0aff5b6a-f7c6-4b41-9b0a-48f009c8536f,
65457eb0-2e48-4928-8c08-343c10bec0c2,2025-10-01 17:50:49.000000,user33,Workday,modify,500,424.19,7b775558-5c61-4770-8b33-fdc71a54a9d3,
075c200e-0908-4f95-b44a-3f0d078fa620,2025-10-01 18:49:32.000000,user3,Jira,modify,3552,396.41,77c6da29-5bde-4664-800f-56cd4401ca3b,
00b06385-3d2a-49a9-a82b-ea9b845a7f77,2025-10-01 19:15:49.000000,user3,Jira,download,2818,463.63,77c6da29-5bde-4664-800f-56cd4401ca3b,
50606021-e1ae-4317-9695-4d8ef379a599,2025-10-02 00:21:40.000000,user41,GitHub,view,3213,168.19,480361db-2d26-4388-8ccc-0d31c9c9763c,
fe06426e-883d-4f27-bfb0-0337e01e8c10,2025-10-02 01:01:09.000000,user28,Jira,modify,3030,37.36,1154b2dc-997f-4d52-976c-f5b651da3b78,
58cb387c-087f-43ba-9651-c37cfd675b49,2025-10-02 05:13:59.000000,user28,Jira,view,2313,295.73,1154b2dc-997f-4d52-976c-f5b651da3b78,
07177d3e-7b4c-495d-bd02-379e7a0a3fff,2025-10-02 05:28:47.000000,user16,Workday,view,2508,346.2,c5f4a5fd-d748-41dc-ba40-5088ff2f92de,
c0e5ce3b-2553-41ec-8f99-66810f14ca2a,2025-10-02 05:59:33.000000,user28,Databricks,view,2367,70.23,1154b2dc-997f-4d52-976c-f5b651da3b78,
9fdbea4f-03bc-4c51-a4ec-74850fd5f0bd,2025-10-02 07:05:47.000000,user28,Databricks,download,2583,304.87,1154b2dc-997f-4d52-976c-f5b651da3b78,
3572e653-5446-48f7-b1ef-253216aaf8cf,2025-10-02 07:13:39.000000,user16,Salesforce,download,2975,299.51,c5f4a5fd-d748-41dc-ba40-5088ff2f92de,
a32469a7-8606-41c5-ab52-dd3f61998ef6,2025-10-02 08:42:35.000000,user8,GitHub,upload,3495,367.98,6213d9d3-0501-48c1-8b20-7121c84dca5c,
4582dc5a-f7c1-4798-a52b-871182d0a917,2025-10-02 10:13:15.000000,user8,Workday,view,2877,327.76,6213d9d3-0501-48c1-8b20-7121c84dca5c,
33bc5257-629f-48c8-aae4-fd37f57effe2,2025-10-02 11:46:59.000000,user8,Snowflake,upload,1450,226.48,6213d9d3-0501-48c1-8b20-7121c84dca5c,
18c00983-3939-4197-b2c2-02fcc71b631c,2025-10-02 12:15:57.000000,user16,Snowflake,modify,549,446.2,c5f4a5fd-d748-41dc-ba40-5088ff2f92de,
01e83a80-832b-483b-a5c2-e5a790ac5cbf,2025-10-02 14:47:32.000000,user31,Workday,upload,2821,262.67,ddbb0952-555f-491f-b294-7227938172f7,4c01fc74-1a84-43b1-acb2-dd228eae6280
09219233-d103-4df7-a2a6-42aac58e0b6c,2025-10-02 15:08:01.000000,user9,Workday,download,3196,340.37,dd7b0f21-76d6-4860-9823-038196118708,
640ae85a-1170-44b5-9ede-f15566ed03f6,2025-10-02 15:09:11.000000,user33,Workday,upload,790,319.51,1e1414b5-262a-44b5-add8-9acd1e7a3695,
5ba205bd-0e90-4b0a-b660-4db7ad35d7f0,2025-10-02 15:37:19.000000,user16,SAP,upload,3124,497.24,76f5b123-4296-4d1e-8ebe-07dea7f9b21d,
a34bdfc5-c605-4d26-b77c-91be79aa508f,2025-10-02 15:48:37.000000,user33,Salesforce,download,1916,297.2,1e1414b5-262a-44b5-add8-9acd1e7a3695,
0da32965-6a9c-4052-884e-fb56a5071448,2025-10-02 15:57:25.000000,user15,SAP,upload,794,266.99,bb84b3f8-f5fa-4cda-955b-eb50a51c97c6,
de196071-272e-4e0d-b5b7-878ead2b331d,2025-10-02 15:57:29.000000,user9,Jira,upload,1528,13.8,dd7b0f21-76d6-4860-9823-038196118708,
f575932c-bb2f-41f0-9d5e-92f110b534da,2025-10-02 16:05:00.000000,user9,Salesforce,view,3439,57.49,dd7b0f21-76d6-4860-9823-038196118708,
2032f615-c305-423d-b810-29aee691db23,2025-10-02 16:28:11.000000,user31,Salesforce,view,2976,314.28,ddbb0952-555f-491f-b294-7227938172f7,
5fe5c596-510c-4a54-8483-09c0dbfc7b4d,2025-10-02 16:38:16.000000,user16,GitHub,download,2361,20.12,76f5b123-4296-4d1e-8ebe-07dea7f9b21d,
9ec9be37-5063-46af-a7a4-0edb941b1adf,2025-10-02 16:56:12.000000,user9,Workday,upload,448,112.55,67eca020-c8c9-48f8-8d08-fe75ea1a2227,
b27b79b3-814b-488a-95c4-ce4493bc9a0b,2025-10-02 16:58:47.000000,user31,Workday,modify,1341,258.54,ddbb0952-555f-491f-b294-7227938172f7,4c01fc74-1a84-43b1-acb2-dd228eae6280
9f4199c0-7bca-4bc7-aadd-71151b5ce636,2025-10-02 17:12:24.000000,user31,Jira,modify,3540,312.2,ddbb0952-555f-491f-b294-7227938172f7,4c01fc74-1a84-43b1-acb2-dd228eae6280
7e1777cd-c5dc-49e7-9eec-7aef62924443,2025-10-02 17:42:52.932934,user41,Jira,download,1629,239.32,8910e0f7-8d1e-4a4a-aa3d-9bd520633fe6,
0cb87047-b1f7-491d-94f5-6bc6a951fd5d,2025-10-02 19:01:41.000000,user16,SAP,modify,1540,26.88,76f5b123-4296-4d1e-8ebe-07dea7f9b21d,
315828e4-782f-4f64-986f-eb088f0dcc36,2025-10-02 19:02:58.000000,user9,Salesforce,modify,3586,347.6,67eca020-c8c9-48f8-8d08-fe75ea1a2227,
3a635370-04f8-4b8a-a8e7-72e836d1f03d,2025-10-02 19:08:18.000000,user33,SAP,upload,3263,196.3,1e1414b5-262a-44b5-add8-9acd1e7a3695,
ac3b441b-40b9-4d4e-9259-46913510eaf5,2025-10-02 19:17:47.000000,user16,GitHub,modify,3218,373.49,76f5b123-4296-4d1e-8ebe-07dea7f9b21d,
ff09718d-f5ac-4c6a-866d-75a5b947de56,2025-10-02 20:00:27.000000,user31,Databricks,view,2551,226.55,ddbb0952-555f-491f-b294-7227938172f7,
61202009-a72a-4a9f-8298-d5fad97e29e9,2025-10-02 20:23:14.000000,user9,Jira,modify,1436,195.15,67eca020-c8c9-48f8-8d08-fe75ea1a2227,
2ea7586a-a30b-4c90-90a4-7b85871c9a22,2025-10-02 20:52:11.000000,user9,GitHub,download,3512,279.78,dd7b0f21-76d6-4860-9823-038196118708,
a83acf6b-ca3c-429b-a1bb-71d5f09b8ae3,2025-10-02 21:12:38.000000,user15,Databricks,download,1598,308.24,e712c866-3feb-4be2-ac72-6b7cb320321a,
66fa6302-667d-46f5-b28d-69413dfab166,2025-10-02 21:16:42.000000,user27,Snowflake,upload,1232,227.38,1df279b7-b0ca-4c51-89dc-20c58fd0a370,
92f48f46-8c5b-424a-88ae-0677a0b18f55,2025-10-02 21:28:08.000000,user15,Salesforce,view,1423,203.05,bb84b3f8-f5fa-4cda-955b-eb50a51c97c6,
f6bbc4b7-c419-48b7-a5b2-0f35115af04f,2025-10-02 22:20:22.000000,user27,Databricks,view,917,364.74,1df279b7-b0ca-4c51-89dc-20c58fd0a370,
dc1888fe-4629-4245-87c9-03147bc15d03,2025-10-02 22:24:06.000000,user27,GitHub,view,382,419.44,1df279b7-b0ca-4c51-89dc-20c58fd0a370,
a667c1b0-82c5-4234-8e17-19bec82f9074,2025-10-02 22:29:58.000000,user9,Snowflake,modify,1285,314.44,dd7b0f21-76d6-4860-9823-038196118708,
e4a9e6f8-0012-46dc-8913-1dba1dce2856,2025-10-03 00:49:03.000000,user27,Snowflake,modify,2166,416.68,1df279b7-b0ca-4c51-89dc-20c58fd0a370,
7384710b-62a1-4788-b0e3-2f8e81d555e2,2025-10-03 01:00:08.000000,user31,Jira,upload,217,9.01,e70ea8e1-2444-41a3-97dc-589106897cb4,4c01fc74-1a84-43b1-acb2-dd228eae6280
557603dc-5081-4a96-86c8-75e10ebc6566,2025-10-03 01:51:56.000000,user31,Workday,download,1979,364.19,e70ea8e1-2444-41a3-97dc-589106897cb4,
497e753b-f6ab-47f6-8085-76a203aaf820,2025-10-03 01:52:42.000000,user31,SAP,view,1191,475.24,e70ea8e1-2444-41a3-97dc-589106897cb4,4c01fc74-1a84-43b1-acb2-dd228eae6280
4c77df94-fc32-442e-b2ee-71f82906540b,2025-10-03 04:38:03.000000,user15,Salesforce,view,2508,366.52,cdb7840a-d798-4bf9-9124-d639795c166e,71ba483e-4317-420c-a13e-33f3a27365eb
52953ecf-fe73-4832-882b-27a807151ae2,2025-10-03 05:53:17.000000,user48,Salesforce,download,3275,377.39,21c5564a-9e30-440a-8822-911f0944ad85,
a2eeb3b7-167e-4645-87b1-6ee915f749c1,2025-10-03 05:56:48.000000,user48,Workday,download,1734,30.13,21c5564a-9e30-440a-8822-911f0944ad85,
1b761a80-8b8a-413b-960c-937ee4dbb83a,2025-10-03 06:07:34.000000,user3,Workday,download,1391,13.67,50498224-c35e-46e3-80dc-d4647ad1df3c,
299c7c7f-b8a3-490e-96b4-5382efe0ee81,2025-10-03 07:33:01.000000,user3,Workday,upload,1677,82.23,74441e41-f7fe-4039-893a-2ed2a104bc04,
ddd09a49-2f5b-48bc-8b97-7a87f85722c8,2025-10-03 07:35:05.000000,user34,Workday,upload,1555,319.94,d974aec9-81c3-49f6-bee6-f382b5a0b897,
15223a20-e067-42e3-acb8-95d1d1cbbe0d,2025-10-03 08:07:17.000000,user3,SAP,upload,2247,316.45,50498224-c35e-46e3-80dc-d4647ad1df3c,
c3364702-1c12-45b2-9c83-ae3f04ada220,2025-10-03 09:04:16.000000,user3,Workday,modify,596,246.86,50498224-c35e-46e3-80dc-d4647ad1df3c,
470e57bd-9581-4dce-85b2-334223decb6a,2025-10-03 09:46:00.000000,user3,GitHub,upload,561,118.27,74441e41-f7fe-4039-893a-2ed2a104bc04,
a34ee998-f97c-42dd-994c-7f2381f5fa41,2025-10-03 10:37:54.000000,user3,Salesforce,modify,1277,479.04,50498224-c35e-46e3-80dc-d4647ad1df3c,
95e27358-42ae-48e2-ae66-fa657380e318,2025-10-03 11:43:01.000000,user3,GitHub,upload,3256,356.63,50498224-c35e-46e3-80dc-d4647ad1df3c,
1034be02-0c98-4ea4-88d2-096efede1190,2025-10-03 13:45:48.000000,user50,Workday,modify,2928,272.14,0a70b282-9634-4aaa-864c-7e7eb3ce1cb1,
401fe9ad-a74a-4155-8584-b377fe85ff70,2025-10-03 14:18:39.000000,user50,Salesforce,modify,1540,144.67,0a70b282-9634-4aaa-864c-7e7eb3ce1cb1,
55d6f523-3283-433a-8eaf-34d803d1016d,2025-10-03 15:02:14.000000,user3,Snowflake,upload,1422,240.78,f37de7f4-d6f3-42f1-8032-19d7c54401ce,
0ea305da-6788-44cc-aa1a-34f5133323bd,2025-10-03 16:37:00.000000,user50,Salesforce,download,620,250.29,0a70b282-9634-4aaa-864c-7e7eb3ce1cb1,
b118ef17-7663-4345-94ef-5d903921b566,2025-10-03 16:49:54.000000,user50,Jira,upload,129,266.72,d1ad3363-9147-48d7-aded-bfe4eae098f9,
005f0faf-fabe-42de-ae79-28a6f0aa30f9,2025-10-03 16:53:52.000000,user3,SAP,download,2305,369.34,f37de7f4-d6f3-42f1-8032-19d7c54401ce,
c77c09b8-0617-4311-923e-8a6ae7eada34,2025-10-03 17:42:24.000000,user23,Snowflake,modify,1731,131.93,dd9e0299-6a57-47f0-976f-9c1ddde9f7b3,
bfba26d3-a146-44fe-be80-d1848ee32abf,2025-10-03 18:02:27.000000,user3,Snowflake,modify,567,321.68,f37de7f4-d6f3-42f1-8032-19d7c54401ce,
cb0db509-070a-49ef-99f3-8f5f67798fc4,2025-10-03 18:20:28.000000,user34,Databricks,download,525,323.06,9032ae44-5464-495b-813a-a548dd2b670b,
10b0a652-b289-4708-9766-db8124620b18,2025-10-03 18:21:22.000000,user3,GitHub,upload,3516,260.38,f37de7f4-d6f3-42f1-8032-19d7c54401ce,
2fc78e5e-f8ef-4b2b-9fd9-c438171bad6d,2025-10-03 18:47:00.000000,user41,GitHub,modify,2563,46.03,a4c9c6e8-34d9-4717-b456-758f52e4ae8e,5b6055d0-54cf-4639-968f-2f01b7c56d3a
e48df7b8-044e-41a9-b4f1-88efea693e5c,2025-10-03 19:27:21.000000,user34,SAP,modify,842,222.01,9032ae44-5464-495b-813a-a548dd2b670b,
19fc7c06-5fb6-4600-9168-533e4e3cade7,2025-10-03 19:39:55.000000,user3,Workday,view,3303,163.66,f37de7f4-d6f3-42f1-8032-19d7c54401ce,
5492672e-78ba-4a30-9f6f-a3785df29cf9,2025-10-03 19:42:15.000000,user41,SAP,upload,2332,314.24,a4c9c6e8-34d9-4717-b456-758f52e4ae8e,5b6055d0-54cf-4639-968f-2f01b7c56d3a
ffe2e88b-e3df-4d4a-8e2f-b3056b2e1654,2025-10-03 19:55:10.000000,user23,GitHub,upload,2395,405.57,07357872-cdc5-48fe-ab00-0bda9b4bed64,
85c7f874-579d-4299-b5f2-575164693b0d,2025-10-03 20:08:51.000000,user44,SAP,download,3304,164.15,86f378e0-5eb4-4d60-8e00-b4c0c1a0b6b0,
0c7dce44-2ba1-4d1a-89b3-36f91443d885,2025-10-03 20:14:38.000000,user44,Salesforce,modify,3065,206.56,86f378e0-5eb4-4d60-8e00-b4c0c1a0b6b0,
4e04cc81-eabb-4144-aae7-54a12d320c83,2025-10-03 20:18:36.000000,user50,GitHub,download,643,373.7,0a70b282-9634-4aaa-864c-7e7eb3ce1cb1,
d9f3dc14-5623-4938-bf12-2d533d68d4de,2025-10-03 20:52:12.000000,user50,Databricks,download,1869,449.54,0a70b282-9634-4aaa-864c-7e7eb3ce1cb1,
911b0567-8f63-4906-992f-8076fb0278e4,2025-10-03 20:58:56.000000,user34,Workday,view,547,100.89,24b2816b-eb7d-41d0-bfdc-3b1cae677452,
9e65f3e5-26bf-4b48-9100-1c21e8b3c88a,2025-10-03 21:17:08.000000,user19,GitHub,upload,2907,482.11,cd2c1d32-5035-4de0-9439-f3cb3334f8c1,
f4b18302-4a2a-4fd5-a6e8-c6d508e33b39,2025-10-03 21:20:19.000000,user34,Salesforce,modify,3018,52.02,9032ae44-5464-495b-813a-a548dd2b670b,
d49700bc-44fb-4dd2-9582-5ff116e68840,2025-10-03 21:55:49.000000,user23,SAP,upload,2586,47.21,dd9e0299-6a57-47f0-976f-9c1ddde9f7b3,
3a6dbd13-3ca9-41bb-a9f5-7b3a3e634a62,2025-10-03 21:57:21.000000,user50,Salesforce,view,2754,228.56,d1ad3363-9147-48d7-aded-bfe4eae098f9,
1088e037-ee2d-43f9-a870-434a425cc601,2025-10-03 22:10:11.000000,user23,Jira,download,3049,372.09,07357872-cdc5-48fe-ab00-0bda9b4bed64,
8e5ac11f-7a08-44e7-969b-e1e635f2ece1,2025-10-03 22:24:30.000000,user49,Salesforce,download,2514,405.61,cf3bd668-ac12-4fed-8fa4-585962507b57,
07df972e-a1f0-42ba-824d-707b1c336be3,2025-10-03 23:07:44.000000,user42,Salesforce,modify,565,75.47,adc05ded-759f-40c4-af80-779b6149f5eb,
e3b421ed-91f5-4134-97c6-5d73b8f71a69,2025-10-03 23:58:33.000000,user15,GitHub,modify,2760,450.64,b9d14b5d-af9d-4035-9551-d359d25919aa,71ba483e-4317-420c-a13e-33f3a27365eb
bbc2c5d4-9d50-4494-9d71-d6119ae6a992,2025-10-04 00:13:47.000000,user23,Workday,download,1217,124.32,07357872-cdc5-48fe-ab00-0bda9b4bed64,
bf74eaeb-6238-4cf0-b630-2b922f17d5a4,2025-10-04 00:14:03.000000,user15,Jira,view,907,245.67,b9d14b5d-af9d-4035-9551-d359d25919aa,
0cba5e03-9df8-45e1-946a-1acf6ef19eeb,2025-10-04 00:23:10.000000,user34,Salesforce,modify,3461,463.12,9032ae44-5464-495b-813a-a548dd2b670b,
91a852ce-969b-43ee-b9ea-3064a5e21de1,2025-10-04 01:31:59.000000,user15,Snowflake,modify,1860,302.2,b9d14b5d-af9d-4035-9551-d359d25919aa,
a1e66bdc-eda7-40e2-bc9b-628b1400f4f5,2025-10-04 02:19:05.000000,user19,Salesforce,modify,1341,278.42,cd2c1d32-5035-4de0-9439-f3cb3334f8c1,
4c5780a6-878d-46dc-9330-689fe73dc864,2025-10-04 02:21:41.000000,user44,SAP,upload,997,277.02,86f378e0-5eb4-4d60-8e00-b4c0c1a0b6b0,
5bda7a3d-b46d-4fb8-b1c6-3aef6b8f536b,2025-10-04 03:41:16.000000,user15,Jira,view,795,285.95,b9d14b5d-af9d-4035-9551-d359d25919aa,
bb3e6476-a0d0-4050-b71a-102f4a6735ef,2025-10-04 04:30:27.000000,user42,Workday,view,2274,95.03,adc05ded-759f-40c4-af80-779b6149f5eb,
2dd36dc4-9cc2-4e5f-ae29-aa48d6b56f80,2025-10-04 04:46:08.000000,user9,Salesforce,download,279,399.55,583a3434-c9ca-4a6c-872e-c076ff7bc9a9,
ec46cbb2-7d91-45f6-b742-56afa904b261,2025-10-04 05:15:51.000000,user42,Snowflake,modify,3279,182.79,adc05ded-759f-40c4-af80-779b6149f5eb,
cf1a313b-284c-4a60-aafc-cba1f3226d00,2025-10-04 05:25:45.000000,user37,SAP,view,3366,286.76,4c103854-49fb-45db-b79d-896e2131af24,
0add176f-5d4a-4533-95ee-c304d65a59a1,2025-10-04 06:59:42.000000,user41,Snowflake,view,624,199.51,42e34eea-01ca-4765-82a9-7206b3ce271a,5b6055d0-54cf-4639-968f-2f01b7c56d3a
1a19081c-1b8a-4a29-8ba7-cde3aef84a8a,2025-10-04 07:35:35.000000,user40,Databricks,download,1587,169.32,31ebde15-e635-442e-9de7-8aa074325cc8,
0255a06b-3518-4ab0-bfc8-889773df3cbf,2025-10-04 07:48:32.000000,user9,Workday,download,1460,342.12,583a3434-c9ca-4a6c-872e-c076ff7bc9a9,
fd8cdd1b-38ad-4cf9-a257-9b741b1144e1,2025-10-04 09:23:56.000000,user9,SAP,upload,2763,257.65,583a3434-c9ca-4a6c-872e-c076ff7bc9a9,
674a46b4-2cf8-43ff-b178-ab93f1df3ef1,2025-10-04 09:44:23.000000,user41,Databricks,view,525,309.14,c1652618-dda5-4378-868d-3e48e3759209,5b6055d0-54cf-4639-968f-2f01b7c56d3a
80be2760-0dd5-444d-a6a5-77509b76167a,2025-10-04 09:55:13.000000,user9,Workday,view,857,9.65,583a3434-c9ca-4a6c-872e-c076ff7bc9a9,
adc95ff1-bf7c-4769-b91f-466ab3a2d2ef,2025-10-04 10:25:58.000000,user41,Snowflake,view,2511,385.92,42e34eea-01ca-4765-82a9-7206b3ce271a,5b6055d0-54cf-4639-968f-2f01b7c56d3a
bb9e195e-e2e6-4c87-a20f-d47cd9fda257,2025-10-04 10:30:28.000000,user37,Snowflake,download,302,174.1,4c103854-49fb-45db-b79d-896e2131af24,
a50b95b9-ede1-417b-b5ef-b707e0c1222d,2025-10-04 10:35:36.000000,user41,Snowflake,modify,50,288.7,42e34eea-01ca-4765-82a9-7206b3ce271a,5b6055d0-54cf-4639-968f-2f01b7c56d3a
f3d6bd92-946a-4f2f-b457-e63821605a0a,2025-10-04 10:59:43.000000,user36,Salesforce,download,2591,262.88,41e29506-ff40-4507-9fd0-3443c8a9611c,
2aaf1db7-4305-4ad8-a041-9b4016eb168c,2025-10-04 11:12:50.000000,user37,Databricks,view,123,389.69,4c103854-49fb-45db-b79d-896e2131af24,
f88ca1ec-8f45-49cf-9d32-ff9c833779a0,2025-10-04 11:28:30.000000,user36,Salesforce,upload,581,75.91,41e29506-ff40-4507-9fd0-3443c8a9611c,
f1a97a76-a494-4320-8e42-e908dcc3bb68,2025-10-04 12:08:10.000000,user40,Databricks,download,2694,438.56,31ebde15-e635-442e-9de7-8aa074325cc8,
9bce8805-0366-4ca2-929d-e196bad96399,2025-10-04 12:12:00.000000,user23,Databricks,download,1500,275.3,ad52ff70-b7cf-4c5c-a968-7b91a6135c86,
300f876d-e379-4fb4-8e63-5d459a2fa5f6,2025-10-04 12:46:13.000000,user16,Workday,view,3349,371.31,189d6a1c-81cb-431f-86b2-0e39b88fc50d,
c9fdb9a3-063f-4f78-a9a7-3992cba004b9,2025-10-04 12:53:06.000000,user41,SAP,upload,2749,12.99,42e34eea-01ca-4765-82a9-7206b3ce271a,
7f75a72e-80c6-4fc2-a6f3-454e4673b417,2025-10-04 12:54:12.000000,user41,Databricks,view,3580,343.71,42e34eea-01ca-4765-82a9-7206b3ce271a,5b6055d0-54cf-4639-968f-2f01b7c56d3a
38528dd0-52b7-4b6e-a25b-d5c556762f66,2025-10-04 13:00:12.000000,user16,Workday,modify,2899,423.59,189d6a1c-81cb-431f-86b2-0e39b88fc50d,
0360d8e7-709b-4a31-a19a-27c8bb013acb,2025-10-04 13:19:20.000000,user41,Databricks,modify,2581,373.64,6fda04b6-ead6-4771-b343-64172f755efb,5b6055d0-54cf-4639-968f-2f01b7c56d3a
384fe25d-87a0-418d-a8b5-84db78d33d02,2025-10-04 13:28:51.000000,user23,SAP,modify,135,71.28,ad52ff70-b7cf-4c5c-a968-7b91a6135c86,
3734c9db-0064-4419-98a7-59d6aa3eda92,2025-10-04 13:57:40.000000,user31,Databricks,upload,2205,325.4,352d0a45-1df0-4491-a00e-a6d6343a328a,4c01fc74-1a84-43b1-acb2-dd228eae6280
bcc38cc0-b255-41c1-8f7a-76ab549ec567,2025-10-04 14:43:54.000000,user31,Workday,modify,3420,439.42,352d0a45-1df0-4491-a00e-a6d6343a328a,54051b9c-148f-4394-9326-d32b45df1e5c
6e145b3d-b69e-4599-a84f-48633e8ffd5c,2025-10-04 15:28:32.000000,user36,Databricks,upload,751,51.13,41e29506-ff40-4507-9fd0-3443c8a9611c,
1c809f64-790a-4aa3-af81-ae1e93f773b3,2025-10-04 15:30:22.000000,user23,Jira,view,1512,307.51,ad52ff70-b7cf-4c5c-a968-7b91a6135c86,
7c42ae84-6429-49fb-ba58-0034b98e2c3a,2025-10-04 15:32:54.000000,user16,Databricks,upload,555,389.83,189d6a1c-81cb-431f-86b2-0e39b88fc50d,
ab150e46-28be-4cbd-b9f7-e65811b27a87,2025-10-04 15:36:15.000000,user17,Jira,download,2341,457.19,0db35712-0da6-4864-9d79-60c0f6191daa,
e6cbf7b3-898f-45fa-8b22-a14febe07a36,2025-10-04 15:38:24.000000,user23,Workday,view,967,484.47,ad52ff70-b7cf-4c5c-a968-7b91a6135c86,
86b3e7f0-ed91-4756-aeba-5106b6eed8e0,2025-10-04 15:51:30.000000,user31,Snowflake,modify,2483,310.09,352d0a45-1df0-4491-a00e-a6d6343a328a,54051b9c-148f-4394-9326-d32b45df1e5c
e6889bf5-4af4-4e35-8408-f0c57aa5caa3,2025-10-04 16:01:55.000000,user23,GitHub,modify,898,423.32,ad52ff70-b7cf-4c5c-a968-7b91a6135c86,
8f61b179-431b-4f09-90ce-df67a09932fe,2025-10-04 17:13:01.000000,user3,Workday,upload,162,125.6,aafdbe08-3b9d-4055-b6c8-85ff451b8815,
8a61295c-5a01-4325-8d87-550aee6a1de7,2025-10-04 17:21:53.000000,user36,GitHub,download,1808,2.36,dbb88636-ed6e-4fca-ac48-7c660e166d08,
033c9a4d-bd04-4720-8e5f-6d2ab1677399,2025-10-04 17:47:26.000000,user31,Snowflake,download,1775,431.12,352d0a45-1df0-4491-a00e-a6d6343a328a,
ba1fb485-e7af-46c5-9a34-b00f19dde70c,2025-10-04 19:28:26.000000,user36,Workday,upload,2581,33.38,dbb88636-ed6e-4fca-ac48-7c660e166d08,
6bef7a2d-63a7-4ec8-a2be-650e8fbeada7,2025-10-04 20:08:59.000000,user36,Workday,upload,1553,143.24,dbb88636-ed6e-4fca-ac48-7c660e166d08,
2bf49743-2aaa-4366-8e98-62b943b229b7,2025-10-04 21:07:04.000000,user6,Jira,view,2259,7.55,b262dd53-9b12-4b71-ac34-31bc4da8f6f0,
ec9fac83-ad38-4d0e-964e-80efc70cc6e1,2025-10-04 21:11:08.000000,user6,SAP,upload,1864,54.59,b262dd53-9b12-4b71-ac34-31bc4da8f6f0,
5e06a471-f7b8-481a-9e22-608f3615e798,2025-10-04 21:57:39.000000,user37,SAP,modify,2516,201.89,d523d843-38f0-4464-a32e-217d05ee8231,
7d3b1f42-119d-4d2b-9747-f49b3f6839f9,2025-10-04 22:03:19.000000,user36,Snowflake,view,188,104.4,66ab7a9a-c4be-4d27-a0d7-febeb02002b2,
d2c70730-6959-484b-9edc-658ae677f344,2025-10-04 22:08:49.000000,user11,Databricks,upload,356,484.42,cf09789b-2e25-4674-9c4f-4e45a48c9213,
627154cd-57c9-4814-9bdf-63ff002003e4,2025-10-04 22:25:30.000000,user11,Snowflake,download,1885,51.73,cf09789b-2e25-4674-9c4f-4e45a48c9213,
5f4971a9-d12f-4c4c-aa04-31f3463a2997,2025-10-04 23:33:54.000000,user37,Workday,upload,1860,213.53,d523d843-38f0-4464-a32e-217d05ee8231,
728d8be8-6db6-4705-9364-ae71de3bf128,2025-10-04 23:47:48.000000,user36,Databricks,upload,1994,420.95,dbb88636-ed6e-4fca-ac48-7c660e166d08,
a2f7c6a3-ebc3-47e2-b837-a165f447d4d4,2025-10-05 01:20:24.000000,user6,Jira,download,1161,381.96,b262dd53-9b12-4b71-ac34-31bc4da8f6f0,
ff35986a-259a-4a61-a7ea-8b6558e03c27,2025-10-05 01:41:39.000000,user6,SAP,view,1433,352.45,b262dd53-9b12-4b71-ac34-31bc4da8f6f0,
9a3bb284-b5cc-4a26-a21e-7a23e5526e91,2025-10-05 01:49:13.000000,user37,Jira,view,867,61.13,d523d843-38f0-4464-a32e-217d05ee8231,
4fb357d1-1366-49a8-b37d-fa33ab26f324,2025-10-05 04:24:27.000000,user41,Jira,download,1773,50.98,a7b647b9-f1ce-4fc9-aeaa-af3d974d0fb6,5b6055d0-54cf-4639-968f-2f01b7c56d3a
5b4351d2-dc22-4c1a-8c6d-91cedfcec2ac,2025-10-05 04:56:52.000000,user11,Snowflake,modify,131,9.7,cf09789b-2e25-4674-9c4f-4e45a48c9213,
3c8aeb5c-12c1-42b6-9890-291a9e0ca476,2025-10-05 05:03:24.000000,user11,GitHub,upload,2045,150.82,cf09789b-2e25-4674-9c4f-4e45a48c9213,
c93f684d-d547-46c9-b095-05e9da781f36,2025-10-05 05:23:54.000000,user37,Jira,upload,3463,219.3,d523d843-38f0-4464-a32e-217d05ee8231,
39bab423-ff33-4592-85a3-1e58ec2a98eb,2025-10-05 05:35:25.000000,user41,Salesforce,modify,3432,69.97,a7b647b9-f1ce-4fc9-aeaa-af3d974d0fb6,5b6055d0-54cf-4639-968f-2f01b7c56d3a
f4bf1799-ddc9-49dc-b728-d0f3a9197ec0,2025-10-05 06:04:32.000000,user40,Salesforce,view,3338,295.23,c8901b0d-f8e8-4008-aa31-12cab307d432,
a426625a-ae6d-4fa1-9d60-ce0b1799c364,2025-10-05 07:03:19.000000,user28,Databricks,download,3503,494.03,fe9b3cda-c991-4846-b998-b83359e5a012,95758258-8d87-459a-915c-8693af3f6971
efff0c1b-7e43-466b-92a7-f6bf310a7ff9,2025-10-05 07:50:18.000000,user40,Salesforce,view,3390,357.74,c8901b0d-f8e8-4008-aa31-12cab307d432,
09ba9d66-0964-4df8-b444-f1ea62f472c0,2025-10-05 07:57:35.000000,user40,SAP,view,1327,392.44,c8901b0d-f8e8-4008-aa31-12cab307d432,
29a4373a-d132-4ea0-bfad-f83ddb91aa5c,2025-10-05 08:21:48.000000,user28,SAP,upload,419,424.96,fe9b3cda-c991-4846-b998-b83359e5a012,0e45d4cf-4dba-40b9-b289-a70419d79683
7a7e024d-8177-4248-9895-c1c5cabfb3a4,2025-10-05 08:29:20.000000,user41,Snowflake,view,3097,327.9,a7b647b9-f1ce-4fc9-aeaa-af3d974d0fb6,5b6055d0-54cf-4639-968f-2f01b7c56d3a
3550414a-6260-4565-b8d7-dd99ec2851a1,2025-10-05 08:36:37.000000,user36,Snowflake,upload,2739,254.6,0b0fa381-2797-4790-9c7b-b48108bd5578,
3ad4db77-e301-4534-aa56-dcf34be847ba,2025-10-05 08:52:00.000000,user40,Databricks,upload,1819,92.32,f433e5c9-b40d-45c7-adc3-6caa466b773c,
34b4047a-e8c7-4a71-9d50-b6b3c6b37494,2025-10-05 08:59:29.000000,user8,GitHub,view,1745,237.68,f89f8ded-9d3c-4e79-b922-2006f88d46d8,
469476c7-73ab-4a6d-bdcd-4f25c406936e,2025-10-05 09:06:30.000000,user36,Snowflake,download,1488,261.45,0b0fa381-2797-4790-9c7b-b48108bd5578,
a523b0d0-041d-486e-a1dc-56ed50af5f84,2025-10-05 09:56:26.000000,user41,Workday,view,237,224.02,a7b647b9-f1ce-4fc9-aeaa-af3d974d0fb6,5b6055d0-54cf-4639-968f-2f01b7c56d3a
52473e88-3823-489a-90fd-7821c112abb3,2025-10-05 10:36:11.000000,user40,Workday,download,1595,301.89,f433e5c9-b40d-45c7-adc3-6caa466b773c,
232021c9-fcef-4318-9ea9-c08b3bf3d477,2025-10-05 11:01:17.000000,user40,Snowflake,download,1995,285.94,f433e5c9-b40d-45c7-adc3-6caa466b773c,
9177d629-59d7-40c2-9a02-18d7cd9d4a50,2025-10-05 11:05:34.000000,user40,SAP,view,843,232.16,f433e5c9-b40d-45c7-adc3-6caa466b773c,
0cbf6e69-f148-4a46-840e-46acc6feabe2,2025-10-05 11:34:34.000000,user40,Workday,download,1647,391.88,c8901b0d-f8e8-4008-aa31-12cab307d432,
18142fc3-d983-4499-9638-d85be4460e8d,2025-10-05 11:50:31.000000,user28,Snowflake,view,1712,28.41,fe9b3cda-c991-4846-b998-b83359e5a012,
23bdde64-a3d9-48b9-96ff-7614aa63e791,2025-10-05 12:35:01.000000,user40,SAP,upload,2381,2.51,c8901b0d-f8e8-4008-aa31-12cab307d432,
485d9d72-4ede-4631-9f0c-1640779179f9,2025-10-05 12:55:56.000000,user28,Jira,view,2141,230.91,fe9b3cda-c991-4846-b998-b83359e5a012,0e45d4cf-4dba-40b9-b289-a70419d79683
558b1285-2258-4c90-ac67-b124550cd772,2025-10-05 13:01:04.000000,user28,Salesforce,view,2530,223.59,fe9b3cda-c991-4846-b998-b83359e5a012,95758258-8d87-459a-915c-8693af3f6971
3bcb0f97-e5e2-4f41-a5f3-de02ef620b4f,2025-10-05 13:25:58.000000,user40,Jira,download,437,75.07,f433e5c9-b40d-45c7-adc3-6caa466b773c,
26bab5be-3110-4291-a90d-3a6409ff3723,2025-10-05 14:33:45.000000,user36,Salesforce,download,2106,187.53,0b0fa381-2797-4790-9c7b-b48108bd5578,
5a5a80ca-53a9-4072-9837-cb9278768b4a,2025-10-05 15:07:28.000000,user36,GitHub,download,630,448.83,0b0fa381-2797-4790-9c7b-b48108bd5578,
9b1b4192-60ee-4b51-8a43-353cd6721860,2025-10-05 15:16:17.000000,user36,Snowflake,download,1095,152.75,0b0fa381-2797-4790-9c7b-b48108bd5578,
b07a568f-b57a-4663-9081-115507b483d0,2025-10-05 15:49:33.000000,user45,Workday,view,676,255.94,df9a3b10-8c4b-4805-8c5c-3a86fd19371f,99096180-c22e-4bf3-a56d-86a1caa4be78
f1021318-0881-44cc-bec8-4d8777cd6cfc,2025-10-05 16:42:50.000000,user29,Jira,upload,2252,273.81,5f8e9c39-d076-4a9e-9e25-934a5e161c24,
d002e855-aebd-40b5-ab85-6539749ea4bf,2025-10-05 17:34:39.000000,user29,Databricks,modify,1486,290.42,5f8e9c39-d076-4a9e-9e25-934a5e161c24,
a499464d-de95-4340-83e2-bb76ac2dbfc4,2025-10-05 17:38:51.000000,user45,Workday,modify,2487,335.54,df9a3b10-8c4b-4805-8c5c-3a86fd19371f,99096180-c22e-4bf3-a56d-86a1caa4be78
c1e18bfd-90c0-45cf-ae65-7411dfdd3c1e,2025-10-05 17:55:58.000000,user14,Snowflake,modify,1495,330.93,ac8f60be-22db-43bd-a8b0-f14b2bbfd475,
ff17de05-155d-408d-a496-7408d73482e3,2025-10-05 18:11:37.000000,user45,Databricks,download,3004,376.33,df9a3b10-8c4b-4805-8c5c-3a86fd19371f,
85843c39-13ce-452b-8a58-a289bd72b10e,2025-10-05 18:20:02.000000,user14,Databricks,download,2495,288.3,ac8f60be-22db-43bd-a8b0-f14b2bbfd475,
a2f249ae-ae3a-4804-b2c9-61bd6410de4b,2025-10-05 18:42:36.000000,user8,Jira,upload,2791,446.99,fe0838d0-11a4-48e1-be8e-b891ca430ff1,a3b477cd-e51a-4ab7-b263-c5e202647f6d
45b04397-6769-463b-8534-f0cca09a3a4d,2025-10-05 18:46:04.000000,user8,GitHub,view,3220,465.57,fe0838d0-11a4-48e1-be8e-b891ca430ff1,7f87cd67-a4cc-4db4-b723-7735af8ec4b1
07fe7dbb-8418-4a25-9603-bf8d6e6d0650,2025-10-05 19:06:44.000000,user36,Jira,view,1429,94.1,a68350a9-4f63-4fb1-8515-e0ac9ea12860,
ee38dbd1-031c-49a1-ae4d-7da0fed8655a,2025-10-05 19:09:30.000000,user29,Snowflake,download,77,77.32,5f8e9c39-d076-4a9e-9e25-934a5e161c24,
3d15e4ee-f5e8-4c75-8fc1-7ec080ee70e3,2025-10-05 19:10:00.000000,user45,Workday,modify,1587,282.15,df9a3b10-8c4b-4805-8c5c-3a86fd19371f,99096180-c22e-4bf3-a56d-86a1caa4be78
a23fd333-eb61-41f3-bd4f-78897bac3b40,2025-10-05 19:26:00.000000,user36,GitHub,upload,2308,256.01,a68350a9-4f63-4fb1-8515-e0ac9ea12860,
b6bd862a-ab6f-4363-a053-c72a36a246eb,2025-10-05 19:27:08.000000,user23,SAP,upload,3450,305.3,d8125d44-c800-4ce0-bcf4-1dbf05752b52,
b0b9a06c-bfda-4415-83b9-5eebc0474311,2025-10-05 19:28:40.000000,user29,GitHub,download,134,133.56,5f8e9c39-d076-4a9e-9e25-934a5e161c24,
ed93f3eb-436b-40f8-8db3-ee4ca69a9c4a,2025-10-05 19:47:17.000000,user8,Jira,view,1124,22.52,fe0838d0-11a4-48e1-be8e-b891ca430ff1,
68d92bc3-8243-4bd2-bb1c-985f99603f5c,2025-10-05 19:50:54.000000,user14,Workday,view,395,150.65,ac8f60be-22db-43bd-a8b0-f14b2bbfd475,
658514cd-deb4-4af5-a5ea-6357a38e3658,2025-10-05 19:56:26.000000,user30,Workday,modify,1119,267.78,333935e9-79b5-441d-8e0e-6cd95f67363b,
7f647ca2-0512-4378-975d-719d949127ff,2025-10-05 20:38:16.000000,user3,Salesforce,modify,2988,299.95,55a05ee3-af77-49a0-9a12-2f354366906d,
15137c0a-ef61-4978-8f34-5c22c571c016,2025-10-05 20:58:16.000000,user28,Workday,upload,2579,93.17,1c7ce0fe-a615-47cc-b38e-4d04a7106b6a,
2feebef1-0272-4d95-8f4c-525fbf9d872c,2025-10-05 21:00:39.000000,user3,Salesforce,upload,1314,401.99,55a05ee3-af77-49a0-9a12-2f354366906d,
dfdd3d59-09a2-4bd1-a23b-a2f9423a19f8,2025-10-05 21:20:35.000000,user28,Jira,upload,1724,258.97,1c7ce0fe-a615-47cc-b38e-4d04a7106b6a,0e45d4cf-4dba-40b9-b289-a70419d79683
d3629770-f084-4998-b112-031bfa213999,2025-10-05 21:23:57.000000,user8,Jira,upload,2693,16.75,d03f3756-7287-4c04-ad49-b15b8201b867,a3b477cd-e51a-4ab7-b263-c5e202647f6d
bc6e8f96-e7cf-4e14-b23c-0882253b8f6e,2025-10-05 21:26:21.000000,user14,Databricks,modify,2957,204.28,ac8f60be-22db-43bd-a8b0-f14b2bbfd475,
436de9b2-2450-412d-a43b-d2c41cf5d554,2025-10-05 21:30:21.000000,user8,SAP,download,774,147.13,fe0838d0-11a4-48e1-be8e-b891ca430ff1,
5bcf7444-34c4-41e6-a0ff-24523597e024,2025-10-05 21:38:40.000000,user8,Jira,view,1955,378.05,d03f3756-7287-4c04-ad49-b15b8201b867,7f87cd67-a4cc-4db4-b723-7735af8ec4b1
78ef842a-b8f8-43aa-90f5-6ef5f9ca1d3c,2025-10-05 21:49:58.000000,user3,SAP,download,1509,123.95,55a05ee3-af77-49a0-9a12-2f354366906d,
a6d49cbf-1d0b-4246-805a-942310697f98,2025-10-05 22:19:20.000000,user14,Salesforce,view,1815,69.59,ac8f60be-22db-43bd-a8b0-f14b2bbfd475,
6f6e19b6-50a5-48bb-900d-82d68f53e8ca,2025-10-05 23:01:32.000000,user3,Jira,upload,2850,446.37,55a05ee3-af77-49a0-9a12-2f354366906d,
829a36b1-b2e0-49d0-9dcb-c0df5e879505,2025-10-05 23:36:36.000000,user28,Salesforce,download,2555,331.92,1c7ce0fe-a615-47cc-b38e-4d04a7106b6a,95758258-8d87-459a-915c-8693af3f6971
d4622565-8238-4ee6-bf68-fc6371e28a46,2025-10-06 00:26:28.000000,user35,SAP,upload,3335,68.81,87ef3e8c-60f3-4d0a-8e21-b9c6cf593623,
193fdb9c-e498-458e-b2d7-1a573e023a11,2025-10-06 00:40:02.613189,user8,Workday,download,490,177.95,fe0838d0-11a4-48e1-be8e-b891ca430ff1,a3b477cd-e51a-4ab7-b263-c5e202647f6d
5fc19c55-521d-4d9e-87f4-d3da9d11502e,2025-10-06 01:29:46.000000,user14,SAP,modify,439,257.82,2ce07823-7bdb-48af-b57f-f99aa8dddc57,
5f287b82-4cb0-445f-80d7-f6ff55b32de5,2025-10-06 01:35:58.000000,user14,Salesforce,view,1582,243.27,2ce07823-7bdb-48af-b57f-f99aa8dddc57,
ffb31f63-0a4c-4644-a284-899fa658e989,2025-10-06 01:38:20.000000,user28,Databricks,download,2882,309.65,1c7ce0fe-a615-47cc-b38e-4d04a7106b6a,
20e694e5-c730-4c85-b6cb-fb4a9c092c61,2025-10-06 01:45:28.000000,user28,Workday,download,1921,416.83,1c7ce0fe-a615-47cc-b38e-4d04a7106b6a,0e45d4cf-4dba-40b9-b289-a70419d79683
fca10a00-2783-480b-b813-0949e3582218,2025-10-06 01:49:00.000000,user8,SAP,upload,2465,269.58,d03f3756-7287-4c04-ad49-b15b8201b867,a3b477cd-e51a-4ab7-b263-c5e202647f6d
448d9db8-02a1-493f-a0bd-f8fed4fdd94d,2025-10-06 02:34:05.000000,user8,Databricks,upload,1170,375.49,d03f3756-7287-4c04-ad49-b15b8201b867,
e54cc8b9-eeb5-47b4-bf09-00293d36d467,2025-10-06 02:40:12.000000,user22,Workday,upload,934,96.95,acde45c9-001f-457f-837b-6ab6fe826308,2c49bfdc-1aa5-431d-806e-ac6b4168dfcd
006932a6-59cc-42bf-9589-cffa9a7d59e4,2025-10-06 02:51:34.000000,user22,GitHub,modify,88,410.28,acde45c9-001f-457f-837b-6ab6fe826308,2c49bfdc-1aa5-431d-806e-ac6b4168dfcd
78483787-2dfc-400b-886b-038af005378a,2025-10-06 03:16:39.000000,user24,SAP,download,686,427.93,654e32b0-2979-49d9-8533-611968270677,
0cf48920-2995-4063-87e9-be58582f1fb1,2025-10-06 04:10:51.000000,user24,GitHub,upload,967,462.75,654e32b0-2979-49d9-8533-611968270677,
296d5ee6-ae13-425d-8d07-9ecaae9ab98d,2025-10-06 04:53:53.000000,user22,SAP,download,1796,249.25,acde45c9-001f-457f-837b-6ab6fe826308,
73975350-eac1-49dd-a4d0-4ae97229f16b,2025-10-06 05:13:58.000000,user22,Jira,download,1422,269.22,acde45c9-001f-457f-837b-6ab6fe826308,2c49bfdc-1aa5-431d-806e-ac6b4168dfcd
9d2513d0-0d2f-4ec1-b72e-86d46085b27c,2025-10-06 05:17:13.000000,user35,Workday,download,1783,482.2,237a84cd-6df8-40fe-9568-d23489622073,d320074d-1f8d-4a8d-9be0-5d38efb2846e
d7aaca0f-b949-4ccf-8c39-71dbd8adf55e,2025-10-06 05:21:33.000000,user47,Salesforce,download,2000,355.77,561df40f-988b-4e57-bd62-c46e445f9350,
82ded8cc-dd18-4632-a0d7-49326a5be8ba,2025-10-06 05:26:54.000000,user14,Databricks,download,878,211.2,2ce07823-7bdb-48af-b57f-f99aa8dddc57,
6d88fb8b-55f3-44c8-934d-42ce8040f044,2025-10-06 05:33:28.000000,user14,Snowflake,view,1973,40.22,2ce07823-7bdb-48af-b57f-f99aa8dddc57,
ba235b5e-7997-44aa-9e2c-04926b6b4aec,2025-10-06 06:27:02.000000,user47,Jira,upload,3522,82.89,561df40f-988b-4e57-bd62-c46e445f9350,
e6301dbe-3995-49c4-938a-d23046ea0fc2,2025-10-06 06:33:27.000000,user24,Jira,download,3238,66.27,654e32b0-2979-49d9-8533-611968270677,
d0ea7f89-557e-4891-a35e-3360f73f5425,2025-10-06 06:44:57.000000,user20,Salesforce,download,275,4.05,5f1d05c9-53b0-40fd-be4e-e1841d2725ba,
714900ee-f2fe-4bdd-8d06-db76f390860c,2025-10-06 07:41:13.000000,user22,GitHub,download,1566,341.52,acde45c9-001f-457f-837b-6ab6fe826308,2c49bfdc-1aa5-431d-806e-ac6b4168dfcd
cf8214b1-8160-41de-bcbe-eb18f5fe88b4,2025-10-06 08:29:04.000000,user47,Workday,view,3314,137.33,561df40f-988b-4e57-bd62-c46e445f9350,
8c243517-b5f3-4af1-a339-86cb2a42e37e,2025-10-06 08:29:12.000000,user44,SAP,download,1199,385.11,2e1a7b5e-86e9-4db7-a133-ad0085cc287b,
03fab09e-974e-4818-bf02-402c829d7353,2025-10-06 08:40:47.000000,user20,GitHub,view,2713,271.91,65a14782-597e-4161-bed8-b26972d56b01,
8b1095a9-a85d-41f2-a5b6-0ab30b76b8ca,2025-10-06 08:51:14.000000,user15,GitHub,modify,1791,173.51,1b8c8433-2c70-447d-9e5f-a07afade53ed,71ba483e-4317-420c-a13e-33f3a27365eb
0cb688ce-a12b-4841-bd70-ef92220c274a,2025-10-06 08:57:38.000000,user24,Jira,upload,2899,145.31,654e32b0-2979-49d9-8533-611968270677,
287d9d92-bbf1-4d1a-ab08-a76e145cf688,2025-10-06 09:02:28.000000,user44,GitHub,upload,2701,234.14,2e1a7b5e-86e9-4db7-a133-ad0085cc287b,
dca87e20-f3f6-46c1-b2b4-050161c81b20,2025-10-06 10:02:41.000000,user20,Snowflake,view,353,89.26,5f1d05c9-53b0-40fd-be4e-e1841d2725ba,
9ab97931-f0ba-45ce-a7bc-01b427a35bb0,2025-10-06 10:18:33.000000,user47,Workday,view,738,289.34,561df40f-988b-4e57-bd62-c46e445f9350,
70ee39ff-29f1-46ca-a199-ac707c7540ce,2025-10-06 10:31:25.000000,user24,Jira,modify,1023,428.66,654e32b0-2979-49d9-8533-611968270677,
87c57b48-1368-4e3d-9732-4b3f7c107dbf,2025-10-06 10:43:39.000000,user23,Databricks,upload,2849,33.91,2c967d7a-dd50-48f1-a415-b4a5532bd8e8,
55ca914e-5242-4a9c-ab0e-921504fb15cf,2025-10-06 10:46:45.000000,user20,GitHub,download,580,382.14,5f1d05c9-53b0-40fd-be4e-e1841d2725ba,
56f0fa08-9fef-4ceb-a444-440770dcfa06,2025-10-06 10:55:03.000000,user20,Snowflake,upload,3518,252.18,5f1d05c9-53b0-40fd-be4e-e1841d2725ba,
61d170d1-1929-479c-951b-85b9091096c5,2025-10-06 11:30:54.000000,user27,Workday,modify,1024,332.58,89fd1d4e-8c86-4fd1-bef3-5c2188885a9a,1f68baa5-53ee-4992-838e-2c30cac2725a
68cf2613-5803-4f16-a5fd-9399c3944661,2025-10-06 11:48:35.000000,user16,Jira,upload,2237,367.94,4464fa59-67b0-4ade-9a4e-2706f34ad62c,
61d8ea68-f151-4600-9e9a-d91f629ad6df,2025-10-06 11:55:33.000000,user15,Workday,view,1919,277.5,1b8c8433-2c70-447d-9e5f-a07afade53ed,
ffa37920-bd96-45d2-9454-4e41bea03eb1,2025-10-06 12:12:41.000000,user43,Salesforce,download,2940,127.06,8eda6310-7c83-44c1-bf06-5db37b0b44ee,
23da59fd-6d62-4ffa-b55f-bbc5e6bab633,2025-10-06 12:19:15.000000,user44,SAP,download,2824,470.1,2e1a7b5e-86e9-4db7-a133-ad0085cc287b,
c3a05b5a-6c6a-4f40-8015-2f7c03b219d3,2025-10-06 12:23:57.000000,user8,GitHub,modify,1281,6.9,6d42c249-dec7-489d-8e91-1dc6ab86f8a6,a3b477cd-e51a-4ab7-b263-c5e202647f6d
a99c1d6e-3c17-48ae-8e3d-7266ae062012,2025-10-06 12:28:15.000000,user20,Databricks,download,2836,85.69,65a14782-597e-4161-bed8-b26972d56b01,
9a8562bb-1042-414f-bed9-34ad2907af6b,2025-10-06 12:28:20.000000,user16,Workday,upload,805,186.96,61f8048f-bfa5-4475-963b-94e78869f03d,
4c01dec5-b950-41d3-af17-a70b5612b17f,2025-10-06 12:36:49.000000,user47,Databricks,view,704,27.68,561df40f-988b-4e57-bd62-c46e445f9350,
9e17495c-27f9-4a38-b529-d7f2e586aeb8,2025-10-06 12:40:53.000000,user15,Salesforce,upload,1067,181.65,1b8c8433-2c70-447d-9e5f-a07afade53ed,71ba483e-4317-420c-a13e-33f3a27365eb
3cab6d73-85b5-4c6d-bd46-be61b4150031,2025-10-06 12:44:37.000000,user9,Workday,modify,2456,225.32,4ca3f040-88b1-4b1c-9e00-ad8b875759e4,
87f351fd-a5ea-4832-8f7c-0f38a8de96ff,2025-10-06 12:46:44.000000,user23,SAP,upload,1101,131.68,2c967d7a-dd50-48f1-a415-b4a5532bd8e8,
4970477c-4bfd-4990-8cd6-d1b9185324e0,2025-10-06 12:48:05.000000,user16,GitHub,download,3237,375.79,61f8048f-bfa5-4475-963b-94e78869f03d,
d196bde8-b744-42e7-9460-927f3fe32b7e,2025-10-06 13:03:23.000000,user3,Jira,upload,1255,433.88,e8c66ad7-29e6-4d7e-ae57-36adaf1f268d,
f2961716-cec7-4a6e-80b9-3a542fa54804,2025-10-06 13:24:57.000000,user15,GitHub,view,158,338.23,1b8c8433-2c70-447d-9e5f-a07afade53ed,
c2c7bebd-4159-452d-b317-187dc1ae90b1,2025-10-06 13:27:30.000000,user44,Databricks,view,486,70.83,2e1a7b5e-86e9-4db7-a133-ad0085cc287b,
753452b1-348b-4b2a-943d-aed13444d166,2025-10-06 14:00:27.000000,user44,Snowflake,view,3373,59.37,95c9db74-052b-4799-af38-bad2352fb5fb,
9bfb04fc-27af-46a8-8eaf-35aa1978f24d,2025-10-06 14:01:19.000000,user15,GitHub,modify,1298,64.83,1b8c8433-2c70-447d-9e5f-a07afade53ed,71ba483e-4317-420c-a13e-33f3a27365eb
d543a947-a83a-4d57-b96c-3a85c729803d,2025-10-06 14:03:03.000000,user36,Workday,upload,1379,476.3,2ebc1868-9b90-4d04-abf9-38870c02bdd3,
04d0c646-3eb0-4d33-a4be-11d1e456b0b4,2025-10-06 14:12:57.000000,user10,Snowflake,view,288,346.14,ca0efd8d-faeb-4a30-b0b7-c98fdedd1326,
cd952cd6-ffb2-429c-a6bd-d66eea2c9e66,2025-10-06 14:42:28.000000,user24,Workday,download,1834,237.61,0f32bb30-6a8a-44bd-a2cb-68737ee5ad80,
a1bea195-6def-41d0-b4b5-848b7be4c87d,2025-10-06 14:55:15.000000,user23,Workday,download,1444,494.46,2c967d7a-dd50-48f1-a415-b4a5532bd8e8,
874dd7d4-f60c-4531-8f54-fef741e3176b,2025-10-06 15:16:36.000000,user16,SAP,view,2445,255.66,61f8048f-bfa5-4475-963b-94e78869f03d,
267fddce-3f68-454e-b07b-75635050d629,2025-10-06 15:25:03.000000,user38,Databricks,view,1074,165.15,f4caf620-d1bf-4af0-9c3f-8c92b9274856,
203a275b-8b27-4b03-a7f8-286677fe2fc0,2025-10-06 15:29:13.000000,user43,GitHub,download,982,19.18,8eda6310-7c83-44c1-bf06-5db37b0b44ee,
b9fb4170-ccbb-4c4a-b8a7-85bee74177f8,2025-10-06 15:30:47.000000,user8,Databricks,upload,2975,273.11,6d42c249-dec7-489d-8e91-1dc6ab86f8a6,
cde877d2-c119-4dc6-8cfe-172a54c07ddb,2025-10-06 15:38:06.000000,user10,Jira,view,215,455.11,ca0efd8d-faeb-4a30-b0b7-c98fdedd1326,
f76f133f-f677-4e18-b7c7-d3313c30184e,2025-10-06 15:46:36.000000,user43,Databricks,download,458,137.85,8eda6310-7c83-44c1-bf06-5db37b0b44ee,
2f2dc546-6635-43f5-bc1c-2f3004ab6fbc,2025-10-06 16:01:46.000000,user6,Snowflake,upload,3196,281.29,2119e7d9-482f-439d-a073-d880d1cced45,
5e9d606d-1373-4207-8847-2d8bc240973d,2025-10-06 16:17:13.000000,user9,Salesforce,view,648,487.92,4ca3f040-88b1-4b1c-9e00-ad8b875759e4,
001c180e-b086-4b6a-b218-86ada4b14549,2025-10-06 16:19:35.000000,user16,SAP,view,93,321.25,4464fa59-67b0-4ade-9a4e-2706f34ad62c,
bef9742f-e272-4f50-971c-9071697b2d78,2025-10-06 16:36:43.000000,user16,Workday,upload,1016,322.18,4464fa59-67b0-4ade-9a4e-2706f34ad62c,
3a04b1c4-3259-4e96-8ef7-f4115bd18a41,2025-10-06 16:38:44.000000,user38,SAP,download,1758,135.07,a86576a8-2245-4570-9a9e-e29e6463d3df,
861d0de2-4e64-4739-9831-c4617df09b35,2025-10-06 17:14:03.000000,user44,Databricks,view,2945,289.46,95c9db74-052b-4799-af38-bad2352fb5fb,
41cffdde-ccb6-4658-963f-caf0f0b4c474,2025-10-06 17:24:08.000000,user43,Snowflake,modify,1797,440.71,622a6c9c-5d4d-417b-946f-f53374d9572a,
2e712fcf-405b-472d-9542-ac248c3048e7,2025-10-06 17:25:10.000000,user6,Salesforce,modify,1235,277.43,2119e7d9-482f-439d-a073-d880d1cced45,
04ab5561-260a-41e0-903b-6056b6d2c866,2025-10-06 17:25:16.000000,user9,Jira,view,1635,460.06,4ca3f040-88b1-4b1c-9e00-ad8b875759e4,
b0a4cf7c-1956-4d97-987e-260a5ab8646d,2025-10-06 17:44:45.000000,user36,Workday,view,1387,10.75,2ebc1868-9b90-4d04-abf9-38870c02bdd3,
1fb4816e-f38b-46f4-a3c5-645b8c5d7fab,2025-10-06 17:44:57.000000,user36,SAP,view,172,2.82,2ebc1868-9b90-4d04-abf9-38870c02bdd3,
a4e8e0cf-f20f-4cf6-b216-71e36f3a1394,2025-10-06 17:45:15.000000,user16,Workday,view,1283,496.61,4464fa59-67b0-4ade-9a4e-2706f34ad62c,
40af471a-0837-4b8b-a2ea-a05f62f8735f,2025-10-06 18:00:16.000000,user16,Salesforce,download,2431,264.32,4464fa59-67b0-4ade-9a4e-2706f34ad62c,
c5cb6422-4837-4ad0-a589-a4bb5e699eb4,2025-10-06 18:00:41.000000,user31,Workday,upload,600,470.43,5a4561c3-3c60-4e77-9ee6-b359f3d2fa68,4c01fc74-1a84-43b1-acb2-dd228eae6280
33333d23-393b-45c5-921d-7545fec40e80,2025-10-06 18:13:48.000000,user36,GitHub,upload,1703,433.31,2ebc1868-9b90-4d04-abf9-38870c02bdd3,
e9040527-3ce4-4339-8229-d8771e046ed9,2025-10-06 18:35:46.000000,user6,Salesforce,upload,3193,309.69,2119e7d9-482f-439d-a073-d880d1cced45,
0daf269e-e1fb-4034-8433-a64a69fa87b0,2025-10-06 19:03:56.000000,user36,Snowflake,download,3451,376.05,2ebc1868-9b90-4d04-abf9-38870c02bdd3,
0588d12f-0ed3-40f4-98d8-44bbe487d39c,2025-10-06 19:05:15.000000,user6,Salesforce,download,682,194.82,2119e7d9-482f-439d-a073-d880d1cced45,
8a21b537-e02e-416d-bf0d-a8681d16b423,2025-10-06 19:37:24.000000,user16,Snowflake,modify,2295,145.39,61f8048f-bfa5-4475-963b-94e78869f03d,
87f33b7f-f6a4-47b5-98a3-302c2b548acb,2025-10-06 19:49:36.000000,user6,Salesforce,modify,2241,217.29,2119e7d9-482f-439d-a073-d880d1cced45,
21721999-d646-4fc2-8a70-8f5474884245,2025-10-06 19:58:36.000000,user20,GitHub,download,3431,1.03,763be61f-6d1d-4012-ae92-ffc49382419d,
7e906751-b22e-4c64-804b-3c7cbf481b92,2025-10-06 20:01:39.000000,user16,SAP,download,2958,193.73,61f8048f-bfa5-4475-963b-94e78869f03d,
bcf9904d-2a9c-4cbd-8dea-e3badd961b56,2025-10-06 20:23:04.000000,user39,SAP,modify,2029,149.1,c423a1ea-064e-4d61-811c-7414c98db448,
585b1a4d-c136-44d9-a38b-357165c26168,2025-10-06 20:47:16.000000,user20,GitHub,download,757,252.05,5b232822-1f1e-4bc2-9096-1ac26b6d2959,
92fd7907-1b15-48ed-8ca5-7bf8d41d2c71,2025-10-06 20:47:57.000000,user40,Salesforce,view,404,58.97,bc305362-285d-4646-9732-eb7c0a11e0ce,
b5eefca0-7ab3-416d-85c7-1a37df74dbbe,2025-10-06 20:53:05.000000,user9,Workday,download,3336,55.49,855136fa-ebb1-4af5-ad37-8cde1bb58205,
44dd7ca1-415d-47a7-ae04-5e66de7f9a22,2025-10-06 20:59:03.000000,user43,Salesforce,view,1965,265.04,622a6c9c-5d4d-417b-946f-f53374d9572a,
9fdb10f9-cd4a-4f8a-89de-6840be5d12f7,2025-10-06 21:06:23.000000,user15,Databricks,upload,36,404.07,3fb68030-9633-4cf4-9756-9d7eed77c95d,
ab255f3c-8387-45e6-a2fb-5d7292b9d510,2025-10-06 21:16:21.000000,user9,Databricks,download,248,410.59,855136fa-ebb1-4af5-ad37-8cde1bb58205,
a8b03a33-ad35-4107-b691-cd7ad7435aba,2025-10-06 21:21:35.000000,user44,Salesforce,modify,41,422.62,697eb442-08bd-45f9-b4bf-413d24a9cdd4,
c84ef4ae-97e5-4712-bb43-b80bdabf449a,2025-10-06 21:25:58.000000,user31,SAP,modify,1587,8.33,5a4561c3-3c60-4e77-9ee6-b359f3d2fa68,
51672811-1871-4284-b873-49961cc3e92d,2025-10-06 21:25:59.000000,user43,Jira,view,2869,297.76,622a6c9c-5d4d-417b-946f-f53374d9572a,
d0376444-e853-445d-8b8b-cf631b461480,2025-10-06 22:27:34.000000,user43,Jira,view,1521,16.29,622a6c9c-5d4d-417b-946f-f53374d9572a,
25139130-9961-4c86-bee1-852762ff8299,2025-10-06 23:00:13.000000,user45,GitHub,view,2095,287.43,7d87ece3-6db6-4bb1-bf3a-27b01bdb85c7,ae4ce739-9812-4946-bf46-e05f0a5a95f5
f441e7dc-3658-4123-a523-a1f3df809faf,2025-10-06 23:07:41.000000,user39,Databricks,download,1120,89.34,c423a1ea-064e-4d61-811c-7414c98db448,
f182a616-e6e6-4852-b124-b551965ffe17,2025-10-06 23:13:06.000000,user39,Snowflake,view,2249,336.81,c423a1ea-064e-4d61-811c-7414c98db448,
d5112ba0-e112-45ab-a6b5-4654203a3a89,2025-10-06 23:16:55.000000,user21,GitHub,view,1870,27.64,46b8fe6e-8732-45a7-b865-91ed651b4134,
12ad8e36-965b-49ba-a3b9-dc7757fd45b0,2025-10-06 23:33:30.000000,user43,Databricks,upload,1887,422.1,622a6c9c-5d4d-417b-946f-f53374d9572a,
7e94d6b1-ee83-41f2-9349-49052fb9a797,2025-10-07 00:03:22.000000,user20,SAP,view,289,316.43,763be61f-6d1d-4012-ae92-ffc49382419d,
d83a6985-3055-4cf6-9a96-f1c435094de6,2025-10-07 00:13:42.000000,user21,GitHub,upload,1121,458.21,46b8fe6e-8732-45a7-b865-91ed651b4134,
d50fdf6f-579b-48ab-bcaf-4d93445787c6,2025-10-07 00:14:54.000000,user15,Snowflake,modify,1470,387.57,7edf09ca-cafc-489c-96a5-de18e8ac62a3,71ba483e-4317-420c-a13e-33f3a27365eb
d3eb5ecb-e090-4a86-9181-994afdd73277,2025-10-07 00:24:44.000000,user22,Salesforce,download,1722,296.96,40ef062f-ccd6-41c9-bf8d-04b5f9b511b9,
c85edb53-32d1-478f-bebc-593d3c498a6b,2025-10-07 00:25:52.000000,user31,Salesforce,upload,512,230.82,5a4561c3-3c60-4e77-9ee6-b359f3d2fa68,54051b9c-148f-4394-9326-d32b45df1e5c
d85b4e9c-be17-4199-88b0-c798c2a8912f,2025-10-07 00:40:55.000000,user40,Workday,modify,689,344.73,bc305362-285d-4646-9732-eb7c0a11e0ce,
0e041bfc-e921-4d61-8ffa-f4859751f3a4,2025-10-07 00:41:12.000000,user45,Snowflake,download,2461,157.64,7d87ece3-6db6-4bb1-bf3a-27b01bdb85c7,ae4ce739-9812-4946-bf46-e05f0a5a95f5
24092d5e-bf0e-4aef-aeff-64231406bdac,2025-10-07 01:11:55.000000,user40,Workday,upload,55,241.25,bc305362-285d-4646-9732-eb7c0a11e0ce,
ce2a10a1-678a-48d7-b455-596fcfca8be8,2025-10-07 01:16:26.000000,user20,Jira,upload,246,230.22,5b232822-1f1e-4bc2-9096-1ac26b6d2959,
fed34353-1314-4f72-a90e-5c8a1eee41f1,2025-10-07 01:20:10.000000,user39,Databricks,upload,406,304.67,c423a1ea-064e-4d61-811c-7414c98db448,
d14f3a74-39cc-4952-88e7-eea4a7bef79e,2025-10-07 01:49:29.000000,user40,SAP,upload,50,30.15,bc305362-285d-4646-9732-eb7c0a11e0ce,
ce59df88-4b9c-49a2-9b96-5445b4eb769e,2025-10-07 01:52:49.000000,user14,SAP,upload,1557,243.57,c3cdca3d-089f-4483-a256-b00e514d8e96,
b2a538f3-a1c1-43a0-8eff-0a05fc554c9a,2025-10-07 02:26:03.000000,user15,Snowflake,modify,3186,362.95,7edf09ca-cafc-489c-96a5-de18e8ac62a3,
6e84e11a-2394-44fa-a17f-f4d8d8af4fbf,2025-10-07 02:47:24.000000,user40,Snowflake,modify,1749,37.17,bc305362-285d-4646-9732-eb7c0a11e0ce,
567f4571-3a56-4b1d-8c40-3208f91d0677,2025-10-07 04:08:59.000000,user21,Workday,upload,1823,128.76,5c957664-38e5-4b40-8d57-c3d065079fd6,
69857b43-ac55-4f3a-b378-8015340dcfcd,2025-10-07 04:09:28.000000,user44,Databricks,download,3297,453.97,e2d0c36e-14cd-4883-9e69-fafb620b036f,
f28cf775-7ddb-4399-8477-2be7bf5e1bfa,2025-10-07 04:14:37.000000,user22,SAP,upload,959,405.55,40ef062f-ccd6-41c9-bf8d-04b5f9b511b9,
a73f2df4-332a-4cdd-8223-b5b48194c076,2025-10-07 04:18:19.000000,user9,GitHub,modify,1780,41.35,855136fa-ebb1-4af5-ad37-8cde1bb58205,
082c0169-1b49-4e92-9414-fbc24c7ab050,2025-10-07 04:20:47.000000,user22,GitHub,modify,2467,129.29,40ef062f-ccd6-41c9-bf8d-04b5f9b511b9,2c49bfdc-1aa5-431d-806e-ac6b4168dfcd
9e9d5754-9181-45cb-bfa5-686d919e5b84,2025-10-07 05:16:29.000000,user44,Salesforce,modify,2271,152.52,e2d0c36e-14cd-4883-9e69-fafb620b036f,
95868f47-74e1-4010-96c1-98101d775c82,2025-10-07 05:38:54.000000,user15,SAP,modify,311,234.67,7edf09ca-cafc-489c-96a5-de18e8ac62a3,71ba483e-4317-420c-a13e-33f3a27365eb
ba856f11-247b-4daa-86e7-d948fae947fb,2025-10-07 05:54:53.000000,user4,Snowflake,view,2245,468.52,1cf53cfa-7289-485e-9a8e-60462a390680,
c9cab3e6-9994-49bd-bbca-55a94356bcfe,2025-10-07 06:00:12.000000,user34,Snowflake,view,440,231.89,3d769e06-cc2e-4c47-bc18-3b2649619dde,
dd9ebaab-d051-46be-a48c-8de99683f7c9,2025-10-07 06:02:13.000000,user21,Workday,upload,2265,218.28,5c957664-38e5-4b40-8d57-c3d065079fd6,2264efba-5781-4db7-a183-b63bad14b142
c3b2f090-3adf-4378-8c86-f9abbd619ed8,2025-10-07 06:34:36.000000,user15,Salesforce,modify,1972,101.89,7edf09ca-cafc-489c-96a5-de18e8ac62a3,71ba483e-4317-420c-a13e-33f3a27365eb
79eed636-84bc-45e8-ac18-d110c57e8ea6,2025-10-07 06:37:26.000000,user44,Salesforce,modify,2969,498.23,e2d0c36e-14cd-4883-9e69-fafb620b036f,
8c9fa0c9-d97f-4eb0-a3b5-d5ede9eab9ea,2025-10-07 06:41:23.000000,user34,Snowflake,download,2967,310.87,3d769e06-cc2e-4c47-bc18-3b2649619dde,
d2128fdc-5968-4d88-ad2e-97cd146c0385,2025-10-07 06:59:31.000000,user30,Jira,view,3163,222.03,88b26a7c-9cf6-4f9e-8616-db91a49fd987,
c917eec1-1465-4b42-9b8e-3758d0538782,2025-10-07 07:12:20.000000,user34,GitHub,view,2825,89.39,3d769e06-cc2e-4c47-bc18-3b2649619dde,
bfda7a52-d138-4287-9ad7-588aa5278b54,2025-10-07 07:20:14.000000,user34,Databricks,download,1315,392.68,8a0c4498-27ad-49fd-93be-f562da92fc04,
994e5c38-3533-47c2-9eb7-6bed07161e50,2025-10-07 07:45:43.000000,user34,Jira,download,251,343.68,3d769e06-cc2e-4c47-bc18-3b2649619dde,
4cd322d8-9654-4252-a321-9f4fad63d0a7,2025-10-07 08:32:46.000000,user30,Databricks,upload,3298,327.68,88b26a7c-9cf6-4f9e-8616-db91a49fd987,
b79e39e3-6024-4ddb-a33c-b76bd75136e0,2025-10-07 09:05:06.000000,user31,Salesforce,view,2668,10.59,3f62d403-060b-4bfb-84dc-ce05366cdf9b,54051b9c-148f-4394-9326-d32b45df1e5c
ba71ce26-fb37-4093-ad2b-b8df667746ec,2025-10-07 09:09:41.000000,user21,Databricks,upload,3599,459.28,5c957664-38e5-4b40-8d57-c3d065079fd6,
a62fe50a-c76f-45b5-9aed-9bf9d5be7d15,2025-10-07 09:23:47.000000,user31,Databricks,view,908,214.78,752804e3-c900-4551-8310-7d5adf16b4a4,54051b9c-148f-4394-9326-d32b45df1e5c
8cbd4843-a8a4-4c1d-9161-3cb464c84b3c,2025-10-07 09:41:49.000000,user34,Snowflake,view,612,164.94,3d769e06-cc2e-4c47-bc18-3b2649619dde,
bd6a383d-0da8-499b-a939-97eedd7e5e0b,2025-10-07 09:50:44.000000,user30,Snowflake,view,676,430.11,88b26a7c-9cf6-4f9e-8616-db91a49fd987,
47333e03-f9ce-4694-b5b0-39e75a7a492b,2025-10-07 09:53:36.000000,user4,GitHub,download,683,103.79,1cf53cfa-7289-485e-9a8e-60462a390680,e9acb8dc-11af-4ad8-94dc-1b6fd2bb69fd
d8fd8391-8e78-4fce-92b4-492a78c3f754,2025-10-07 09:54:14.000000,user31,GitHub,upload,3142,375.27,752804e3-c900-4551-8310-7d5adf16b4a4,
87f65f26-074b-469f-8552-c40543a20282,2025-10-07 10:16:59.000000,user44,Databricks,view,1385,167.66,e2d0c36e-14cd-4883-9e69-fafb620b036f,
3af64835-86f1-4889-8050-fe98eaba4de3,2025-10-07 10:22:42.000000,user41,GitHub,view,862,345.32,ba51fddd-0f47-4764-9909-deccc0ceaf1b,5b6055d0-54cf-4639-968f-2f01b7c56d3a
54354d91-55e6-44cd-ba41-9910fab5f00e,2025-10-07 11:13:13.000000,user4,Jira,upload,3022,14.75,1cf53cfa-7289-485e-9a8e-60462a390680,e9acb8dc-11af-4ad8-94dc-1b6fd2bb69fd
084fee6c-9ad0-4727-ad5f-84eb885f58e2,2025-10-07 11:29:16.000000,user38,Workday,modify,114,2.39,8be28be7-b2e4-426b-ab8a-e2e130594712,20c02a7b-356e-45af-8e98-9c8f5131fba2
71955fff-aa89-442d-b8d5-433b7da786a2,2025-10-07 11:40:52.000000,user4,SAP,view,1641,180.69,1cf53cfa-7289-485e-9a8e-60462a390680,e9acb8dc-11af-4ad8-94dc-1b6fd2bb69fd
e47eecf2-c846-4c59-ae30-de800e7f755d,2025-10-07 11:43:12.000000,user31,Databricks,view,1510,194.57,752804e3-c900-4551-8310-7d5adf16b4a4,54051b9c-148f-4394-9326-d32b45df1e5c
877c2bec-e4a2-4fa9-bc3f-74fa74017cf2,2025-10-07 12:03:08.000000,user40,SAP,view,974,333.55,aa067932-9645-480a-8ee2-bf82f0a0f35d,
ef66c912-92bc-4492-9160-3fd99d709889,2025-10-07 12:13:14.000000,user43,Snowflake,view,2664,447.62,da1e3573-99e0-4be6-9fe4-71a4beb0d6be,
a205b907-b973-450a-9573-da5e00b8ea6e,2025-10-07 12:35:45.000000,user38,Workday,view,331,273.82,8be28be7-b2e4-426b-ab8a-e2e130594712,
ab386ee7-0005-471c-89b6-ea08170eb8cf,2025-10-07 12:42:05.000000,user43,Databricks,upload,463,230.23,01aedaad-2b63-4d5d-a0e2-14d9ee62a3ec,
a7ecda3c-de10-454a-bb0f-25e6ec65ed11,2025-10-07 12:50:26.000000,user30,SAP,upload,161,219.59,88b26a7c-9cf6-4f9e-8616-db91a49fd987,8d6d0b8b-cb73-4338-987c-ae2958e30fdd
30dc3755-387f-4eca-b910-425b8e3ef456,2025-10-07 12:55:40.000000,user31,Snowflake,view,2253,150.65,752804e3-c900-4551-8310-7d5adf16b4a4,54051b9c-148f-4394-9326-d32b45df1e5c
6d04d605-a569-43fe-9f0f-9823b378656d,2025-10-07 13:09:46.000000,user38,GitHub,upload,62,109.77,8be28be7-b2e4-426b-ab8a-e2e130594712,b9bfb837-92c4-48d5-8711-ee04b399e0f8
6f357704-1b85-48bb-b7c0-b3b8e01b9d52,2025-10-07 13:30:23.000000,user30,Snowflake,view,1338,56.39,88b26a7c-9cf6-4f9e-8616-db91a49fd987,
f5ba47c6-04eb-470d-8c08-9cd0fa320974,2025-10-07 13:50:13.000000,user43,Snowflake,modify,2739,473.57,01aedaad-2b63-4d5d-a0e2-14d9ee62a3ec,
9f5bdd1e-9cde-4f2b-8810-beb9cd24e5c3,2025-10-07 13:54:04.000000,user31,Databricks,upload,2550,308.68,752804e3-c900-4551-8310-7d5adf16b4a4,
cca163d2-b18b-489a-aa69-0fb5e5ef3405,2025-10-07 14:04:25.000000,user43,GitHub,upload,3536,48.53,da1e3573-99e0-4be6-9fe4-71a4beb0d6be,
1e460150-81f6-4f4b-ab2a-d062791ac431,2025-10-07 14:22:12.000000,user40,Salesforce,view,1479,354.44,aa067932-9645-480a-8ee2-bf82f0a0f35d,
d89ea1a9-942d-4ae8-9511-4f84cb50356d,2025-10-07 14:49:37.000000,user35,Jira,upload,3119,438.35,c3634a2d-b02e-485e-91cb-aed57db95875,d320074d-1f8d-4a8d-9be0-5d38efb2846e
1f26e2ff-aaf9-405d-af4b-1b4fae8546b3,2025-10-07 15:00:58.000000,user38,SAP,modify,2365,424.29,8be28be7-b2e4-426b-ab8a-e2e130594712,b9bfb837-92c4-48d5-8711-ee04b399e0f8
307b497d-3189-411b-9f54-81a45c85defe,2025-10-07 15:13:23.000000,user38,Snowflake,modify,1991,250.98,8be28be7-b2e4-426b-ab8a-e2e130594712,20c02a7b-356e-45af-8e98-9c8f5131fba2
3e4dd47c-abb2-4dc8-be85-637d300f34f9,2025-10-07 15:49:47.000000,user35,Jira,modify,3284,68.9,c3634a2d-b02e-485e-91cb-aed57db95875,d320074d-1f8d-4a8d-9be0-5d38efb2846e
0eeea895-4764-4ff4-96b1-6988c0ee7935,2025-10-07 18:26:13.000000,user50,Workday,modify,1746,335.85,b9bd811c-5706-455b-ba84-104a57ab6989,
bbee79ab-ab7c-4b92-803e-62ba581a889e,2025-10-07 19:03:31.000000,user43,Jira,modify,1584,157.24,01aedaad-2b63-4d5d-a0e2-14d9ee62a3ec,
0abcf925-7d8d-40ee-a822-21df1b4a870f,2025-10-07 19:38:43.000000,user50,SAP,modify,1904,185.65,b9bd811c-5706-455b-ba84-104a57ab6989,
ce688d36-663a-4842-aa6c-71ea9b4f2834,2025-10-07 19:41:32.000000,user35,Salesforce,upload,1025,7.96,c3634a2d-b02e-485e-91cb-aed57db95875,d320074d-1f8d-4a8d-9be0-5d38efb2846e
e4ca275e-0899-431c-a6a8-29bef088b844,2025-10-07 21:51:39.000000,user17,Salesforce,download,896,268.23,9063fabd-4578-42b7-9bad-04b3512c84c2,53eb2470-ba66-4ff5-9bf3-a6036ab5abb3
40f3647d-a6cd-4e2a-966b-50b69a5cd103,2025-10-07 22:08:18.000000,user3,Workday,upload,998,239.9,c6c82d58-b296-4f5f-b050-b98450c4ac2f,
13aca11d-173d-4a15-b5c1-7d0704d5385e,2025-10-07 22:08:55.000000,user17,Snowflake,view,3311,172.78,9063fabd-4578-42b7-9bad-04b3512c84c2,9812fce7-161c-40de-a265-28aedb30a13f
33425b4f-20e6-4016-b0b1-15b203ad2519,2025-10-07 22:24:15.000000,user35,Databricks,view,2639,382.39,c3634a2d-b02e-485e-91cb-aed57db95875,d320074d-1f8d-4a8d-9be0-5d38efb2846e
7aaf6f0c-0b30-49ca-822d-447806bbd71a,2025-10-07 22:28:35.000000,user17,Databricks,modify,1797,350.51,9063fabd-4578-42b7-9bad-04b3512c84c2,53eb2470-ba66-4ff5-9bf3-a6036ab5abb3
d43277da-d0ca-4c05-8a5b-cfe97d5b4af6,2025-10-07 22:31:57.000000,user17,Snowflake,upload,2178,393.05,9063fabd-4578-42b7-9bad-04b3512c84c2,9812fce7-161c-40de-a265-28aedb30a13f
3b88e090-bf40-438a-846b-66f77a027db9,2025-10-07 22:45:13.000000,user50,GitHub,download,1927,445.07,b9bd811c-5706-455b-ba84-104a57ab6989,
07988fe7-51b0-4c67-8524-8fbc9b1142e2,2025-10-07 23:04:46.000000,user50,Salesforce,download,1354,428.75,b9bd811c-5706-455b-ba84-104a57ab6989,
39a49a9c-adee-45c4-9213-655ab5f49dc1,2025-10-07 23:22:57.000000,user47,Salesforce,upload,2228,64.6,1604a480-d3b1-4c4e-9043-28247906737c,
5f535501-bd50-48c4-ad82-3386c32c7ecb,2025-10-07 23:41:00.000000,user13,Databricks,view,1062,45.25,a5a374b7-7815-446f-b5e1-c9f60cb1d64d,
060a5ff5-4a54-4100-a5a6-a4c79207f377,2025-10-08 00:39:44.000000,user15,SAP,view,552,19.02,390ec63f-0f88-4f22-8882-79a93c83bc37,
e27e63aa-c3e4-418f-8b2c-7cc32b4883a4,2025-10-08 00:41:56.000000,user15,Jira,upload,3513,465.25,390ec63f-0f88-4f22-8882-79a93c83bc37,
72e4477f-ad4e-4b9f-b8d6-01e603a3524a,2025-10-08 00:47:06.000000,user47,GitHub,view,2722,48.89,1604a480-d3b1-4c4e-9043-28247906737c,
35406a3c-af73-4f5d-a3ce-70e1cb0679d8,2025-10-08 00:59:21.000000,user13,GitHub,modify,3024,66.71,a5a374b7-7815-446f-b5e1-c9f60cb1d64d,
3fc1ded1-5c62-4e92-ab8a-18d65e4e7b17,2025-10-08 01:24:09.000000,user15,GitHub,modify,927,426.34,390ec63f-0f88-4f22-8882-79a93c83bc37,
93338cfd-5177-44b2-942a-558edf1d9a94,2025-10-08 01:26:15.000000,user36,Workday,view,1440,357.91,1e19c484-1492-488c-9b67-ab46c57be98a,
ec10c716-2e3d-4b9b-962f-a2f971a07d06,2025-10-08 01:31:01.000000,user23,GitHub,download,2312,442.51,d81b4331-d84d-45a6-bb39-b410b27d82ab,
63a99bac-63a3-454d-b34b-a6b70f29393c,2025-10-08 01:45:17.000000,user17,SAP,view,2841,183.65,9063fabd-4578-42b7-9bad-04b3512c84c2,8fba1cc0-ed98-4402-bf99-afe91cc015ed
25ab6c10-da65-4ad4-837c-e69f0c38b4fc,2025-10-08 01:50:55.000000,user50,Databricks,download,1306,84.58,b9bd811c-5706-455b-ba84-104a57ab6989,
7f4bea98-5b3b-4fa8-97c6-54bfe6c33491,2025-10-08 02:23:40.000000,user47,Jira,modify,3321,255.02,1604a480-d3b1-4c4e-9043-28247906737c,
e1dd3b86-2567-495a-a9c6-90776c68b22a,2025-10-08 02:26:36.000000,user47,SAP,download,695,1.61,1604a480-d3b1-4c4e-9043-28247906737c,
77475149-c3f3-45da-b562-dfbf97bb2bed,2025-10-08 02:40:49.000000,user7,Jira,download,1912,178.57,8e3fec7b-511e-49f9-9c01-003e5a39f878,
d7631e21-7c10-4d77-9f14-d974318d5b86,2025-10-08 02:44:32.000000,user3,SAP,upload,2360,375.06,c6c82d58-b296-4f5f-b050-b98450c4ac2f,
a3e5f16b-05d2-4944-ac34-38bb54e0002f,2025-10-08 02:51:58.000000,user23,Snowflake,modify,515,210.48,d81b4331-d84d-45a6-bb39-b410b27d82ab,
3bcde98e-0d09-4e85-8729-3795242eb3db,2025-10-08 03:22:31.000000,user23,Workday,view,1109,124.72,d81b4331-d84d-45a6-bb39-b410b27d82ab,
82f95f08-0695-480b-938d-8ddf20981faa,2025-10-08 03:50:42.000000,user17,Databricks,download,807,65.61,4026fa18-a07b-48fd-b27b-75ce7a9325b0,8fba1cc0-ed98-4402-bf99-afe91cc015ed
615c2070-5fe3-43e7-aec9-b36112be0158,2025-10-08 04:01:00.000000,user3,Databricks,view,1593,278.45,c6c82d58-b296-4f5f-b050-b98450c4ac2f,
23806e90-9eb4-4c8d-9188-5ad5b576cfaf,2025-10-08 04:13:32.000000,user36,GitHub,view,1697,127.48,1e19c484-1492-488c-9b67-ab46c57be98a,
a76bb8ad-faeb-40f4-aa30-97e40ac24074,2025-10-08 05:34:34.000000,user47,Salesforce,download,2523,471.36,1604a480-d3b1-4c4e-9043-28247906737c,
0b91950d-2dd1-4a58-91b1-c9374b9ef8b1,2025-10-08 05:50:26.000000,user15,Databricks,upload,2970,97.79,390ec63f-0f88-4f22-8882-79a93c83bc37,
2b828285-a33d-458c-bf8f-727b421611bb,2025-10-08 05:54:00.000000,user7,Salesforce,modify,570,384.18,8e3fec7b-511e-49f9-9c01-003e5a39f878,
a06fb3d0-645f-44fe-ad63-9a43464649de,2025-10-08 06:05:10.000000,user17,Jira,download,1633,489.87,4026fa18-a07b-48fd-b27b-75ce7a9325b0,53eb2470-ba66-4ff5-9bf3-a6036ab5abb3
359320d2-dfa8-404a-b986-ae03c1ca4320,2025-10-08 06:05:29.000000,user5,Databricks,view,2366,256.56,4b2c3f38-cf35-47f7-88f0-7f81154c342b,658bc845-297b-4b04-9018-4421a3ee93bd
a2707b78-12b8-4915-88e2-b13ec817cd81,2025-10-08 06:08:41.000000,user19,Workday,upload,3504,334.56,aca6fbdc-2b3a-4dd4-8b96-073208ea7d7d,
0f972d8f-8b2a-4a32-8c0f-b47e50a292a2,2025-10-08 06:19:01.000000,user15,GitHub,modify,2901,6.09,390ec63f-0f88-4f22-8882-79a93c83bc37,71ba483e-4317-420c-a13e-33f3a27365eb
c25df739-55b0-49c5-a2ab-116053a21a42,2025-10-08 06:30:16.000000,user15,Jira,upload,714,71.9,da360194-702e-4b48-8e6e-ed5608ce00db,71ba483e-4317-420c-a13e-33f3a27365eb
212cee63-2aa3-43b3-8023-d91dc20b990f,2025-10-08 06:48:12.000000,user7,Databricks,view,1732,341.64,8e3fec7b-511e-49f9-9c01-003e5a39f878,
9ff79ef6-7d94-4a24-a099-22ff42649a7a,2025-10-08 06:56:50.000000,user8,Databricks,view,1886,435.19,13a947ef-45dc-49b4-b977-0e72398f84d3,
d0683430-f2d4-4159-a3a7-d27bd5e51858,2025-10-08 07:03:46.000000,user17,Salesforce,upload,3219,381.77,4026fa18-a07b-48fd-b27b-75ce7a9325b0,7da284e1-50c0-4acb-a50e-f58b3cf62ddd
7dabd30e-ca3d-482e-8a34-678b6496ec03,2025-10-08 07:08:16.000000,user19,SAP,view,1523,266.28,aca6fbdc-2b3a-4dd4-8b96-073208ea7d7d,
3706290d-ffc5-416e-abff-cb59a07feddb,2025-10-08 07:29:09.000000,user19,Databricks,view,3343,345.07,aca6fbdc-2b3a-4dd4-8b96-073208ea7d7d,
deb13bb2-63ab-4b30-bf02-2973a1438d98,2025-10-08 07:29:26.000000,user4,SAP,view,2216,367.74,9b16a540-647c-4999-bff5-08d503d3d48a,e9acb8dc-11af-4ad8-94dc-1b6fd2bb69fd
21895904-c95f-42d8-912e-32861cc9e913,2025-10-08 07:30:28.000000,user15,Snowflake,upload,1333,79.05,a0a17186-f06d-4718-8c3b-a7bbc9a3e2ee,71ba483e-4317-420c-a13e-33f3a27365eb
96e002c5-d20c-4b80-a140-b08eaeadb9bf,2025-10-08 07:58:44.000000,user7,SAP,view,1953,149.97,8e3fec7b-511e-49f9-9c01-003e5a39f878,
59ca2210-f50d-47c2-89ea-505acf312afe,2025-10-08 08:06:04.000000,user8,Salesforce,view,1118,91.61,13a947ef-45dc-49b4-b977-0e72398f84d3,c6d66ac6-92de-4c90-8ec3-ed962205cfb2
03ce7f22-c805-46ed-9018-46067e2f8367,2025-10-08 08:08:32.000000,user23,GitHub,view,2569,194.16,d81b4331-d84d-45a6-bb39-b410b27d82ab,
f689436d-1225-4691-9b53-175a1ff03e39,2025-10-08 08:23:46.000000,user3,Databricks,upload,1199,185.6,97eabfad-23b4-4da0-adef-1c036059ff66,
e767c26d-8829-4c91-94a5-1611e4c34be4,2025-10-08 08:27:16.000000,user7,Workday,modify,2414,374.79,8e3fec7b-511e-49f9-9c01-003e5a39f878,
92125b34-dcc4-4e8e-8812-4bd932a381b9,2025-10-08 08:31:45.000000,user37,Snowflake,upload,631,128.61,f08c838b-b478-4cf7-94b4-4defcbed59f8,7cf88bf6-9aab-4ca7-83e1-f637c8ff2d9d
01fc1087-b02c-457d-8793-cf07af378c84,2025-10-08 08:37:58.000000,user3,Workday,upload,789,380.45,97eabfad-23b4-4da0-adef-1c036059ff66,
e986457f-7d6f-45a4-8676-3a762be10038,2025-10-08 08:46:27.000000,user4,SAP,upload,3391,355.9,9b16a540-647c-4999-bff5-08d503d3d48a,e9acb8dc-11af-4ad8-94dc-1b6fd2bb69fd
04876011-9359-40f1-8f36-bf91422ed166,2025-10-08 09:02:48.000000,user23,Jira,download,3114,438.63,d81b4331-d84d-45a6-bb39-b410b27d82ab,
76c9b838-f082-4c9b-9484-7d53d9216a59,2025-10-08 09:08:10.000000,user48,SAP,upload,1544,431.92,c6f4dc55-df3e-4c18-aecb-e95563045642,
1bfb35f2-e6b5-4302-be4b-812d48f7d6ec,2025-10-08 09:34:19.000000,user48,SAP,upload,2986,386.27,c6f4dc55-df3e-4c18-aecb-e95563045642,
88b87069-7c82-4c95-af51-08839a66e1bc,2025-10-08 09:42:06.000000,user8,GitHub,upload,1295,107.53,13a947ef-45dc-49b4-b977-0e72398f84d3,
fa121297-6169-4ce9-887d-222d3306cccb,2025-10-08 10:00:04.000000,user17,SAP,modify,2354,209.0,4026fa18-a07b-48fd-b27b-75ce7a9325b0,9812fce7-161c-40de-a265-28aedb30a13f
011a30e1-bc71-499a-a547-25f9635c5bb7,2025-10-08 10:08:32.000000,user3,GitHub,download,1613,465.67,97eabfad-23b4-4da0-adef-1c036059ff66,
576701e0-94a4-4e9e-ade2-9547e2cd54e6,2025-10-08 10:15:51.000000,user45,SAP,download,955,53.02,cf59ea92-6eca-427b-8d40-a6e1985ab810,99096180-c22e-4bf3-a56d-86a1caa4be78
629d70ca-d75c-4f79-acc7-ba78dcd461dc,2025-10-08 10:28:20.000000,user4,Salesforce,view,3060,311.76,9b16a540-647c-4999-bff5-08d503d3d48a,
66338dbd-d2b1-4e11-be90-e9295bd86599,2025-10-08 10:38:07.000000,user19,GitHub,modify,853,280.29,aca6fbdc-2b3a-4dd4-8b96-073208ea7d7d,
d46cdbb3-db10-40af-899a-943503775d1a,2025-10-08 10:43:06.000000,user3,Snowflake,upload,3465,468.49,97eabfad-23b4-4da0-adef-1c036059ff66,
5671f316-719d-4bd1-a158-efccc40e83e5,2025-10-08 11:13:49.000000,user48,Databricks,upload,1012,218.86,c6f4dc55-df3e-4c18-aecb-e95563045642,
0f9a7292-73fe-4436-bb4f-fb522c725df4,2025-10-08 11:15:25.000000,user3,Jira,view,1794,105.1,97eabfad-23b4-4da0-adef-1c036059ff66,
509666ce-5612-4752-b923-bb51f4233c78,2025-10-08 11:24:03.000000,user14,Databricks,download,3537,341.53,e538886a-a5f4-411f-a86a-4c936c9fc9e4,
fa63ad93-16f0-4967-bc4c-1797ee63cc5b,2025-10-08 12:10:29.000000,user37,Workday,upload,2711,277.85,f08c838b-b478-4cf7-94b4-4defcbed59f8,7cf88bf6-9aab-4ca7-83e1-f637c8ff2d9d
6e376bf1-bb68-4d53-9972-18e96ad66199,2025-10-08 12:13:26.000000,user21,GitHub,modify,2152,388.01,b38f089a-a833-4fea-b10f-3d49db9727c9,2264efba-5781-4db7-a183-b63bad14b142
54a4d973-35f8-426e-a578-8d980b59342e,2025-10-08 12:18:07.000000,user35,Snowflake,modify,1623,303.96,89b42aed-f14f-4efe-904b-cf3e25ce6074,d320074d-1f8d-4a8d-9be0-5d38efb2846e
40de9898-02ac-4b50-ab7f-ad11fe93845c,2025-10-08 12:31:43.000000,user48,SAP,upload,2075,166.08,c6f4dc55-df3e-4c18-aecb-e95563045642,
f92810e9-3a37-43b0-9ed2-76ea8be7647e,2025-10-08 12:39:44.000000,user14,Jira,view,668,198.82,e31bd5c9-cece-4986-aa40-2293f9eb9307,
a7191f4a-bf02-40c7-9c73-6a65d7ef8a15,2025-10-08 12:43:08.000000,user21,Snowflake,modify,2387,363.4,b38f089a-a833-4fea-b10f-3d49db9727c9,
70d36711-85d8-406c-9245-9d0732909fef,2025-10-08 12:45:58.000000,user19,Databricks,upload,1917,487.08,aca6fbdc-2b3a-4dd4-8b96-073208ea7d7d,
0598e05c-9f21-43eb-9249-61b95f4e89df,2025-10-08 13:01:27.000000,user9,Salesforce,modify,35,144.38,5886a299-72f0-4739-aba9-f1ea3e7755ea,
b81e14ba-4c81-4fb9-aab1-295de2fd2e6c,2025-10-08 13:01:59.000000,user41,Jira,download,1093,134.26,5c5398b0-714e-4d26-b013-d75210b98649,5b6055d0-54cf-4639-968f-2f01b7c56d3a
88524907-5ab8-418c-9601-8db272bb90d6,2025-10-08 13:04:45.000000,user8,Salesforce,download,1656,151.74,13a947ef-45dc-49b4-b977-0e72398f84d3,
d493221f-92e8-46fd-93f4-4895f6de2f3f,2025-10-08 13:13:20.000000,user41,Jira,modify,2662,482.47,5c5398b0-714e-4d26-b013-d75210b98649,5b6055d0-54cf-4639-968f-2f01b7c56d3a
53670911-6ffc-44de-b04a-3b85d7e62715,2025-10-08 13:19:34.000000,user8,GitHub,modify,1045,396.53,13a947ef-45dc-49b4-b977-0e72398f84d3,c6d66ac6-92de-4c90-8ec3-ed962205cfb2
6d133f55-518b-4b9e-aa42-263379ae0a75,2025-10-08 14:12:46.000000,user45,Snowflake,view,1142,199.01,e3739b21-6623-45ea-aaae-e2308b97d3bf,
db59a5a0-ca80-4bca-9c9f-7421444648a0,2025-10-08 14:17:50.000000,user19,Jira,view,486,140.05,1bfd51a7-d053-4710-858c-6ccd29c915f6,
3f2fe277-53cd-47f8-966c-96ed02f9b7f7,2025-10-08 14:28:14.000000,user41,Workday,upload,3069,410.36,5c5398b0-714e-4d26-b013-d75210b98649,5b6055d0-54cf-4639-968f-2f01b7c56d3a
14adc479-7b0e-4f5a-b9f9-253dc36a6a06,2025-10-08 14:30:29.000000,user32,Databricks,modify,691,459.9,bedd8ad2-1113-468f-bc44-2664c0620ab7,
13f1a08d-de41-46e4-9bed-c3d7a2d3450c,2025-10-08 14:38:35.000000,user19,Databricks,download,1669,341.3,1bfd51a7-d053-4710-858c-6ccd29c915f6,
46e15545-7b05-4735-98b0-d60f181cc2be,2025-10-08 14:48:07.000000,user39,GitHub,download,264,189.14,ee2f5f3b-4a21-4841-b7f6-ffa02248c747,
3b771a0c-fddb-45c3-a1a7-31239518fad3,2025-10-08 14:49:16.000000,user26,Snowflake,modify,3203,193.3,9bca5c66-ed79-4aed-929d-1e7c65b293a4,
f9ce414b-80f6-4276-98bf-927d5080bed6,2025-10-08 15:32:07.000000,user14,Workday,modify,2316,339.21,e31bd5c9-cece-4986-aa40-2293f9eb9307,
0955e8be-628d-4ce2-bef0-b696003361a0,2025-10-08 15:41:10.000000,user32,SAP,modify,2968,408.03,bedd8ad2-1113-468f-bc44-2664c0620ab7,
6cefb59e-189f-4f51-8bd9-0c2b5d7d1d9e,2025-10-08 15:42:31.000000,user35,Snowflake,download,1656,46.73,89b42aed-f14f-4efe-904b-cf3e25ce6074,d320074d-1f8d-4a8d-9be0-5d38efb2846e
17afc906-7724-4c34-b68d-6d804704cde5,2025-10-08 15:48:39.000000,user45,SAP,download,3570,399.57,e3739b21-6623-45ea-aaae-e2308b97d3bf,
0848f727-43c5-436f-bc7b-5dd423416515,2025-10-08 15:52:24.000000,user14,GitHub,upload,2688,260.05,e538886a-a5f4-411f-a86a-4c936c9fc9e4,
478bf97c-e3af-40b1-be23-cdb0a4de9f2c,2025-10-08 16:13:37.000000,user46,Snowflake,modify,3155,199.6,53b9c435-d04d-472a-ba07-134553ea9db2,
84a0578f-7209-441c-96c1-0fb7d5ae74c5,2025-10-08 16:28:32.000000,user45,Workday,view,2705,281.28,e3739b21-6623-45ea-aaae-e2308b97d3bf,ae4ce739-9812-4946-bf46-e05f0a5a95f5
a0c89c12-8ba3-46b8-8a86-14d7c5b54797,2025-10-08 16:35:15.000000,user3,SAP,view,1538,44.15,7c49fa10-546f-4927-8117-e13291a1e13e,
ac083aae-b1a7-405d-86cf-40a411e6737f,2025-10-08 16:51:35.000000,user42,Workday,upload,3369,77.1,79de07e2-0551-4bfc-87db-6f5c3628343f,
527fc528-2b12-46a9-b29d-34b2b2c4232e,2025-10-08 16:52:33.000000,user15,Databricks,modify,3109,358.51,7b0ccea4-53c1-4c4a-aecf-a786a9941fc6,71ba483e-4317-420c-a13e-33f3a27365eb
608ce704-6762-48af-94ae-b3a16d562a50,2025-10-08 16:53:27.000000,user32,Jira,upload,566,73.43,bedd8ad2-1113-468f-bc44-2664c0620ab7,
7c777907-1ab7-4489-8cac-9e862c188b24,2025-10-08 17:07:07.000000,user9,Workday,download,959,349.96,5886a299-72f0-4739-aba9-f1ea3e7755ea,
63fbffee-71d1-4933-8aca-c172d3834edd,2025-10-08 17:09:46.000000,user32,Snowflake,upload,1069,498.57,bedd8ad2-1113-468f-bc44-2664c0620ab7,
834d7e44-c2e4-4604-96c0-0b227645fe10,2025-10-08 17:18:23.000000,user15,Jira,modify,2760,8.44,7b0ccea4-53c1-4c4a-aecf-a786a9941fc6,71ba483e-4317-420c-a13e-33f3a27365eb
eb46716c-4d1a-469d-8b61-65e3d3586dfc,2025-10-08 17:37:31.000000,user14,GitHub,modify,1339,232.09,e538886a-a5f4-411f-a86a-4c936c9fc9e4,
2a9eda1c-5a1f-4aa4-bbc3-70b5ae3e23d0,2025-10-08 18:03:53.000000,user14,SAP,view,3548,247.0,e31bd5c9-cece-4986-aa40-2293f9eb9307,
be32b6df-549d-4615-bfdb-d492f93a79d7,2025-10-08 18:08:51.000000,user35,Workday,upload,953,65.47,89b42aed-f14f-4efe-904b-cf3e25ce6074,d320074d-1f8d-4a8d-9be0-5d38efb2846e
cb5169e6-0a49-409f-a35b-fefe6919322d,2025-10-08 18:20:35.000000,user46,Snowflake,download,703,454.31,53b9c435-d04d-472a-ba07-134553ea9db2,
56b865c1-75bd-43e1-b2e9-566e28acd48c,2025-10-08 18:21:01.000000,user26,SAP,download,968,285.88,9bca5c66-ed79-4aed-929d-1e7c65b293a4,d593038b-c884-4eb3-9ba7-b886d14d7c2e
60c713f4-6c07-45a1-8781-d92475db588b,2025-10-08 18:25:51.000000,user9,Databricks,upload,2550,176.77,5886a299-72f0-4739-aba9-f1ea3e7755ea,
3ec2d65f-a72e-49e8-bb29-2d2b4c39e13a,2025-10-08 18:41:32.000000,user14,Snowflake,download,138,302.5,e538886a-a5f4-411f-a86a-4c936c9fc9e4,
907621fe-9ccf-4c73-8d4f-03d718f8e300,2025-10-08 19:01:41.000000,user35,Workday,modify,3428,426.92,89b42aed-f14f-4efe-904b-cf3e25ce6074,
172b43ef-055e-436e-a754-afa693563be8,2025-10-08 19:07:12.000000,user9,Databricks,modify,637,85.32,5886a299-72f0-4739-aba9-f1ea3e7755ea,
cf98986f-2783-41e8-bf32-51826f76f8fd,2025-10-08 19:14:54.000000,user49,Jira,download,2011,116.43,559c88ad-7a3f-4308-b5e4-f5489b8b235a,
2e1c36d7-4dbc-4be8-980a-2fe9db1ac73c,2025-10-08 19:20:07.000000,user3,GitHub,upload,2359,37.29,7c49fa10-546f-4927-8117-e13291a1e13e,
7bc587f0-5bc7-45a5-b2ae-9c28f8e8c9cd,2025-10-08 19:32:09.000000,user14,Jira,upload,2217,429.91,e31bd5c9-cece-4986-aa40-2293f9eb9307,
c1a8f928-5a95-4cb1-ba77-9f4e664becfe,2025-10-08 19:56:31.000000,user40,GitHub,upload,2893,111.07,e697ad73-5e87-404f-a15a-d7023247b89f,
546ed2a2-b91f-42ba-bc30-c88794fda54a,2025-10-08 20:24:16.000000,user19,GitHub,view,3202,175.2,af23459c-ae40-49b8-8fd2-eec77456a218,
1feb5d14-a128-46b6-bc23-3f049796792a,2025-10-08 20:34:45.000000,user15,Snowflake,download,3320,1.26,7b0ccea4-53c1-4c4a-aecf-a786a9941fc6,71ba483e-4317-420c-a13e-33f3a27365eb
e34ca5cb-8637-4758-ac05-d58803b719bf,2025-10-08 20:38:58.000000,user39,GitHub,modify,1552,328.39,ee2f5f3b-4a21-4841-b7f6-ffa02248c747,
abf5eaaf-48b9-46fb-ae27-1ebae935a922,2025-10-08 20:49:26.000000,user45,Workday,modify,55,243.3,e3739b21-6623-45ea-aaae-e2308b97d3bf,99096180-c22e-4bf3-a56d-86a1caa4be78
f07bfe11-8aff-4db6-97ae-109ef3b4508a,2025-10-08 20:49:48.000000,user49,Snowflake,download,1419,348.03,559c88ad-7a3f-4308-b5e4-f5489b8b235a,
842044a8-442c-4a98-9e85-b2113c5b42ce,2025-10-08 20:58:48.000000,user3,Snowflake,upload,3022,139.15,7c49fa10-546f-4927-8117-e13291a1e13e,
b9704e12-431d-4d18-ad8f-69f398249bc4,2025-10-08 21:33:30.000000,user3,Snowflake,upload,1381,214.7,7c49fa10-546f-4927-8117-e13291a1e13e,
f468351a-2aa6-4dd9-923e-02e9b01b7c36,2025-10-08 21:37:11.000000,user26,GitHub,download,2555,94.05,0de4bfeb-d03a-4d8b-bf64-f08b517f5550,d593038b-c884-4eb3-9ba7-b886d14d7c2e
8b2cf3d5-5fe2-4e1c-894c-687c7067a273,2025-10-08 21:42:17.000000,user15,Jira,view,2349,477.49,7b0ccea4-53c1-4c4a-aecf-a786a9941fc6,ed51d483-4921-415b-a0da-e0550109e071
3507f21e-4d0b-47bb-a3bf-7e46f63981cb,2025-10-08 21:43:37.000000,user15,Jira,view,586,364.75,7b0ccea4-53c1-4c4a-aecf-a786a9941fc6,
0bcce2c4-4834-402d-a729-eab64ba1253e,2025-10-08 21:46:14.000000,user44,GitHub,view,691,264.98,ea4d7ddf-13cd-4908-8b67-28ddf34a33dc,
1a73ca5a-d66a-4554-b11c-6f40aa4df45c,2025-10-08 22:03:15.000000,user8,Jira,modify,2450,161.2,5122b1ec-75a1-486d-8f11-a30485e3b5ee,c6d66ac6-92de-4c90-8ec3-ed962205cfb2
38bafe01-d60e-42bf-a711-8ec127cb358f,2025-10-08 22:06:49.000000,user49,Jira,download,1473,119.38,559c88ad-7a3f-4308-b5e4-f5489b8b235a,
7e80e457-21db-4386-8a5c-9fc057578d72,2025-10-08 22:24:41.000000,user44,Salesforce,upload,2178,310.76,ea4d7ddf-13cd-4908-8b67-28ddf34a33dc,
08bb4317-41ff-46e5-8ea0-e7929a5a3744,2025-10-08 22:32:58.000000,user40,Snowflake,download,3373,101.45,e697ad73-5e87-404f-a15a-d7023247b89f,
d1802b89-dd55-4c99-8412-d113e2cc1c43,2025-10-08 22:53:44.000000,user40,Snowflake,upload,3543,165.98,e697ad73-5e87-404f-a15a-d7023247b89f,
79c9d374-0334-45a6-a1d9-e44d06597b48,2025-10-08 23:40:16.000000,user19,Snowflake,view,604,211.01,af23459c-ae40-49b8-8fd2-eec77456a218,
35dc91db-c2c1-42d4-ac9a-0bf78b9ee7f0,2025-10-08 23:43:32.000000,user44,Snowflake,upload,2461,233.51,ea4d7ddf-13cd-4908-8b67-28ddf34a33dc,
931d1c2b-7a42-4b44-91d3-2829e4626e1e,2025-10-09 00:15:02.000000,user40,Salesforce,download,2459,225.62,e697ad73-5e87-404f-a15a-d7023247b89f,
37613981-a2be-4ed8-876a-71520ab969f1,2025-10-09 00:24:41.000000,user19,GitHub,upload,2261,333.03,af23459c-ae40-49b8-8fd2-eec77456a218,
58f4f86c-888d-4667-8915-058e7ebc739d,2025-10-09 00:32:54.000000,user49,Workday,modify,570,219.49,559c88ad-7a3f-4308-b5e4-f5489b8b235a,
b9b8225c-dc2c-4e60-898c-8147ae66d8c8,2025-10-09 00:38:08.000000,user2,Databricks,view,2498,46.76,996a702b-d5e0-44aa-927f-e58e588d1c68,c7eb3396-3b92-48f5-a887-07c4ee0ae05f
58a76500-280a-4c50-b10b-4ed7689af156,2025-10-09 01:06:01.000000,user19,Databricks,view,622,23.79,af23459c-ae40-49b8-8fd2-eec77456a218,
11485a52-ca39-4503-8d77-3683e8f7fa18,2025-10-09 01:30:15.000000,user26,SAP,upload,592,285.09,0de4bfeb-d03a-4d8b-bf64-f08b517f5550,043a7bd6-8544-453b-a3d9-ea0e83ed065a
3501812d-b178-4e88-a3be-79e42c02ffb6,2025-10-09 01:37:56.000000,user9,Workday,download,558,31.54,79f109dc-65ba-42fb-a389-5fcf41f593ae,
9542c30c-aa09-4b86-925f-fd85931d4e0a,2025-10-09 01:54:03.000000,user2,Databricks,view,2129,336.38,996a702b-d5e0-44aa-927f-e58e588d1c68,c7eb3396-3b92-48f5-a887-07c4ee0ae05f
3fab582f-6868-4989-9453-c9f67985ed71,2025-10-09 01:54:34.000000,user44,Databricks,download,1257,118.15,ea4d7ddf-13cd-4908-8b67-28ddf34a33dc,
a8b7f05b-4a67-4ace-a7d8-6082fa0b2bd0,2025-10-09 02:16:00.000000,user9,Jira,view,1991,164.08,79f109dc-65ba-42fb-a389-5fcf41f593ae,
33e17dce-8f7b-43b3-8cae-3f2a4a8f3464,2025-10-09 02:29:05.000000,user46,Databricks,upload,1383,377.11,7e640fd5-0d53-47bf-a479-afbdca04339b,
961e0be6-2a97-44b9-8c9a-7f6914589fa4,2025-10-09 02:34:47.000000,user16,Databricks,upload,1709,132.63,bb7f4d8b-2c79-4030-a637-6a4515a6db1d,6616041d-beb3-4ba3-b1ab-8ae47fc271e7
071f768a-be89-4fef-ba2d-8f396b218315,2025-10-09 02:37:01.000000,user6,Snowflake,modify,3219,58.28,75f71412-1f9f-46ee-91b5-9c4ed05c6170,29e73c4d-2921-4a3e-b7a3-b8ab3b14a5a0
d016ceb7-c3b8-4101-8b12-745c082dfbaf,2025-10-09 02:39:11.000000,user19,GitHub,download,3304,460.91,af23459c-ae40-49b8-8fd2-eec77456a218,
c07c612d-0d57-4331-bc82-edeb95b5d8e9,2025-10-09 04:12:35.000000,user46,Workday,modify,3445,353.14,7e640fd5-0d53-47bf-a479-afbdca04339b,
dbfd9e1c-c564-4be7-bf30-64d5361cb66f,2025-10-09 04:26:47.000000,user9,Jira,modify,3549,389.1,79f109dc-65ba-42fb-a389-5fcf41f593ae,
64c49bfc-beda-4ae9-adbb-6de0baf7bf03,2025-10-09 04:31:46.000000,user8,Snowflake,modify,965,268.74,03cc4d2c-12c7-4ccb-9d1c-cdbb5f5ce7cb,7f87cd67-a4cc-4db4-b723-7735af8ec4b1
2cfc34e4-3f1e-43b1-9fc6-52a855825abc,2025-10-09 04:33:15.000000,user40,GitHub,upload,2351,216.99,9c9b6ac5-e887-4399-af06-4d7264c7b8d3,
8fccce88-151e-4fdd-aa4f-7b846d015509,2025-10-09 04:45:27.000000,user33,Databricks,view,106,151.33,87dea726-593c-4cdc-8a52-2fe24bcf9c72,
532f5e86-d896-4912-b738-84e54331c6a5,2025-10-09 04:51:20.000000,user16,Workday,modify,628,113.04,bb7f4d8b-2c79-4030-a637-6a4515a6db1d,
53ba83f6-f799-4ef9-9848-a154a1c04019,2025-10-09 05:23:21.000000,user8,GitHub,download,1618,111.42,a99d522b-7fa6-44df-9f97-d51d9613a511,c6d66ac6-92de-4c90-8ec3-ed962205cfb2
880f3ecc-2655-4822-9caf-3acf0cf860da,2025-10-09 05:28:11.000000,user16,Databricks,download,2993,467.65,bb7f4d8b-2c79-4030-a637-6a4515a6db1d,6616041d-beb3-4ba3-b1ab-8ae47fc271e7
150cc592-d420-445a-80bd-88602572c122,2025-10-09 05:28:11.000000,user8,Jira,view,656,443.17,03cc4d2c-12c7-4ccb-9d1c-cdbb5f5ce7cb,7f87cd67-a4cc-4db4-b723-7735af8ec4b1
c0f78ea0-1d80-4bd1-a4e2-cfc5deb98aac,2025-10-09 05:41:03.000000,user8,SAP,download,39,278.13,a99d522b-7fa6-44df-9f97-d51d9613a511,c6d66ac6-92de-4c90-8ec3-ed962205cfb2
42166b11-71f4-4fa7-9ccb-6cd3e937f704,2025-10-09 05:50:25.000000,user6,Databricks,modify,2350,28.25,75f71412-1f9f-46ee-91b5-9c4ed05c6170,
3c968231-d47a-4549-84d0-4388719faafe,2025-10-09 05:52:02.000000,user46,GitHub,view,1650,285.12,7e640fd5-0d53-47bf-a479-afbdca04339b,
7fc8f0cb-1e76-4dac-9038-11096cec3a9e,2025-10-09 06:01:53.000000,user1,Workday,upload,1759,196.03,d3399b5e-1ff8-4fbc-8924-b4ef5118c799,
e47b782c-5031-4c0c-a88e-23c2343722d7,2025-10-09 06:22:02.000000,user46,GitHub,download,1458,461.38,7e640fd5-0d53-47bf-a479-afbdca04339b,
248980f5-7570-420c-ae22-c87f4677bb61,2025-10-09 06:40:41.000000,user46,GitHub,modify,1289,354.81,7e640fd5-0d53-47bf-a479-afbdca04339b,
cdcd7558-6071-4846-9b66-7c5476a744af,2025-10-09 06:46:43.000000,user9,SAP,upload,438,125.34,79f109dc-65ba-42fb-a389-5fcf41f593ae,
0506f591-a3e7-4278-9ce4-58195bdbe048,2025-10-09 07:15:12.000000,user1,GitHub,modify,844,101.32,d3399b5e-1ff8-4fbc-8924-b4ef5118c799,
a11601b2-fccf-49ae-b7a4-64db9d2470de,2025-10-09 07:36:26.000000,user8,Databricks,upload,781,96.06,a99d522b-7fa6-44df-9f97-d51d9613a511,a3b477cd-e51a-4ab7-b263-c5e202647f6d
7141406c-3454-4fa7-a445-ca4c653e37f9,2025-10-09 07:42:38.000000,user32,Jira,download,307,367.3,4c7e32d1-ce86-4388-abff-4439f2a85566,d499216e-6b34-4b22-8d23-01502be31083
489a8566-f4cb-42a7-bb7e-a80f72e7831e,2025-10-09 08:26:27.000000,user9,Databricks,upload,2611,355.17,79f109dc-65ba-42fb-a389-5fcf41f593ae,
45bde8a0-5179-423e-8b75-cac136561635,2025-10-09 08:43:06.000000,user32,Databricks,modify,70,115.63,4c7e32d1-ce86-4388-abff-4439f2a85566,d499216e-6b34-4b22-8d23-01502be31083
70ad0a08-7c15-436d-bf5d-7e2e71d88671,2025-10-09 08:46:44.000000,user8,Snowflake,modify,828,155.7,a99d522b-7fa6-44df-9f97-d51d9613a511,
2aecb3ef-4c8d-4d3e-9684-acad8a77012b,2025-10-09 09:02:50.000000,user6,GitHub,download,3570,178.76,75f71412-1f9f-46ee-91b5-9c4ed05c6170,
2c758ce0-a3f3-46da-a885-d8c54a138698,2025-10-09 09:03:59.000000,user8,Workday,view,402,227.66,1abd3dd1-ae99-44a6-9f8d-499bdd014ef9,
c846df8b-8f8d-4e53-b8db-7b2ad336fa92,2025-10-09 09:07:41.000000,user33,Salesforce,download,2096,370.98,87dea726-593c-4cdc-8a52-2fe24bcf9c72,
360a4ae8-fef7-47a2-b557-42f276ace309,2025-10-09 09:13:58.000000,user33,Jira,view,163,276.53,87dea726-593c-4cdc-8a52-2fe24bcf9c72,
f1daacbb-1a9d-4b40-bccc-ddcec48dd656,2025-10-09 09:46:59.000000,user33,SAP,upload,3372,244.33,1d2631d0-48f9-489d-8ce5-a9864866191d,
a5f7870b-51d4-48e0-9180-fbeaa6d55b45,2025-10-09 10:00:41.000000,user8,Salesforce,modify,311,131.28,a99d522b-7fa6-44df-9f97-d51d9613a511,c6d66ac6-92de-4c90-8ec3-ed962205cfb2
335f5054-c298-4074-ac72-a0ff515a0780,2025-10-09 10:04:24.000000,user8,Jira,upload,293,233.44,03cc4d2c-12c7-4ccb-9d1c-cdbb5f5ce7cb,7f87cd67-a4cc-4db4-b723-7735af8ec4b1
516208af-66e2-4b57-ab54-c252700de7c1,2025-10-09 10:20:25.000000,user1,Salesforce,modify,68,69.01,d3399b5e-1ff8-4fbc-8924-b4ef5118c799,
924a8179-5aa6-4a9a-8217-8567ea6210be,2025-10-09 10:52:11.000000,user41,Salesforce,upload,3105,407.1,52a58d91-0ad0-4214-b127-c3659629dcbb,5b6055d0-54cf-4639-968f-2f01b7c56d3a
18933b2f-42ba-4d85-a64d-e2e50b31d191,2025-10-09 10:54:43.000000,user8,Workday,modify,221,64.4,1abd3dd1-ae99-44a6-9f8d-499bdd014ef9,
3d3bccb6-19d8-4611-9027-994ba056ae1d,2025-10-09 11:53:02.000000,user15,Workday,download,1525,466.47,ec2b2071-c1a7-4dad-94f3-12151cbd331f,
c0ff79f5-a030-4ad1-a891-00a28e228d92,2025-10-09 13:08:43.000000,user30,Salesforce,upload,1608,197.71,7ec6180e-1bab-4710-8641-e076167d8312,
e4d5417a-4a38-4f52-ba0e-97fb21cf4b93,2025-10-09 13:44:38.000000,user30,GitHub,view,1612,180.52,7ec6180e-1bab-4710-8641-e076167d8312,8d6d0b8b-cb73-4338-987c-ae2958e30fdd
f360f62b-0bb5-4aba-bcd9-8aa94889f9a3,2025-10-09 15:01:12.000000,user33,GitHub,upload,892,28.97,1d2631d0-48f9-489d-8ce5-a9864866191d,
9b0ffdbd-0404-4ecd-8ac0-a687b10a541d,2025-10-09 15:57:10.000000,user41,GitHub,view,1559,30.19,9a89fc6b-4d8e-4832-9612-87d4abda7bf3,
79ac7c2b-c637-4e99-bb6c-971e15fa4d46,2025-10-09 16:07:49.000000,user11,Snowflake,view,2204,229.49,645a3d6d-89fb-4d49-8ab9-e1aa6ad3ec57,
0adcd15d-05f6-40d0-b619-4c18b4f07868,2025-10-09 16:30:06.000000,user41,SAP,download,3018,388.32,9a89fc6b-4d8e-4832-9612-87d4abda7bf3,5b6055d0-54cf-4639-968f-2f01b7c56d3a
ea6ae36d-b925-41b4-a65e-8b7085814ac0,2025-10-09 17:23:02.000000,user30,Snowflake,modify,667,159.01,7ec6180e-1bab-4710-8641-e076167d8312,
6c8e271b-2c7a-4e37-8f06-d125f5d64351,2025-10-09 17:30:42.000000,user11,Salesforce,modify,1043,243.25,645a3d6d-89fb-4d49-8ab9-e1aa6ad3ec57,
58a7b702-f5f2-4312-9e62-31afd573053e,2025-10-09 17:42:36.000000,user30,Databricks,download,2606,75.02,7ec6180e-1bab-4710-8641-e076167d8312,8d6d0b8b-cb73-4338-987c-ae2958e30fdd
aa1ca74f-faf5-4658-88eb-199d10c86bdb,2025-10-09 19:22:42.000000,user30,Workday,download,1223,347.1,92e142a1-9ccb-42bd-9d6d-b33625b3ee80,
1c93d6e4-8f01-436d-85c7-da32fcc28330,2025-10-09 19:37:16.000000,user11,SAP,upload,2849,276.85,645a3d6d-89fb-4d49-8ab9-e1aa6ad3ec57,
3f7bb2ad-4bda-4f10-9f9a-bf765baa299c,2025-10-09 20:01:08.000000,user5,SAP,download,1345,412.6,04d82733-7f86-444a-a055-20c6fa85acea,
bbda7e0b-a825-4e21-bfec-0a24eae1b0ed,2025-10-09 20:39:22.000000,user11,Salesforce,view,3283,93.97,645a3d6d-89fb-4d49-8ab9-e1aa6ad3ec57,
4841ee46-a317-4b06-83c7-b1618eeae2df,2025-10-09 20:45:36.000000,user3,Jira,upload,1053,110.94,c56cc553-5777-4f7e-a3e2-491bc8d3fa96,
3362db9e-27aa-4823-8ebb-78c664fa2929,2025-10-09 21:00:50.000000,user49,Jira,upload,2836,405.64,41015996-0b4c-4e96-8433-3cf72d3a99ca,
f8e28413-d074-4637-bfdf-c07eec163c0d,2025-10-09 22:17:44.000000,user11,Salesforce,view,2772,458.25,645a3d6d-89fb-4d49-8ab9-e1aa6ad3ec57,
28fab2f9-b772-4ff0-9a19-1d53b0ef657a,2025-10-09 23:14:46.000000,user46,Workday,view,2053,51.91,029d691e-f00b-4b9b-8efe-d1f7ee54b1ef,
7084efe6-1fad-4598-baa2-0f6f8ab2f496,2025-10-09 23:14:48.000000,user46,Snowflake,upload,2874,178.12,029d691e-f00b-4b9b-8efe-d1f7ee54b1ef,
567aaff8-0786-467a-aff0-e6f3a026d71c,2025-10-09 23:36:09.000000,user3,Snowflake,upload,3540,145.34,c56cc553-5777-4f7e-a3e2-491bc8d3fa96,
b1b6ac86-f903-45c7-8b45-0d5340b032d5,2025-10-09 23:36:32.000000,user49,Salesforce,modify,101,209.76,5cb2ef7e-c68f-4e8c-b850-cd7f9223ab7b,
a0bf2ce0-8ab4-4d52-832b-1f1f617f0872,2025-10-09 23:44:12.000000,user1,Workday,download,924,21.98,2ff50b01-b8e0-4477-9fca-eedebdac1f65,
e86fae53-c4f3-4126-984a-586170d469a7,2025-10-09 23:49:28.000000,user29,Jira,view,3324,83.94,76935f50-f5f7-4595-bb5d-db336d140035,
e1eeef6e-a292-4708-8cf5-c3bd8ca9f37c,2025-10-09 23:50:10.000000,user49,Jira,download,1336,397.6,5cb2ef7e-c68f-4e8c-b850-cd7f9223ab7b,
db45e52d-a559-484e-848d-d749ecb74bb9,2025-10-09 23:59:43.000000,user29,Workday,upload,806,394.22,76935f50-f5f7-4595-bb5d-db336d140035,
7a661f6e-111f-44c6-9d8f-cdcd96dacc08,2025-10-10 00:09:54.000000,user9,GitHub,view,2677,334.74,b233b708-253b-4c40-8842-39b4b3d3cfb3,
f03fb861-0051-41bb-947f-a0c02bf1f6d5,2025-10-10 01:21:57.000000,user49,Jira,modify,829,370.28,41015996-0b4c-4e96-8433-3cf72d3a99ca,
09b8fbbf-2ea3-487d-aaf2-7a46e8d64d8e,2025-10-10 01:34:25.000000,user5,Snowflake,modify,3233,39.06,71c78ac3-a8e2-4e6e-b45d-97f578385612,
7d7be7cc-8816-4283-9da7-2676c3b51169,2025-10-10 02:16:00.000000,user1,Databricks,modify,143,327.41,2ff50b01-b8e0-4477-9fca-eedebdac1f65,
3230a129-6fed-4895-8ab0-c18d450204cb,2025-10-10 02:33:53.000000,user9,Databricks,view,943,327.7,b233b708-253b-4c40-8842-39b4b3d3cfb3,
325fe4d3-a1dd-445f-97c6-14a2c21f4c2a,2025-10-10 02:40:29.000000,user49,SAP,modify,1657,214.14,5cb2ef7e-c68f-4e8c-b850-cd7f9223ab7b,
77bbcd99-6253-427e-92d7-046e4091302c,2025-10-10 02:59:54.000000,user46,Databricks,modify,1217,147.92,22471189-3b6a-46a9-b2a3-da45b03daf03,
f7aaf897-5f48-4e29-8c06-00f613866e6f,2025-10-10 03:30:20.000000,user9,Salesforce,download,1841,319.5,494ad687-c135-4c42-864e-edafe0ab9f41,
92723924-832c-4571-b3b6-d1f2845c0f4c,2025-10-10 04:08:28.000000,user49,Salesforce,upload,1726,117.35,5cb2ef7e-c68f-4e8c-b850-cd7f9223ab7b,
e68b8d57-e690-4300-9598-9b0057f19d81,2025-10-10 04:18:01.000000,user1,Databricks,modify,2456,143.63,2ff50b01-b8e0-4477-9fca-eedebdac1f65,
39e08606-1aad-4d82-b87f-d4ff1fd53204,2025-10-10 04:24:08.000000,user29,Salesforce,download,2113,300.01,76935f50-f5f7-4595-bb5d-db336d140035,
f23caa0f-17d1-4cd5-a9dc-ab1e0d3abe08,2025-10-10 04:28:14.000000,user1,Workday,download,982,218.51,2ff50b01-b8e0-4477-9fca-eedebdac1f65,
3738b055-b56e-4543-b748-be6484c512ea,2025-10-10 04:38:42.000000,user29,SAP,download,3167,254.24,76935f50-f5f7-4595-bb5d-db336d140035,
49ee2517-b822-4759-a407-5867f51fcd13,2025-10-10 04:45:37.000000,user38,Snowflake,view,1194,82.38,a63a4ba4-f13d-47d7-b735-075d0db65ae1,20ee417d-cf99-459b-ada3-38197c0660c8
4609e7dc-db1f-4e7f-8ae1-b2d73e0a04c6,2025-10-10 04:56:23.000000,user8,SAP,modify,293,409.64,b64857a4-b90f-4760-be8a-2a8905d66339,a3b477cd-e51a-4ab7-b263-c5e202647f6d
51c0eb99-7823-495b-9393-0e20ccca1c04,2025-10-10 05:31:09.000000,user35,Jira,upload,64,52.89,94280eeb-447b-4b39-9a4b-45151f0472d8,d320074d-1f8d-4a8d-9be0-5d38efb2846e
29da61b0-9c95-491e-8bea-c733ff0622e0,2025-10-10 05:33:25.000000,user9,Databricks,download,735,413.51,b233b708-253b-4c40-8842-39b4b3d3cfb3,
dee975b9-ee68-440d-9231-071da8b6ccb0,2025-10-10 06:03:06.000000,user9,Workday,modify,205,216.3,b233b708-253b-4c40-8842-39b4b3d3cfb3,
09897773-1eb8-4acc-969f-75a83687658a,2025-10-10 06:12:37.000000,user35,SAP,upload,2234,77.67,94280eeb-447b-4b39-9a4b-45151f0472d8,d320074d-1f8d-4a8d-9be0-5d38efb2846e
bc4d7dad-409a-4b07-b723-6060d2b37e39,2025-10-10 06:15:42.000000,user9,GitHub,upload,3208,368.64,494ad687-c135-4c42-864e-edafe0ab9f41,
886b45cc-eb9b-4ace-8aab-1c56e3d9aaf8,2025-10-10 06:51:39.000000,user35,GitHub,view,1625,155.34,94280eeb-447b-4b39-9a4b-45151f0472d8,d320074d-1f8d-4a8d-9be0-5d38efb2846e
5100953f-fb8a-4fe7-b14a-cca896360933,2025-10-10 08:31:02.000000,user38,Databricks,upload,2727,90.97,a63a4ba4-f13d-47d7-b735-075d0db65ae1,b9bfb837-92c4-48d5-8711-ee04b399e0f8
ae67dfc5-b8a5-47f4-86e7-b67314a53071,2025-10-10 08:39:05.000000,user38,Workday,modify,763,38.48,a63a4ba4-f13d-47d7-b735-075d0db65ae1,20c02a7b-356e-45af-8e98-9c8f5131fba2
e8a0a267-12b2-41b1-a5f9-0b089abae51e,2025-10-10 08:42:57.000000,user9,Workday,view,204,397.51,494ad687-c135-4c42-864e-edafe0ab9f41,
6b15b57e-c8bc-4603-a82e-4e69039fc6b9,2025-10-10 08:53:59.000000,user38,SAP,upload,3204,372.93,a63a4ba4-f13d-47d7-b735-075d0db65ae1,20c02a7b-356e-45af-8e98-9c8f5131fba2
1ca91bf9-7035-4a77-9a9e-adf3b18005f1,2025-10-10 08:57:32.000000,user4,GitHub,download,2123,458.6,05773ec7-8254-409a-acae-9c73ac636a35,e9acb8dc-11af-4ad8-94dc-1b6fd2bb69fd
38e04d45-fbc9-4079-b6b1-40b07a8793f5,2025-10-10 09:17:26.000000,user4,SAP,view,398,236.06,05773ec7-8254-409a-acae-9c73ac636a35,
2861da58-45ff-4dae-a35c-b1455fb006d8,2025-10-10 09:42:55.000000,user4,Salesforce,upload,2386,345.64,05773ec7-8254-409a-acae-9c73ac636a35,7f4bd8f8-adf3-4efa-97ff-77c5dbf502c8
7bca14a0-fcd7-4234-a266-49fb8dac6818,2025-10-10 11:11:49.000000,user44,SAP,modify,484,367.94,11ab52b6-fb17-4f7b-bd14-1643de0d84ce,
82dacc96-3816-40b4-ab78-cd51d9934ac9,2025-10-10 11:25:26.000000,user35,SAP,modify,2238,168.99,070fd82b-a565-4b5a-8a3f-83b9ade411cf,
8264c1b0-7a81-4b76-8683-d9df3f7b5940,2025-10-10 12:41:10.000000,user36,GitHub,modify,2198,449.67,97c30da8-4d43-4eee-9509-ada46472bf45,
c4c5131b-06ad-4f54-b23a-09632a70916b,2025-10-10 13:19:04.000000,user36,Snowflake,view,1347,316.27,97c30da8-4d43-4eee-9509-ada46472bf45,
72b10535-7a90-4d9e-abfd-61e7fab61fe9,2025-10-10 13:30:29.000000,user41,Snowflake,modify,2922,2.06,453c6eb0-0492-4f44-89f1-168f1f0a533d,5b6055d0-54cf-4639-968f-2f01b7c56d3a
08ca4ee9-1483-4bb5-932e-3d645ca314a1,2025-10-10 14:09:53.000000,user19,GitHub,view,33,486.6,25044c3d-0549-4510-b17a-746b03b022e9,
5f268979-e7d5-4bba-8987-5603fb7bcb5b,2025-10-10 14:34:24.000000,user36,Databricks,download,3127,218.64,97c30da8-4d43-4eee-9509-ada46472bf45,
b89c3e3a-8b3b-4392-839b-1f9936448847,2025-10-10 14:36:26.000000,user45,Snowflake,download,1128,314.07,bb99472e-e9f5-45fb-91f1-7b741c46cee0,a137b113-2e9b-47f1-ae6a-972a79be58b8
ed695320-21aa-414b-87e1-58e4912eee51,2025-10-10 14:39:50.000000,user45,Jira,download,2447,494.24,bb99472e-e9f5-45fb-91f1-7b741c46cee0,
7fa6f192-8915-400b-b08f-9ff352ddd4e8,2025-10-10 14:43:03.000000,user36,GitHub,modify,1741,421.38,97c30da8-4d43-4eee-9509-ada46472bf45,
03701289-defb-4abe-926a-1a665ba7c4d0,2025-10-10 15:08:54.000000,user9,Databricks,modify,3366,242.34,a9a9ea2a-d6e5-4df3-b39e-36824bf4ddd7,
d3385830-fcf2-4fa3-8ceb-4b87e5750d1f,2025-10-10 15:19:10.000000,user36,Workday,view,274,226.1,97c30da8-4d43-4eee-9509-ada46472bf45,
3b3cffc0-85f1-472a-bfbd-4d51863a9bd4,2025-10-10 16:04:20.000000,user33,GitHub,modify,1436,163.75,4a51abe3-d3a6-44fb-8c9b-ae6cee6962c8,
c80129f8-b279-4a30-a7e1-72fcb9fa609d,2025-10-10 16:07:01.000000,user8,Salesforce,upload,2384,414.89,eff13e13-a4c3-4bd7-b217-ca6201212baf,7f87cd67-a4cc-4db4-b723-7735af8ec4b1
c2e46c12-1ab4-4fa7-8405-b4f434eada23,2025-10-10 16:08:12.000000,user45,Salesforce,download,2014,11.78,bb99472e-e9f5-45fb-91f1-7b741c46cee0,ae4ce739-9812-4946-bf46-e05f0a5a95f5
a96974dc-79ed-49e2-8082-459c82c7e871,2025-10-10 16:12:45.000000,user8,GitHub,download,2403,426.76,eff13e13-a4c3-4bd7-b217-ca6201212baf,a3b477cd-e51a-4ab7-b263-c5e202647f6d
54c424da-cd9b-4d7d-b81f-288c2796e6c9,2025-10-10 16:15:42.000000,user32,SAP,download,755,199.43,ffce1637-530c-4f2a-94f4-9000eb5b9250,d499216e-6b34-4b22-8d23-01502be31083
69b8d776-279b-4009-b548-f7cad7708e01,2025-10-10 16:35:09.000000,user8,Databricks,modify,2966,304.78,ac2898ba-f999-408c-aee6-55052f94eef2,
ffb05770-8a92-47fd-8663-df368171638b,2025-10-10 16:44:04.000000,user31,SAP,view,1760,378.0,3403a652-6c38-44ea-805d-f5bfd63cf5c1,4c01fc74-1a84-43b1-acb2-dd228eae6280
9f2d3498-480a-4260-a0dc-25646a4243f7,2025-10-10 16:54:07.000000,user8,SAP,modify,1460,448.96,ac2898ba-f999-408c-aee6-55052f94eef2,
64d7c9be-b8c5-4188-b443-a3ad91fe3456,2025-10-10 17:24:27.000000,user8,SAP,download,759,367.48,eff13e13-a4c3-4bd7-b217-ca6201212baf,c6d66ac6-92de-4c90-8ec3-ed962205cfb2
df42b7cf-3bc3-483e-b3fb-c6d32f15c762,2025-10-10 17:37:18.000000,user21,Jira,view,1654,200.71,6a62da61-abbf-4a21-8c8c-2ead82d521af,2264efba-5781-4db7-a183-b63bad14b142
24d165b1-390e-4f31-8c78-4beb07fe7fe2,2025-10-10 18:30:30.000000,user49,Jira,upload,874,199.94,9a54905a-7b8a-4216-8686-8c5242cd597a,
cdef318e-3e5e-4d07-9d06-bccf15885eb4,2025-10-10 18:36:31.000000,user33,Jira,view,3159,222.72,4a51abe3-d3a6-44fb-8c9b-ae6cee6962c8,
6bb4d164-9a9d-4bd6-9269-172e8e26dd0c,2025-10-10 18:55:43.000000,user31,Databricks,view,2630,449.53,3403a652-6c38-44ea-805d-f5bfd63cf5c1,980e07e4-d144-4108-ba59-fa5c2a10374a
32cc7c94-7231-40a5-b7b7-be20fa70f80d,2025-10-10 19:00:07.000000,user8,Databricks,download,1573,184.95,eff13e13-a4c3-4bd7-b217-ca6201212baf,
614c95bc-e457-485b-9aa5-4823ee7a28c1,2025-10-10 19:03:16.000000,user31,Salesforce,download,1362,354.42,3403a652-6c38-44ea-805d-f5bfd63cf5c1,4c01fc74-1a84-43b1-acb2-dd228eae6280
0fa3e0c3-b399-438a-8298-8252d17207fe,2025-10-10 19:18:04.000000,user31,SAP,view,1693,476.38,3403a652-6c38-44ea-805d-f5bfd63cf5c1,
4866fdbb-3fad-4d17-88d7-8a3cb9486586,2025-10-10 19:19:58.000000,user15,Workday,upload,82,24.57,a91a61d8-ad06-4e9d-bb04-4bddc28720a0,ed51d483-4921-415b-a0da-e0550109e071
46958b02-170c-476e-923c-b2fe7305f05e,2025-10-10 19:26:55.000000,user9,Workday,modify,2084,305.1,a9a9ea2a-d6e5-4df3-b39e-36824bf4ddd7,
15d7d8c6-25ec-4652-b12a-e98003c89c0e,2025-10-10 20:16:38.000000,user8,Databricks,view,2574,64.59,eff13e13-a4c3-4bd7-b217-ca6201212baf,c6d66ac6-92de-4c90-8ec3-ed962205cfb2
ece64212-a10d-49ba-8bf9-ece4a233be2d,2025-10-10 20:30:19.000000,user38,Workday,modify,2564,297.91,ea0ee4eb-82f2-4010-93b6-f0ddfb6630cf,20ee417d-cf99-459b-ada3-38197c0660c8
b2ab02dd-036e-4155-8bd5-8da92f63e777,2025-10-10 20:31:58.000000,user49,Jira,upload,2839,340.18,dad29d02-f085-4fd7-ac9c-4832f3b72b10,
90b2afa4-a5cf-4bab-96e5-432259b24944,2025-10-10 20:45:59.000000,user38,Snowflake,modify,2756,402.44,ea0ee4eb-82f2-4010-93b6-f0ddfb6630cf,b9bfb837-92c4-48d5-8711-ee04b399e0f8
a588cd12-acdd-4834-b882-5b58a413e148,2025-10-10 20:56:03.000000,user49,Salesforce,upload,490,206.07,9a54905a-7b8a-4216-8686-8c5242cd597a,
fba4fa29-2874-4fa6-a8f3-83bfa25c0504,2025-10-10 21:08:15.000000,user15,SAP,download,3142,339.73,a91a61d8-ad06-4e9d-bb04-4bddc28720a0,ed51d483-4921-415b-a0da-e0550109e071
3d7da03d-6de1-4cca-afbb-2bb8a9a8e02c,2025-10-10 21:23:25.000000,user49,Salesforce,upload,1691,138.62,9a54905a-7b8a-4216-8686-8c5242cd597a,
8c5ba518-bb89-4563-b6f6-a0eacf4ecbfe,2025-10-10 21:48:53.000000,user38,Snowflake,upload,1733,492.14,ea0ee4eb-82f2-4010-93b6-f0ddfb6630cf,20ee417d-cf99-459b-ada3-38197c0660c8
1448b4e1-b042-4eb2-921e-4e6b464eb0de,2025-10-10 22:10:57.000000,user49,GitHub,upload,1758,279.75,d2335142-1107-47ad-a0de-275ac5f2f1a1,
04e6dd27-12f4-4435-b787-4e1d8a3aa6ca,2025-10-10 22:11:38.000000,user21,GitHub,view,3275,302.86,6a62da61-abbf-4a21-8c8c-2ead82d521af,2264efba-5781-4db7-a183-b63bad14b142
114cccad-06c8-4379-9a5d-6f64d6d85215,2025-10-10 22:13:07.000000,user21,Snowflake,download,1229,388.43,6a62da61-abbf-4a21-8c8c-2ead82d521af,
c9f330a8-ee59-4d59-9faf-197452f655f5,2025-10-10 22:22:06.000000,user21,Snowflake,modify,1138,267.79,6a62da61-abbf-4a21-8c8c-2ead82d521af,2264efba-5781-4db7-a183-b63bad14b142
9e5f4625-d9a4-4eef-ac39-eb6ec9f5f8b9,2025-10-10 23:22:11.000000,user21,Snowflake,upload,730,60.02,6a62da61-abbf-4a21-8c8c-2ead82d521af,2264efba-5781-4db7-a183-b63bad14b142
31bead5d-16f1-4b4d-9333-2959e48dd8a3,2025-10-11 00:28:47.000000,user49,GitHub,modify,2493,298.06,d2335142-1107-47ad-a0de-275ac5f2f1a1,
57c0ce1d-ddc7-4592-bace-e193d0dda27c,2025-10-11 00:33:03.000000,user8,Databricks,view,710,351.06,49c7495e-148f-4c68-ad40-22cfda608bf8,c6d66ac6-92de-4c90-8ec3-ed962205cfb2
fecfca4b-e818-4a89-bd1e-9a26e0ef25f2,2025-10-11 00:33:23.000000,user41,Snowflake,view,1388,118.72,fc61839e-cb4b-48fb-b12a-1bad2f5dde33,5b6055d0-54cf-4639-968f-2f01b7c56d3a
4d473191-f358-4a98-8364-1436b06c58c1,2025-10-11 00:59:41.000000,user30,Workday,modify,3411,219.7,ec179a00-e241-4754-8478-efd8d6fc341a,8d6d0b8b-cb73-4338-987c-ae2958e30fdd
928d6f68-2e2f-4440-a36a-c3b36defe493,2025-10-11 01:40:55.000000,user49,SAP,view,224,116.23,d2335142-1107-47ad-a0de-275ac5f2f1a1,
92dd655c-277f-4a3a-ad4f-58915fb97ab1,2025-10-11 01:45:22.000000,user40,SAP,view,1517,154.95,0f3209e1-ddac-4e83-910f-ba9f77c017b8,
f1344e82-6e13-4941-b5e1-3034e66cb897,2025-10-11 02:03:35.000000,user20,Databricks,upload,445,203.63,a4e55ecc-9c45-45f0-afc5-a06732c821a8,e7cf9b59-1a95-4376-9ce7-59521cf3ad13
80f37266-8aa7-4e68-b740-09acea3c0f87,2025-10-11 02:03:55.000000,user8,GitHub,modify,2490,219.1,49c7495e-148f-4c68-ad40-22cfda608bf8,c6d66ac6-92de-4c90-8ec3-ed962205cfb2
1e69ab77-f1e6-4784-9f2e-54b4b99a4402,2025-10-11 02:04:00.000000,user41,Workday,download,590,158.4,fc61839e-cb4b-48fb-b12a-1bad2f5dde33,5b6055d0-54cf-4639-968f-2f01b7c56d3a
53cc841a-fbb5-455e-b206-e57e7248d86d,2025-10-11 02:07:30.000000,user40,Jira,upload,1132,236.34,0f3209e1-ddac-4e83-910f-ba9f77c017b8,
d1756cee-4224-4061-97fc-723aafafc8e6,2025-10-11 02:20:24.000000,user41,Jira,modify,3255,389.28,fc61839e-cb4b-48fb-b12a-1bad2f5dde33,5b6055d0-54cf-4639-968f-2f01b7c56d3a
61282d40-d59b-40e2-9f24-1d7574d47f4c,2025-10-11 02:23:46.000000,user30,Jira,download,2362,26.84,ec179a00-e241-4754-8478-efd8d6fc341a,8d6d0b8b-cb73-4338-987c-ae2958e30fdd
a09caa0b-1ca1-4877-8a84-f24528cdf0c1,2025-10-11 02:27:53.000000,user15,Workday,upload,2672,102.45,a7e8ef4b-07bc-4cb6-b3f9-3a4482ff6660,
29983a8b-3db3-425d-9e99-754f990a50db,2025-10-11 03:38:21.000000,user49,Snowflake,view,2614,375.31,d2335142-1107-47ad-a0de-275ac5f2f1a1,
b63f09f2-4af9-479e-92bf-bdfd0714b3b5,2025-10-11 04:23:49.000000,user30,SAP,view,2204,236.58,ec179a00-e241-4754-8478-efd8d6fc341a,8d6d0b8b-cb73-4338-987c-ae2958e30fdd
ea20d9e3-f376-4eae-9988-87a4bc2fd8f2,2025-10-11 04:43:35.000000,user8,Jira,modify,2726,93.23,49c7495e-148f-4c68-ad40-22cfda608bf8,7f87cd67-a4cc-4db4-b723-7735af8ec4b1
e36610fc-f811-4c78-8a08-95d5a04e3a9c,2025-10-11 04:46:39.000000,user33,SAP,modify,2559,173.91,abf3b1e8-be42-4361-a697-73b6b66b9381,
70eb78ba-2baf-4099-bdc1-9cbeea460335,2025-10-11 04:49:39.000000,user41,Workday,view,1089,249.95,fc61839e-cb4b-48fb-b12a-1bad2f5dde33,5b6055d0-54cf-4639-968f-2f01b7c56d3a
f0879ab4-7c2d-430a-94e4-e868819f6faf,2025-10-11 05:04:56.000000,user20,Salesforce,view,1867,34.21,a4e55ecc-9c45-45f0-afc5-a06732c821a8,e7cf9b59-1a95-4376-9ce7-59521cf3ad13
507a18d2-5021-47da-a0e2-7a53a07a57c3,2025-10-11 05:39:46.000000,user33,Jira,modify,1773,386.43,abf3b1e8-be42-4361-a697-73b6b66b9381,
2e142abf-51dc-4d2c-9339-c929efc85f37,2025-10-11 06:59:37.000000,user20,Databricks,modify,2423,334.63,a4e55ecc-9c45-45f0-afc5-a06732c821a8,e7cf9b59-1a95-4376-9ce7-59521cf3ad13
6fd1107e-3004-4d5d-ba44-803369516f37,2025-10-11 07:01:18.000000,user8,Databricks,modify,1310,4.05,49c7495e-148f-4c68-ad40-22cfda608bf8,
aac1dca7-833f-4565-ad01-ffecc471f2ba,2025-10-11 07:12:33.000000,user19,Salesforce,download,846,130.72,124cfb23-9da6-47ef-9e8e-4c2f0dfc1424,
8599af05-b486-4ebf-82c0-9a208eda8af7,2025-10-11 07:27:07.000000,user1,SAP,download,1000,461.64,7ecfce8d-d000-465b-aa0c-22483af81e1b,
81d66eb5-7dfb-4022-add9-168eb0447a1e,2025-10-11 07:48:41.000000,user45,GitHub,download,963,289.14,7bc66c04-e9b4-46f0-99c6-cf3efaa9d36f,a137b113-2e9b-47f1-ae6a-972a79be58b8
000fb8e5-76a1-4f0f-911c-5db69cbe01a5,2025-10-11 07:51:06.000000,user45,Salesforce,view,2854,19.43,7bc66c04-e9b4-46f0-99c6-cf3efaa9d36f,a137b113-2e9b-47f1-ae6a-972a79be58b8
aa9f0a32-ed47-45bd-9f9e-f0b2667a7f4a,2025-10-11 08:14:28.000000,user40,Databricks,upload,3193,71.43,0f3209e1-ddac-4e83-910f-ba9f77c017b8,
80983b4f-7cca-4bad-ba38-5b1269149d2b,2025-10-11 09:07:23.000000,user19,Databricks,view,2200,109.67,124cfb23-9da6-47ef-9e8e-4c2f0dfc1424,d379d841-2571-4487-84cb-60cf215d14df
57766165-d1ab-4383-8045-b83101f31493,2025-10-11 09:50:39.000000,user44,SAP,view,1313,91.59,8a622752-8e66-4ca9-ba3e-c95918fccec2,
d3028e79-ec40-427b-8615-842c35f4ae33,2025-10-11 09:56:19.000000,user44,Jira,upload,3436,330.79,8a622752-8e66-4ca9-ba3e-c95918fccec2,
079a9604-88c6-45e5-b576-52fa040c1e52,2025-10-11 10:15:17.000000,user44,Databricks,view,1198,413.78,8a622752-8e66-4ca9-ba3e-c95918fccec2,
be28a775-fb39-4572-a742-2859f41bdd08,2025-10-11 10:45:21.000000,user44,Workday,view,1474,397.41,8a622752-8e66-4ca9-ba3e-c95918fccec2,
c069d7e2-23da-48e5-aedc-49072415a317,2025-10-11 11:21:21.000000,user44,Jira,view,2131,237.74,8a622752-8e66-4ca9-ba3e-c95918fccec2,
03225d4e-1751-4f69-ab9d-6498a67042fb,2025-10-11 11:36:58.000000,user29,Salesforce,upload,1105,462.79,cf169509-8b10-46ea-be4f-dd4c0ddca840,
e9220145-358e-4a0f-a915-7446dc82edf7,2025-10-11 11:37:57.000000,user38,Salesforce,upload,3110,217.77,403e11a8-34be-4e30-915f-520c8cb83bab,b9bfb837-92c4-48d5-8711-ee04b399e0f8
b4d34f47-acee-4725-8733-e34e9c8f0a65,2025-10-11 11:58:49.000000,user26,Salesforce,download,1762,293.02,e337cd0c-6965-450c-99c5-11d11262b8e1,043a7bd6-8544-453b-a3d9-ea0e83ed065a
f78a6270-7ffd-4070-849b-edae4f517c0a,2025-10-11 12:11:21.000000,user19,Databricks,view,1395,116.45,124cfb23-9da6-47ef-9e8e-4c2f0dfc1424,
64125c26-afa0-4d64-a68a-2185d2c14ab1,2025-10-11 12:12:30.000000,user45,Workday,upload,700,48.5,7bc66c04-e9b4-46f0-99c6-cf3efaa9d36f,
348991f9-0afe-4a9a-8df5-f1bca05d9a6c,2025-10-11 12:25:45.000000,user6,GitHub,modify,2694,148.11,a3b866f7-15ef-4857-8ac8-c9474cc4cc62,29e73c4d-2921-4a3e-b7a3-b8ab3b14a5a0
f947046c-1d52-4c26-acec-4dd221cebe53,2025-10-11 12:25:48.000000,user19,Snowflake,download,517,178.85,124cfb23-9da6-47ef-9e8e-4c2f0dfc1424,c4c20f60-5934-42d2-b3a6-68be730a140e
2ebee696-54ee-40ea-8ecb-ca1e1f07bca8,2025-10-11 12:35:28.000000,user26,Salesforce,modify,2527,493.05,e337cd0c-6965-450c-99c5-11d11262b8e1,
e550938a-8a0f-442a-92fd-d1b2da817de0,2025-10-11 12:38:39.000000,user29,Jira,view,3388,69.69,cf169509-8b10-46ea-be4f-dd4c0ddca840,
c5b4068a-4abc-4be5-9e7d-724ad7e5a6b9,2025-10-11 12:45:20.000000,user21,Salesforce,view,1301,113.02,fa921f5b-21d8-42f0-beee-e5bbc6bc67f1,
9b2ffa45-28aa-4a7c-8852-66ae88ab8234,2025-10-11 13:00:15.000000,user40,Workday,view,445,256.43,90c61cf1-072c-429a-be93-6206f5ac2714,
a4099eb7-079e-4db1-9ca9-5dccf31c2fce,2025-10-11 13:12:09.000000,user43,SAP,modify,1011,412.92,2acb05bf-6b2f-4736-9342-a7480a1ac236,
cd5b823f-3117-419f-bd69-22617f75a748,2025-10-11 13:26:33.000000,user29,SAP,download,365,231.6,cf169509-8b10-46ea-be4f-dd4c0ddca840,
56c1b823-3840-4bcd-82bf-146f5d90b766,2025-10-11 13:33:52.000000,user26,GitHub,view,2602,414.7,e337cd0c-6965-450c-99c5-11d11262b8e1,
92306d3f-38b9-4f6a-a054-8adda9b7ddc8,2025-10-11 13:41:57.000000,user39,Databricks,download,1289,68.07,920f3dbf-c7dc-4ea5-86a1-88df2c9d25d2,36d7039c-c2e1-431f-8738-4480b46025b3
023ebc30-19e4-4c3f-8b5d-70bd38d9daaa,2025-10-11 13:57:50.000000,user32,Jira,download,774,229.01,ccac4baa-99e3-4aea-9ea1-16ce00bc9992,d499216e-6b34-4b22-8d23-01502be31083
42e9f762-77c8-4c1e-b23f-64ebf7abb08a,2025-10-11 14:05:33.000000,user39,Snowflake,modify,1256,106.88,920f3dbf-c7dc-4ea5-86a1-88df2c9d25d2,b76ee81f-d21f-489a-a81f-04e7f0f8ed31
f97bbf4a-e240-49a0-8a16-1d62a9eba3d2,2025-10-11 14:13:44.000000,user40,Jira,download,800,146.98,90c61cf1-072c-429a-be93-6206f5ac2714,
86200402-ef97-43ec-8289-38c38cc3f3cc,2025-10-11 14:16:57.000000,user40,Snowflake,download,1843,371.41,90c61cf1-072c-429a-be93-6206f5ac2714,
d9f7bf2f-4d10-453c-a5c7-bc4b8235ac34,2025-10-11 14:23:03.000000,user32,Workday,upload,2566,375.79,28a2522d-05b7-4dce-aeb3-b9749853143a,
5868a78c-3405-4061-999c-f8e0e0fd2dee,2025-10-11 14:24:46.000000,user38,Salesforce,view,369,91.93,403e11a8-34be-4e30-915f-520c8cb83bab,
e44fba6c-8283-483b-87f4-693cb4785514,2025-10-11 14:25:32.000000,user25,Snowflake,modify,2857,174.99,e981e928-130f-4f7a-9752-426e961ac717,
8d8a4a52-6ef5-4e4b-84bc-8400d338b610,2025-10-11 14:29:40.000000,user7,GitHub,modify,1639,478.3,62974ebf-551c-4eaf-9ff3-59da04df0598,
7cd0e50b-de9b-4dad-b086-b59169292c83,2025-10-11 14:46:07.000000,user21,Jira,download,1103,485.86,fa921f5b-21d8-42f0-beee-e5bbc6bc67f1,2264efba-5781-4db7-a183-b63bad14b142
21f90a61-d473-4b55-8ffd-8badb7362dc8,2025-10-11 15:19:26.000000,user32,Salesforce,upload,1824,86.18,28a2522d-05b7-4dce-aeb3-b9749853143a,d499216e-6b34-4b22-8d23-01502be31083
3f48702b-cb9a-433d-9795-0cf1326cad8e,2025-10-11 15:22:55.000000,user29,Salesforce,view,763,72.59,cf169509-8b10-46ea-be4f-dd4c0ddca840,
e5fd8413-2f0d-4f66-82ab-11d13ecbdfd4,2025-10-11 15:39:54.000000,user32,GitHub,upload,3119,260.43,28a2522d-05b7-4dce-aeb3-b9749853143a,d499216e-6b34-4b22-8d23-01502be31083
528738e7-4714-460f-91d7-0079a013d991,2025-10-11 15:50:46.000000,user32,Jira,upload,1080,35.28,ccac4baa-99e3-4aea-9ea1-16ce00bc9992,d499216e-6b34-4b22-8d23-01502be31083
8665c9e2-3384-461e-998b-6e285902749e,2025-10-11 15:54:56.000000,user29,Jira,download,884,211.69,0eb55a39-3852-4549-af47-ebc99c6c503e,
b711a013-cee6-4089-9011-63e4a9218645,2025-10-11 16:00:36.000000,user29,GitHub,modify,1772,248.67,cf169509-8b10-46ea-be4f-dd4c0ddca840,
75871b8c-cd3d-4657-b216-f6d08ebf9d6e,2025-10-11 16:01:41.000000,user26,Snowflake,upload,1408,288.64,e337cd0c-6965-450c-99c5-11d11262b8e1,
05065e48-e1d6-48f0-a7fa-dc5522a4af76,2025-10-11 16:04:53.000000,user25,Workday,download,400,183.99,e981e928-130f-4f7a-9752-426e961ac717,
81ca78a9-8632-47d3-a70f-c807777c2851,2025-10-11 16:06:50.000000,user23,SAP,view,529,288.26,adb0e2fa-ba29-4ecb-a2d4-70766b63b69f,
c6f31e34-d98d-4eb6-8758-dec0f0111605,2025-10-11 16:44:15.000000,user13,Jira,view,3261,53.72,b77d8e04-0f7b-4fc5-89c1-867ab3d1e6b1,
c59da3f3-94b7-41ef-b058-8f1a5d2484e4,2025-10-11 16:46:09.000000,user19,GitHub,modify,2129,413.13,2876e1ca-05b3-40a4-aa04-198a14244892,d379d841-2571-4487-84cb-60cf215d14df
5d98e66a-8703-4320-bbf5-5421b993df33,2025-10-11 16:51:36.000000,user7,Jira,modify,1492,174.01,62974ebf-551c-4eaf-9ff3-59da04df0598,
55299b11-3370-4746-92c2-031841d3a6a2,2025-10-11 17:10:09.000000,user39,GitHub,download,872,190.18,920f3dbf-c7dc-4ea5-86a1-88df2c9d25d2,8af0f73f-c767-4be7-90ec-6e0bae226de1
34114efa-b152-49b2-9793-2eddfed76be6,2025-10-11 17:17:03.000000,user19,Salesforce,download,1845,326.3,2876e1ca-05b3-40a4-aa04-198a14244892,d379d841-2571-4487-84cb-60cf215d14df
5a948886-5341-4738-850f-6170a6a94f7e,2025-10-11 17:32:27.000000,user7,Snowflake,upload,3555,193.53,62974ebf-551c-4eaf-9ff3-59da04df0598,
be783a08-95cc-4b77-9cdb-2c9100275ac4,2025-10-11 17:46:47.000000,user13,Snowflake,download,1119,444.24,b77d8e04-0f7b-4fc5-89c1-867ab3d1e6b1,
092253b0-4267-45c1-b51f-daa38844f010,2025-10-11 17:46:48.000000,user32,GitHub,modify,1401,268.17,ccac4baa-99e3-4aea-9ea1-16ce00bc9992,
e31d5401-e309-43bd-9a4c-ba9e849b8872,2025-10-11 18:19:56.000000,user8,Jira,view,2196,377.73,0ce3acfb-fce8-4025-b9df-9d097b462ebc,c6d66ac6-92de-4c90-8ec3-ed962205cfb2
5402c1a8-861f-4bd3-98ff-bb0c8f972137,2025-10-11 18:28:05.000000,user8,Salesforce,download,3164,135.54,0ce3acfb-fce8-4025-b9df-9d097b462ebc,
853b8406-4e3c-43a6-b81d-5a720fa1e7cf,2025-10-11 18:49:16.000000,user8,Snowflake,download,2385,398.85,0ce3acfb-fce8-4025-b9df-9d097b462ebc,
0e25964e-2cce-4be3-9d35-386697bc04eb,2025-10-11 19:01:34.000000,user26,Workday,view,1853,234.54,e337cd0c-6965-450c-99c5-11d11262b8e1,043a7bd6-8544-453b-a3d9-ea0e83ed065a
1b1f5d5a-7024-4866-8e13-ba014e318a42,2025-10-11 19:07:37.000000,user8,Workday,upload,2232,374.56,0ce3acfb-fce8-4025-b9df-9d097b462ebc,7f87cd67-a4cc-4db4-b723-7735af8ec4b1
7c9c1a69-ee4d-4132-8d65-e8e9de9c2cb0,2025-10-11 19:15:14.000000,user39,Workday,view,3534,251.64,920f3dbf-c7dc-4ea5-86a1-88df2c9d25d2,36d7039c-c2e1-431f-8738-4480b46025b3
3d8c4760-a76b-4cc0-8737-48e6d9bd70a7,2025-10-11 19:17:57.000000,user23,Workday,view,3120,361.23,adb0e2fa-ba29-4ecb-a2d4-70766b63b69f,
bf0ad8b5-4baa-47f1-aa80-37f5f57f116f,2025-10-11 19:20:24.000000,user23,Workday,upload,829,64.14,adb0e2fa-ba29-4ecb-a2d4-70766b63b69f,
c92e882b-8057-4187-bcc2-10339dc25869,2025-10-11 19:26:23.000000,user31,Databricks,modify,3104,139.25,cd062a4c-3073-4c6e-b1b2-7e9c4247a17e,
e16ab80d-d75d-4b28-a261-5d20091e49a1,2025-10-11 19:34:06.000000,user29,Snowflake,upload,539,19.7,0eb55a39-3852-4549-af47-ebc99c6c503e,
74116403-7494-41de-8370-8701932912a4,2025-10-11 19:35:46.000000,user8,Salesforce,modify,739,253.32,0ce3acfb-fce8-4025-b9df-9d097b462ebc,a3b477cd-e51a-4ab7-b263-c5e202647f6d
31dff606-f108-4635-872a-f3b47d9c6928,2025-10-11 19:42:43.000000,user25,Salesforce,modify,886,177.26,e981e928-130f-4f7a-9752-426e961ac717,
7076646b-e50a-4462-8923-2ea316d68bda,2025-10-11 19:57:41.000000,user19,Databricks,modify,908,202.95,2876e1ca-05b3-40a4-aa04-198a14244892,
ea03089e-d1bc-4769-b063-c6e66a3056df,2025-10-11 19:59:29.000000,user32,Snowflake,view,2583,499.59,ccac4baa-99e3-4aea-9ea1-16ce00bc9992,d499216e-6b34-4b22-8d23-01502be31083
294078d5-3db7-44a2-bcdd-6c594464f3e8,2025-10-11 20:02:12.000000,user13,Workday,upload,3207,360.7,b77d8e04-0f7b-4fc5-89c1-867ab3d1e6b1,
d2df7b0c-e99f-4c5e-a3f1-ece0e152066a,2025-10-11 20:25:14.000000,user25,SAP,view,2596,167.6,e981e928-130f-4f7a-9752-426e961ac717,
84a0121f-39cb-4179-be86-b45d8b961f05,2025-10-11 20:51:23.000000,user39,Databricks,download,203,287.41,920f3dbf-c7dc-4ea5-86a1-88df2c9d25d2,8af0f73f-c767-4be7-90ec-6e0bae226de1
4406995e-4ab2-4630-993c-340fc4b4bc15,2025-10-11 20:53:36.000000,user18,Salesforce,view,175,97.02,aa4409da-b809-42b5-8f9e-140fd51cee65,
3bb23677-57aa-4d3d-a615-d294fbf85581,2025-10-11 21:21:40.000000,user32,Workday,download,1708,3.34,ccac4baa-99e3-4aea-9ea1-16ce00bc9992,d499216e-6b34-4b22-8d23-01502be31083
00c8b068-fa57-4c26-b360-0729b3587271,2025-10-11 21:50:08.000000,user21,GitHub,upload,301,10.82,d9984556-f117-419d-b014-b9ed45e0ead5,2264efba-5781-4db7-a183-b63bad14b142
5630c95a-630a-4080-8485-c1806923e386,2025-10-11 21:55:55.000000,user29,Snowflake,modify,2038,490.08,0eb55a39-3852-4549-af47-ebc99c6c503e,
28cc80b2-c0b7-4e68-9396-20c6718fcdbe,2025-10-11 22:46:43.000000,user31,Databricks,download,1077,432.91,cd062a4c-3073-4c6e-b1b2-7e9c4247a17e,f08634f1-d84e-4db9-85f2-283d0c58861f
f17476f1-9e3c-42b3-a076-1d20793a4ce0,2025-10-11 23:23:37.000000,user18,Snowflake,download,911,26.08,aa4409da-b809-42b5-8f9e-140fd51cee65,
3f3c1d5f-241f-4957-a6c9-a8371b3244f7,2025-10-11 23:36:53.000000,user18,Databricks,upload,350,495.94,aa4409da-b809-42b5-8f9e-140fd51cee65,
fb7c38cb-9d1c-4855-9adb-59f224fec56a,2025-10-11 23:37:08.000000,user19,Workday,upload,416,117.04,2876e1ca-05b3-40a4-aa04-198a14244892,d379d841-2571-4487-84cb-60cf215d14df
c5838be8-f145-43d5-b6aa-7ee508817610,2025-10-12 00:05:22.000000,user13,GitHub,modify,2449,252.43,b77d8e04-0f7b-4fc5-89c1-867ab3d1e6b1,
cd4c6dfa-b560-4d7e-ab02-b3d58ce307ed,2025-10-12 00:38:30.000000,user19,Databricks,modify,1651,67.49,2876e1ca-05b3-40a4-aa04-198a14244892,d379d841-2571-4487-84cb-60cf215d14df
8adebd3e-ba34-477e-8935-dc96e21b111f,2025-10-12 00:48:58.000000,user31,Snowflake,modify,683,136.09,cd062a4c-3073-4c6e-b1b2-7e9c4247a17e,980e07e4-d144-4108-ba59-fa5c2a10374a
0c206f35-5497-49e4-8567-4a551bca4fec,2025-10-12 00:54:21.000000,user21,GitHub,view,2713,423.84,d9984556-f117-419d-b014-b9ed45e0ead5,2264efba-5781-4db7-a183-b63bad14b142
7d71b122-d89b-4671-896c-1ee5d9123076,2025-10-12 01:35:13.000000,user21,Snowflake,view,2996,326.53,d9984556-f117-419d-b014-b9ed45e0ead5,
ae50a7bf-8063-4b80-8d2b-29d1e5235b6f,2025-10-12 01:38:50.000000,user31,Snowflake,download,2956,308.45,cd062a4c-3073-4c6e-b1b2-7e9c4247a17e,4c01fc74-1a84-43b1-acb2-dd228eae6280
14d6b07e-0a6d-4f16-adf7-eefee74a11c3,2025-10-12 02:50:30.000000,user50,Jira,modify,259,467.19,bf47ef9a-8780-4e1c-bba8-7de1bb96155e,
cff2e0f8-8c8b-4a9a-88b8-10c6938f83f1,2025-10-12 03:29:16.000000,user18,SAP,modify,736,210.19,aa4409da-b809-42b5-8f9e-140fd51cee65,
0556b33f-c22d-4c83-9774-5660ecd64c37,2025-10-12 03:34:31.000000,user18,Databricks,modify,1216,7.98,aa4409da-b809-42b5-8f9e-140fd51cee65,
48d8fdfd-8d73-493d-bf8c-adbad1958168,2025-10-12 04:49:11.000000,user11,Databricks,modify,3141,151.47,cac91a0e-419b-477f-b3c4-2be0b7dfa935,
54e10d87-0920-4025-adbf-dc8338ec6e9c,2025-10-12 04:57:10.000000,user11,Jira,upload,1284,123.19,cac91a0e-419b-477f-b3c4-2be0b7dfa935,5362b7a8-b5c7-4d77-8476-38ee2d8b5a3d
bd95ef8e-b997-446d-a83a-b72e90ccf90a,2025-10-12 05:20:54.000000,user11,Snowflake,modify,2271,404.06,cac91a0e-419b-477f-b3c4-2be0b7dfa935,
d79ba426-1266-415b-bd00-d2c51ed2290e,2025-10-12 05:25:19.000000,user11,GitHub,upload,3075,204.35,cac91a0e-419b-477f-b3c4-2be0b7dfa935,5362b7a8-b5c7-4d77-8476-38ee2d8b5a3d
7942daf7-8bae-42d6-acab-3f9ca673c2dc,2025-10-12 05:39:04.000000,user33,Databricks,download,2349,21.59,b9c5f20f-9178-4022-aa06-408f8293ff04,
d0bf2b8c-4e1f-4be0-ad6d-037a6b559f74,2025-10-12 06:16:40.000000,user21,Workday,view,611,477.22,15595760-c971-4a1d-9db2-0d29c84dfbbb,2264efba-5781-4db7-a183-b63bad14b142
7007a9e6-ad49-4514-8e71-8ff7b0b38b91,2025-10-12 06:18:05.000000,user21,SAP,download,93,72.89,15595760-c971-4a1d-9db2-0d29c84dfbbb,2264efba-5781-4db7-a183-b63bad14b142
fd0b1903-557f-49aa-8498-9332b05fbb65,2025-10-12 06:19:02.000000,user49,Jira,modify,317,286.05,eed12b28-688d-4d7f-b9c1-ec94f5da742a,
ff946f6a-ccf2-41a9-8d1a-0fdd9af2100c,2025-10-12 07:24:09.000000,user24,Salesforce,view,70,170.14,8cb1c042-c0ae-4f05-8c66-86039f1d6df0,
3ee7bd5a-7fe2-4fc3-86aa-65b971487905,2025-10-12 08:00:29.000000,user24,Snowflake,view,2057,122.45,8cb1c042-c0ae-4f05-8c66-86039f1d6df0,765a447d-23f3-420f-8ccc-869682af644d
be46a7ff-e12f-44e1-8c99-5302c9286b84,2025-10-12 08:34:30.000000,user44,Jira,upload,1323,48.09,166bb94a-f63c-4db4-995b-fdc9c7a8aa10,
5c467366-1e57-4e5d-bfaa-b0a58bf9de17,2025-10-12 08:37:55.000000,user11,SAP,download,2060,72.12,cac91a0e-419b-477f-b3c4-2be0b7dfa935,
559585ae-6904-4561-ae61-112ebdc8e97a,2025-10-12 09:47:37.000000,user33,Databricks,view,2710,226.28,b9c5f20f-9178-4022-aa06-408f8293ff04,
ee4d391e-bee9-42ed-822d-c6b44f575acd,2025-10-12 09:51:00.000000,user49,Salesforce,upload,3222,396.42,eed12b28-688d-4d7f-b9c1-ec94f5da742a,
9e36d0ee-ac97-48bb-9859-a2499ca9231b,2025-10-12 10:53:31.000000,user5,Workday,download,768,188.54,bdac5dbe-1afe-4733-9ea9-298bc0df7f4c,658bc845-297b-4b04-9018-4421a3ee93bd
64e0f5a2-631e-45f1-8455-18bf12b062c6,2025-10-12 11:27:20.000000,user33,Snowflake,view,3300,231.24,b9c5f20f-9178-4022-aa06-408f8293ff04,
918dba15-ac9b-41f2-83b8-aefa973759aa,2025-10-12 11:40:36.000000,user38,Workday,modify,38,31.42,d316734d-21cd-455d-a0f9-a84f82827a66,
f8de1c46-beb3-4a5d-9576-47de7699460e,2025-10-12 11:48:12.000000,user33,Snowflake,view,2385,334.04,05b1dc71-2456-4d78-9190-25a3164d9252,
a46d8a3e-4374-402c-b40b-2a10e304eaa1,2025-10-12 11:49:43.000000,user38,Databricks,upload,3076,357.44,d316734d-21cd-455d-a0f9-a84f82827a66,20c02a7b-356e-45af-8e98-9c8f5131fba2
7eb0ee80-165d-4e2c-989c-918d55e94fdf,2025-10-12 11:51:08.000000,user24,Databricks,download,1334,137.89,4660099d-53b6-43af-85be-ffe851432528,765a447d-23f3-420f-8ccc-869682af644d
844be005-010d-4b12-916a-523daad1aa78,2025-10-12 12:06:21.000000,user17,Jira,upload,2979,279.04,8702585a-899a-44b5-bb51-3f203b85ee1a,05aad117-c96c-4b0a-94e1-be69227939d8
6441c611-fd3c-4b0c-8b49-9294250844de,2025-10-12 12:28:33.000000,user31,Salesforce,view,2372,17.23,82dfda62-d10d-4d19-b79a-6093927aeb64,4c01fc74-1a84-43b1-acb2-dd228eae6280
8b10ebbc-d9b4-49ad-ba6d-c56b15874521,2025-10-12 12:34:20.000000,user43,Salesforce,upload,1259,272.12,053784ad-c3ed-4031-be12-bd8af88a9232,
fe2c3775-4aaf-4abd-834d-a30d307dedc0,2025-10-12 13:01:47.000000,user31,Snowflake,download,1261,22.76,82dfda62-d10d-4d19-b79a-6093927aeb64,54051b9c-148f-4394-9326-d32b45df1e5c
68239c99-bae1-42c5-9b1a-56ac742ebeb1,2025-10-12 13:12:11.000000,user24,Databricks,view,711,100.45,4660099d-53b6-43af-85be-ffe851432528,765a447d-23f3-420f-8ccc-869682af644d
78b0469b-f2f6-4d9c-9128-7add410a8425,2025-10-12 13:16:47.000000,user33,GitHub,download,2307,214.55,5272014a-41d7-4260-a34c-44016893fd77,
d8313dd0-1597-4f69-af09-f49b60d0e1fe,2025-10-12 13:17:25.000000,user33,Workday,view,729,402.91,5272014a-41d7-4260-a34c-44016893fd77,
453284c0-b561-4ebd-9f6a-ff87d9419be7,2025-10-12 13:19:18.000000,user33,Workday,upload,3030,303.72,5272014a-41d7-4260-a34c-44016893fd77,
b0fedf36-8f68-4f34-9549-62f3fa2980a3,2025-10-12 13:35:39.000000,user24,Salesforce,download,1137,225.07,4660099d-53b6-43af-85be-ffe851432528,765a447d-23f3-420f-8ccc-869682af644d
f57ed67a-9389-4088-844a-d02052063d02,2025-10-12 13:59:18.000000,user17,Workday,upload,2423,270.48,8702585a-899a-44b5-bb51-3f203b85ee1a,7da284e1-50c0-4acb-a50e-f58b3cf62ddd
29d8b290-07d6-42a9-8308-d3dea6f4788f,2025-10-12 13:59:59.000000,user43,SAP,download,3061,358.46,053784ad-c3ed-4031-be12-bd8af88a9232,
084deb7c-261a-47a9-8bc4-07bb2894e2f8,2025-10-12 14:03:00.000000,user31,Jira,modify,3444,99.49,82dfda62-d10d-4d19-b79a-6093927aeb64,54051b9c-148f-4394-9326-d32b45df1e5c
faf81a04-52b4-49f9-bd22-2653eed27089,2025-10-12 14:55:43.000000,user31,Jira,upload,126,256.07,82dfda62-d10d-4d19-b79a-6093927aeb64,980e07e4-d144-4108-ba59-fa5c2a10374a
728197e3-d3a3-44f7-aedc-815b5d282690,2025-10-12 15:20:03.000000,user38,Snowflake,view,43,258.56,d316734d-21cd-455d-a0f9-a84f82827a66,20ee417d-cf99-459b-ada3-38197c0660c8
f1d6b3e5-2637-496a-adb3-78055f9ddabc,2025-10-12 16:30:53.000000,user31,Jira,download,270,454.02,82dfda62-d10d-4d19-b79a-6093927aeb64,54051b9c-148f-4394-9326-d32b45df1e5c
85bf900c-a9c2-4207-b90a-d8917f966aab,2025-10-12 17:54:37.000000,user38,Databricks,view,1501,451.43,d316734d-21cd-455d-a0f9-a84f82827a66,
18761408-cd9d-42d2-b882-525c35bcfadb,2025-10-12 18:13:40.000000,user17,GitHub,modify,1167,207.02,5ce5914d-bb27-4a59-8600-9463d173f7e3,9812fce7-161c-40de-a265-28aedb30a13f
57b4ccd5-4464-4f06-a355-c4fb031140e0,2025-10-12 18:23:28.000000,user17,Salesforce,upload,1190,291.42,5ce5914d-bb27-4a59-8600-9463d173f7e3,8fba1cc0-ed98-4402-bf99-afe91cc015ed
c7b3d9fb-d8e0-4f76-a6d4-f2ed6926e4d4,2025-10-12 18:54:48.000000,user43,Workday,modify,598,343.07,053784ad-c3ed-4031-be12-bd8af88a9232,
c5d10fb8-956c-4298-9ba6-b6cfd32685f4,2025-10-12 18:55:02.000000,user4,GitHub,view,2742,302.46,534c758d-8a67-47b0-970e-04251fb3e2c6,e9acb8dc-11af-4ad8-94dc-1b6fd2bb69fd
246839ef-650b-45c5-8f2f-29196b029c69,2025-10-12 18:59:03.000000,user46,GitHub,view,3348,70.5,f719eb5f-6764-4e66-bef4-a9e71b97af0e,
d5376434-880a-41de-b7f1-41894d66fcfb,2025-10-12 19:09:24.000000,user43,Snowflake,view,1062,60.44,053784ad-c3ed-4031-be12-bd8af88a9232,
ac431a4b-198a-4969-9f38-44840acbfa94,2025-10-12 19:21:04.000000,user41,GitHub,view,1204,333.11,66d70fac-dd99-4b42-a04d-afacfaf78fcd,5b6055d0-54cf-4639-968f-2f01b7c56d3a
2c256509-abc1-49e7-b42e-8686ad817d0e,2025-10-12 19:21:23.000000,user41,Databricks,download,961,395.04,66d70fac-dd99-4b42-a04d-afacfaf78fcd,5b6055d0-54cf-4639-968f-2f01b7c56d3a
818f7fa5-9d55-43c2-8dca-15530248df34,2025-10-12 19:25:54.000000,user43,Salesforce,view,1604,284.29,053784ad-c3ed-4031-be12-bd8af88a9232,
418698ec-b93d-4dd0-844b-85e9fd8b84d6,2025-10-12 19:29:03.000000,user17,Databricks,upload,3326,424.08,5ce5914d-bb27-4a59-8600-9463d173f7e3,
c1523f7c-2aca-4c6c-9c4e-fe8c4b1b8b47,2025-10-12 20:10:14.000000,user41,Salesforce,upload,469,274.93,66d70fac-dd99-4b42-a04d-afacfaf78fcd,5b6055d0-54cf-4639-968f-2f01b7c56d3a
d172e3be-70fe-4786-adac-063c8347f7fe,2025-10-12 20:16:19.000000,user4,Salesforce,upload,2832,110.34,534c758d-8a67-47b0-970e-04251fb3e2c6,e9acb8dc-11af-4ad8-94dc-1b6fd2bb69fd
6e00d35f-d00b-4ece-8e2b-7d23671f3b9b,2025-10-12 20:27:22.000000,user23,Salesforce,download,1996,499.99,8f557c29-fd27-4d91-b3d5-5223a4771046,
e47b9511-3f4c-4551-a9f2-983e5be4f55b,2025-10-12 20:28:21.000000,user41,Databricks,upload,1891,9.68,66d70fac-dd99-4b42-a04d-afacfaf78fcd,5b6055d0-54cf-4639-968f-2f01b7c56d3a
62259e02-376d-41a0-89ba-370c98faa5f8,2025-10-12 21:01:48.000000,user11,Snowflake,view,379,64.77,a14c6424-5c01-4810-add7-f2e1ffedf6c9,5362b7a8-b5c7-4d77-8476-38ee2d8b5a3d
53d75408-b78e-41ce-a681-608129e169a6,2025-10-12 21:34:03.000000,user11,Snowflake,download,2494,87.27,a14c6424-5c01-4810-add7-f2e1ffedf6c9,
35037087-4a1f-4f3e-a6b7-f004088766ef,2025-10-12 21:44:09.000000,user4,Jira,upload,949,477.9,23e5f7ff-b0c1-4935-bda0-845f0e6687aa,7f4bd8f8-adf3-4efa-97ff-77c5dbf502c8
aaf3593f-2aaf-44b5-a344-59d713c4d63c,2025-10-12 21:59:52.000000,user4,SAP,modify,1855,42.16,534c758d-8a67-47b0-970e-04251fb3e2c6,e9acb8dc-11af-4ad8-94dc-1b6fd2bb69fd
dd61a5c6-ba5e-4d8e-89c7-731d804efa3d,2025-10-12 22:02:59.000000,user4,GitHub,modify,621,489.26,23e5f7ff-b0c1-4935-bda0-845f0e6687aa,
ff828aa1-5659-42e9-81f0-30fc1ac75ca4,2025-10-12 22:15:21.000000,user4,Snowflake,upload,2210,357.95,23e5f7ff-b0c1-4935-bda0-845f0e6687aa,e9acb8dc-11af-4ad8-94dc-1b6fd2bb69fd
6cf815ec-55f6-466f-8962-83208cb4818b,2025-10-12 22:43:53.000000,user11,Snowflake,view,397,361.98,a14c6424-5c01-4810-add7-f2e1ffedf6c9,5362b7a8-b5c7-4d77-8476-38ee2d8b5a3d
2b5ccfde-ff15-47b4-8b12-54e6ed675dcd,2025-10-12 23:55:13.000000,user4,GitHub,modify,3139,287.09,534c758d-8a67-47b0-970e-04251fb3e2c6,7f4bd8f8-adf3-4efa-97ff-77c5dbf502c8
68b2d3d1-f9d8-4a14-9c9e-2a6485482c0b,2025-10-12 23:56:30.000000,user21,Databricks,view,1528,250.11,e87bfb2a-fef9-49f8-8d07-82c93ad410fd,2264efba-5781-4db7-a183-b63bad14b142
e67b064e-ca63-4722-aa4f-2407f45ec55b,2025-10-13 00:45:12.000000,user12,Snowflake,download,3500,209.73,af0d0e69-b206-4563-8b00-1184a940e522,
54d40e84-4ea7-4e09-af9c-1e61e16f74c3,2025-10-13 00:57:30.000000,user21,GitHub,download,3410,483.23,e87bfb2a-fef9-49f8-8d07-82c93ad410fd,
9e9a9b2f-8ad9-4db8-a492-912a42ef2d73,2025-10-13 01:19:44.000000,user21,Snowflake,download,1708,267.84,e87bfb2a-fef9-49f8-8d07-82c93ad410fd,2264efba-5781-4db7-a183-b63bad14b142
23197be1-99f0-4fa3-80bd-feaa98c0c7b7,2025-10-13 01:27:36.000000,user46,Snowflake,modify,594,326.66,f719eb5f-6764-4e66-bef4-a9e71b97af0e,
6f346b59-d7ba-40ff-961e-91629b087377,2025-10-13 01:42:03.000000,user41,Databricks,download,606,17.81,66d70fac-dd99-4b42-a04d-afacfaf78fcd,5b6055d0-54cf-4639-968f-2f01b7c56d3a
fefd97ec-70c3-42c6-9945-ffee34dc32f1,2025-10-13 01:58:42.000000,user12,SAP,modify,3413,229.96,af0d0e69-b206-4563-8b00-1184a940e522,
e5d372f0-2bf3-4e3e-8302-b12be177d524,2025-10-13 02:18:31.000000,user46,Jira,modify,2963,27.78,f719eb5f-6764-4e66-bef4-a9e71b97af0e,
87033aca-f82c-436b-a79a-ee34751c732b,2025-10-13 02:25:43.000000,user5,Workday,download,3484,127.14,c5567c91-a717-4b13-b9c9-26babbe9354a,658bc845-297b-4b04-9018-4421a3ee93bd
dfc86f10-c164-44aa-ac51-8aeacbf3535d,2025-10-13 03:01:40.000000,user7,Salesforce,download,1704,426.3,3210f70b-d70a-4da9-9968-d0731a30694c,
085c0011-ecc2-426e-a0a3-f03c79de7fcb,2025-10-13 03:18:47.000000,user11,Databricks,modify,2355,367.77,a14c6424-5c01-4810-add7-f2e1ffedf6c9,
5e8b7113-8952-40a3-94a1-ae73834c7e0a,2025-10-13 03:24:01.000000,user32,Workday,modify,100,484.98,6f58aefe-9896-4462-8e98-a820199bfac3,f1f23ff4-fb26-4adf-93a8-b983d6dfe503
9cace9cf-7279-4148-9dc3-94c7cd8400cc,2025-10-13 03:42:39.000000,user7,Workday,download,655,428.11,3210f70b-d70a-4da9-9968-d0731a30694c,
7487e072-9b96-4d0e-b045-d661da545ef9,2025-10-13 03:54:28.000000,user17,Databricks,modify,1312,432.18,fbfc9cc0-2be3-4106-b9d5-82569f7e7c8e,
e25606f8-4028-48c5-88cc-6615b793056a,2025-10-13 04:09:18.000000,user46,Databricks,upload,1974,406.83,66760f6e-138f-4fb7-981b-0cdec74e4be3,
c2b5fda1-a0a2-4451-bcae-57ea8976590c,2025-10-13 04:12:23.000000,user41,Snowflake,modify,403,81.34,a0ddd8c5-72ce-4436-8709-dd9e5d37cfbc,
82b265a2-6e59-4d07-bb88-6010946cea7d,2025-10-13 04:13:23.000000,user5,SAP,download,2273,77.03,c5567c91-a717-4b13-b9c9-26babbe9354a,658bc845-297b-4b04-9018-4421a3ee93bd
b16f9c57-b090-4ee9-9cda-1cf1431c1b68,2025-10-13 04:27:23.000000,user17,Snowflake,upload,2080,283.25,fbfc9cc0-2be3-4106-b9d5-82569f7e7c8e,8fba1cc0-ed98-4402-bf99-afe91cc015ed
0bb43986-b6b6-4276-8a30-fc6eb211dcd7,2025-10-13 04:32:18.000000,user7,Workday,upload,3266,312.15,3210f70b-d70a-4da9-9968-d0731a30694c,
edcf2138-f789-41b3-8da2-0f181e10f3e6,2025-10-13 04:39:25.000000,user4,Workday,upload,1308,191.54,23e5f7ff-b0c1-4935-bda0-845f0e6687aa,
573129ac-0b7c-46dd-a5aa-8bf2b72cbc39,2025-10-13 04:49:24.000000,user7,Snowflake,modify,2398,30.98,3210f70b-d70a-4da9-9968-d0731a30694c,
8cfe3c1f-0c9b-49d9-969b-19ab85a3332d,2025-10-13 05:34:42.000000,user41,Databricks,upload,953,169.34,a0ddd8c5-72ce-4436-8709-dd9e5d37cfbc,5b6055d0-54cf-4639-968f-2f01b7c56d3a
c4ce19ad-236e-4a85-a5b9-289067b24797,2025-10-13 05:37:02.000000,user13,Jira,upload,945,169.51,f7c7492f-260c-42e5-8177-36784b9ddbb0,
c28a9635-97d2-4db6-96c3-27824e7cafe9,2025-10-13 05:44:05.000000,user21,Databricks,upload,2044,422.83,e87bfb2a-fef9-49f8-8d07-82c93ad410fd,
87d380a1-08e2-49c8-9629-b32417295c6d,2025-10-13 05:55:41.000000,user41,SAP,view,2193,258.89,a0ddd8c5-72ce-4436-8709-dd9e5d37cfbc,5b6055d0-54cf-4639-968f-2f01b7c56d3a
3cdc6bbc-1a45-4f65-9114-a9612c40dff5,2025-10-13 06:01:06.000000,user19,Workday,upload,1936,433.7,9a696ee8-2ff1-41f7-a2ed-54a5529b6a5a,c4c20f60-5934-42d2-b3a6-68be730a140e
d0598df2-1cb7-4cb3-8a71-2ff52a260d89,2025-10-13 06:03:03.000000,user46,SAP,download,3091,50.35,66760f6e-138f-4fb7-981b-0cdec74e4be3,
37a575c4-578c-4989-be57-f904c8a4882a,2025-10-13 06:08:31.000000,user41,Snowflake,modify,1042,431.73,a0ddd8c5-72ce-4436-8709-dd9e5d37cfbc,5b6055d0-54cf-4639-968f-2f01b7c56d3a
9d2d1711-e5bf-47c5-b826-9434a09699eb,2025-10-13 06:25:25.000000,user13,Snowflake,download,711,279.5,f7c7492f-260c-42e5-8177-36784b9ddbb0,
ece468ee-5e55-4519-a755-e52000b7099f,2025-10-13 07:07:56.000000,user41,Jira,upload,3577,387.29,a0ddd8c5-72ce-4436-8709-dd9e5d37cfbc,5b6055d0-54cf-4639-968f-2f01b7c56d3a
09fa8583-c1ea-4729-9856-853994bc975e,2025-10-13 07:38:59.000000,user19,Databricks,modify,1648,482.04,9a696ee8-2ff1-41f7-a2ed-54a5529b6a5a,
8d0587a6-836e-4590-9710-3dcefb6d88b5,2025-10-13 07:55:04.000000,user32,SAP,view,3169,62.74,6f58aefe-9896-4462-8e98-a820199bfac3,c845b03d-0cd9-4a6c-b46d-7d2aba778236
f39ba3d6-c4da-4fea-bcc5-5ff369d365d3,2025-10-13 08:00:53.000000,user32,Jira,modify,2269,275.67,6f58aefe-9896-4462-8e98-a820199bfac3,
43f491c0-c9c4-4b00-9d93-f036a3f74d37,2025-10-13 08:21:41.000000,user42,Snowflake,view,859,82.41,78c524a4-84cd-4aef-b2ae-4bdb0f874605,4d30ffa7-3086-413f-ab81-ff4a34fafd3a
2725d1fc-328c-4698-9f7b-6efa442e3386,2025-10-13 09:11:20.000000,user2,Snowflake,upload,3232,79.11,07668573-f081-4b3f-832f-b6e8d464b3a9,c7eb3396-3b92-48f5-a887-07c4ee0ae05f
a8f1c8d6-c507-464b-af07-27cfc6ee3926,2025-10-13 09:20:46.000000,user30,Salesforce,view,3221,308.17,0daee3d8-43d5-4742-bd18-a03fc7db6d60,8d6d0b8b-cb73-4338-987c-ae2958e30fdd
0b9ea4ec-d7ab-44ea-af37-2bef183a14b1,2025-10-13 09:30:59.000000,user7,SAP,view,1037,289.45,0ea4f7e6-e846-4d6a-b529-7f5829e17ca2,
1be1e416-832d-4f0e-a1ba-6d856511038d,2025-10-13 09:41:54.000000,user19,Snowflake,modify,3299,144.11,9a696ee8-2ff1-41f7-a2ed-54a5529b6a5a,d379d841-2571-4487-84cb-60cf215d14df
1ef6ecbf-a267-4497-b273-fb60dc6baa8e,2025-10-13 09:47:04.000000,user16,Salesforce,download,47,412.07,1003a992-5d57-4ea6-a63a-ef1148e682dd,be8f51ce-eb26-4959-972d-00979150cf6c
caaf47b1-8f34-4cc4-a719-d7816740dd23,2025-10-13 09:57:49.000000,user7,GitHub,modify,1620,37.28,0ea4f7e6-e846-4d6a-b529-7f5829e17ca2,
c6379c29-ccf4-4f87-b421-1d5b1ccca6e7,2025-10-13 10:12:07.000000,user42,Salesforce,view,358,45.64,78c524a4-84cd-4aef-b2ae-4bdb0f874605,4d30ffa7-3086-413f-ab81-ff4a34fafd3a
51ad9cfe-e7c3-4a52-bbb9-0cc04261e49b,2025-10-13 10:19:57.000000,user34,Databricks,upload,2830,357.93,acd81b08-3e43-4908-9f0b-860bc191bc02,
e6c44123-1183-4048-a7fa-2d61b7ad6f06,2025-10-13 10:26:17.000000,user19,SAP,upload,2770,434.2,9a696ee8-2ff1-41f7-a2ed-54a5529b6a5a,d379d841-2571-4487-84cb-60cf215d14df
953dccb5-0b44-4e3e-8061-831e972b35f4,2025-10-13 11:00:50.000000,user30,SAP,modify,1946,56.86,0daee3d8-43d5-4742-bd18-a03fc7db6d60,
30facd06-a068-4039-9edd-ee1a645b7843,2025-10-13 11:04:09.000000,user13,Jira,view,1961,69.66,f7c7492f-260c-42e5-8177-36784b9ddbb0,
864e5b24-2bb4-4a28-af3a-4ef072976797,2025-10-13 11:20:52.000000,user46,SAP,download,216,390.56,66760f6e-138f-4fb7-981b-0cdec74e4be3,
7d0aef74-39bd-4699-977e-d69ac92611a8,2025-10-13 11:28:11.000000,user43,Snowflake,upload,3492,489.11,c8c1ff1b-a4d6-4eab-b65d-0d1a11128dcf,
476a5a97-4d02-41a3-8375-fa97245729a8,2025-10-13 11:38:50.000000,user14,Jira,upload,3498,228.49,6178dbd5-8046-4f82-b3f9-0dd10b8e1332,
56c61ce9-ef94-4335-9c04-37733ed48406,2025-10-13 11:50:41.000000,user2,SAP,download,2490,404.88,07668573-f081-4b3f-832f-b6e8d464b3a9,
debac99e-26ee-4b43-bc92-f026b9996874,2025-10-13 12:13:56.000000,user7,Databricks,view,1348,28.4,0ea4f7e6-e846-4d6a-b529-7f5829e17ca2,
69150ac8-2ade-4252-b92d-052da73ec71b,2025-10-13 12:23:36.000000,user13,Workday,upload,68,314.71,f7c7492f-260c-42e5-8177-36784b9ddbb0,
e675e4e9-29ac-479a-a4d4-c186ffe64fcd,2025-10-13 12:37:02.000000,user30,Jira,upload,3460,114.12,0daee3d8-43d5-4742-bd18-a03fc7db6d60,8d6d0b8b-cb73-4338-987c-ae2958e30fdd
c33e05cc-156a-4869-91a4-da28f0b27e62,2025-10-13 13:09:45.000000,user30,SAP,download,1059,241.08,0daee3d8-43d5-4742-bd18-a03fc7db6d60,8d6d0b8b-cb73-4338-987c-ae2958e30fdd
770a9a47-4e3d-4244-ba62-642087a36b69,2025-10-13 13:21:08.000000,user39,Workday,upload,2072,210.88,0c1b3f7e-dca8-42e0-8f85-0b60c4c2d241,8af0f73f-c767-4be7-90ec-6e0bae226de1
8c56bc5c-12e4-479d-ba53-b2315d45103b,2025-10-13 13:39:57.000000,user14,Salesforce,view,3263,496.66,6178dbd5-8046-4f82-b3f9-0dd10b8e1332,
1d58f2de-34f1-4c5d-b8f4-3e938d8dd3de,2025-10-13 14:01:58.000000,user2,Salesforce,view,932,12.77,07668573-f081-4b3f-832f-b6e8d464b3a9,
0a7e1cce-f885-44d4-902a-72ca0859f98a,2025-10-13 14:58:42.000000,user7,Jira,download,2824,341.64,0ea4f7e6-e846-4d6a-b529-7f5829e17ca2,
14b3f5c8-9056-441c-b7b5-d50711376a6b,2025-10-13 15:25:38.000000,user39,Databricks,upload,2282,46.27,0c1b3f7e-dca8-42e0-8f85-0b60c4c2d241,36d7039c-c2e1-431f-8738-4480b46025b3
9f4319bd-5b87-4f05-98f0-c0a5a3742b8c,2025-10-13 16:00:57.000000,user7,GitHub,download,2890,146.11,6ff1371e-2ab2-44c2-85c8-b2569c507072,
bbb88494-18d8-4969-a187-4bb0f304994d,2025-10-13 16:34:33.000000,user37,Jira,upload,3190,140.81,c03d387e-a310-4023-bf30-45f4bc741f6e,342a389d-bc1f-465d-ab71-6269d1b6be9a
6a75d6c1-42f7-4bfb-91dd-6af9a06f6249,2025-10-13 16:39:10.000000,user37,Workday,download,531,181.47,c03d387e-a310-4023-bf30-45f4bc741f6e,7cf88bf6-9aab-4ca7-83e1-f637c8ff2d9d
d57e7905-1291-4bd4-b59f-1df84b911b3b,2025-10-13 16:49:28.000000,user2,Salesforce,modify,2397,69.34,07668573-f081-4b3f-832f-b6e8d464b3a9,c7eb3396-3b92-48f5-a887-07c4ee0ae05f
041abeb5-9ffe-4c7e-91e0-d844a79a6e34,2025-10-13 17:50:04.000000,user4,Snowflake,modify,443,184.78,223668fd-4185-4054-85d0-cb04708c2c54,e9acb8dc-11af-4ad8-94dc-1b6fd2bb69fd
624ce891-e0a3-4bf3-9224-7a96ce0c24f2,2025-10-13 18:09:22.000000,user42,Workday,view,1340,236.76,3621369f-62cb-45f8-8a76-7219ad037afd,4d30ffa7-3086-413f-ab81-ff4a34fafd3a
650f1e5e-37f9-4e91-9ee5-1679e0e90fd3,2025-10-13 18:42:48.000000,user42,Databricks,view,1869,453.9,3621369f-62cb-45f8-8a76-7219ad037afd,4d30ffa7-3086-413f-ab81-ff4a34fafd3a
ead9cfcd-c849-47fe-bbbf-bd2a66745d30,2025-10-13 19:20:43.000000,user16,GitHub,modify,2201,8.96,420d9081-53c1-40d8-9a4c-4d414782a503,be8f51ce-eb26-4959-972d-00979150cf6c
b4b43bfb-8a5b-4878-ba9f-bc706e7ad5f9,2025-10-13 19:45:01.000000,user23,Snowflake,modify,1415,104.91,91ae8ad0-8145-491f-a017-a0ab985fe523,
40b03ca5-0e03-4a84-8a6f-8e9dc9a7a624,2025-10-13 19:48:46.000000,user46,Workday,upload,217,224.9,234d7699-e752-4ddd-a09c-ed4d962b8a0b,
3f437cc6-1958-4c38-980c-ddbec799ce73,2025-10-13 20:28:59.000000,user46,Jira,download,634,446.86,234d7699-e752-4ddd-a09c-ed4d962b8a0b,
04e235e3-62f3-41a1-98c3-c0874f98be68,2025-10-13 20:42:21.000000,user6,Workday,upload,3214,118.42,19a61367-977f-40a0-828f-e6b7b001fc2b,8920d329-190c-4281-8363-6c207e82825a
757f43e2-c476-42d7-8863-a3a412c2f045,2025-10-13 20:53:45.000000,user50,GitHub,upload,663,188.81,a688d5c3-e2d3-4dfc-985e-db79f50c4f49,
5f5e2959-4f80-4af3-a556-321fef083f7b,2025-10-13 21:42:31.000000,user17,Workday,upload,2091,423.49,cce9e3a6-f29d-4f28-9dc4-c2bc261e1ce1,53eb2470-ba66-4ff5-9bf3-a6036ab5abb3
a5e63cca-e046-4549-8a13-df681ca63a98,2025-10-13 21:50:51.000000,user3,SAP,modify,2004,52.54,5f9b8442-5590-4904-b20b-40f0e6d5d5c4,
b2fd965b-2892-4303-b026-cc35608758db,2025-10-13 22:01:18.000000,user46,Snowflake,download,2703,446.29,234d7699-e752-4ddd-a09c-ed4d962b8a0b,
5e70701b-8712-4274-b588-7e92a5e83279,2025-10-13 22:06:16.000000,user50,SAP,download,688,114.31,a688d5c3-e2d3-4dfc-985e-db79f50c4f49,
66f6ca44-91c3-4db7-8bac-7e3be049b6c4,2025-10-13 22:17:19.000000,user22,Snowflake,upload,1128,418.74,9ee5a896-3392-4eb5-9fe0-9f2d76a06602,2c49bfdc-1aa5-431d-806e-ac6b4168dfcd
101c49fd-7d8e-4e1b-8762-1c3fa8421a2e,2025-10-13 22:23:55.000000,user35,SAP,modify,1972,100.81,7b1310ab-4279-4682-9735-1dccbb0e9b39,
2d99ff56-e643-43e0-b075-3db72a3854a8,2025-10-13 22:30:14.000000,user14,Databricks,modify,786,207.22,ee65836f-018d-4a3c-8c64-91b42a7a9cc9,
e53ba4e5-50f9-4171-a9d0-d76942b9a8b6,2025-10-13 22:36:30.000000,user3,Databricks,download,890,430.3,5f9b8442-5590-4904-b20b-40f0e6d5d5c4,
e3606de7-5a8d-4792-b7e6-61caa8bd91f3,2025-10-13 23:26:01.000000,user23,Jira,download,1740,346.12,91ae8ad0-8145-491f-a017-a0ab985fe523,
7b9469d7-e476-48e6-8eb3-24d0216a53b5,2025-10-13 23:26:30.000000,user37,Snowflake,upload,294,221.33,c03d387e-a310-4023-bf30-45f4bc741f6e,7cf88bf6-9aab-4ca7-83e1-f637c8ff2d9d
9d57bd97-3f2c-4a98-82ed-bc54627f4864,2025-10-13 23:28:06.000000,user45,Salesforce,view,1018,415.76,763da3b6-ec87-4a51-8581-db6d8946bdfd,
b61b53ce-7738-4ce3-8431-7f265c18d27c,2025-10-13 23:30:05.000000,user37,GitHub,download,3424,39.64,604ee718-5584-46c3-b57b-ffc34d96d23d,342a389d-bc1f-465d-ab71-6269d1b6be9a
353559d5-58a4-41a4-a6aa-ba6913ec6aaf,2025-10-13 23:37:51.000000,user50,Databricks,upload,3163,281.83,a688d5c3-e2d3-4dfc-985e-db79f50c4f49,
3b0636c7-a737-4a53-93aa-eda124626d40,2025-10-13 23:41:50.000000,user25,Jira,modify,2336,140.04,2afed251-e938-4f9b-8e04-57e2467a425f,
20bda611-70d2-43e1-a2f8-6ff99bb1a638,2025-10-13 23:44:09.000000,user37,Jira,modify,2000,332.63,c03d387e-a310-4023-bf30-45f4bc741f6e,0a98e4d6-606a-49fb-9b7e-74dd21a77842
3576d9f2-2986-40c9-a7cd-2dd83f9660bf,2025-10-14 00:06:21.000000,user17,Jira,view,693,281.75,cce9e3a6-f29d-4f28-9dc4-c2bc261e1ce1,9812fce7-161c-40de-a265-28aedb30a13f
a0db510f-494e-4508-9fb2-994efa40f05b,2025-10-14 00:07:18.000000,user3,Jira,view,1762,83.03,5f9b8442-5590-4904-b20b-40f0e6d5d5c4,
06a62587-0197-4b03-9923-5899bed156da,2025-10-14 00:20:17.000000,user25,GitHub,download,2395,112.71,2afed251-e938-4f9b-8e04-57e2467a425f,
c144ce27-e69a-4414-9624-ad9da044745e,2025-10-14 00:31:58.000000,user22,Snowflake,upload,749,470.06,9ee5a896-3392-4eb5-9fe0-9f2d76a06602,2c49bfdc-1aa5-431d-806e-ac6b4168dfcd
407ce4d1-7421-4d66-a8dc-824e0da7068b,2025-10-14 00:35:45.000000,user6,SAP,download,2517,27.01,19a61367-977f-40a0-828f-e6b7b001fc2b,8920d329-190c-4281-8363-6c207e82825a
45af416c-3c54-4563-a25e-868ed3e3e217,2025-10-14 00:43:09.000000,user16,SAP,view,2344,479.96,c10a8ea8-3381-4149-9038-195fd74d6f2d,6616041d-beb3-4ba3-b1ab-8ae47fc271e7
43da3106-d001-445d-82d3-0ca7262c0f71,2025-10-14 00:53:24.000000,user44,Databricks,modify,1457,478.6,3c7aaa38-4422-450d-8ae5-5d5e8af01a32,
7b100ec1-2368-4a40-ba85-fea7e06fe1d8,2025-10-14 00:56:45.000000,user44,GitHub,upload,1439,426.9,3c7aaa38-4422-450d-8ae5-5d5e8af01a32,
ac424c7e-67ca-41bd-bfdc-463b876db9a1,2025-10-14 01:00:21.000000,user37,Databricks,modify,1922,350.66,888f2992-93f9-4041-9ef7-9872067fc35f,
05baaa1a-096c-4a8b-b185-983946258f15,2025-10-14 01:06:56.000000,user44,SAP,modify,1412,142.56,3c7aaa38-4422-450d-8ae5-5d5e8af01a32,
081e96af-f69e-4137-b446-59c7bb74c540,2025-10-14 01:12:56.000000,user6,Salesforce,download,2452,340.03,19a61367-977f-40a0-828f-e6b7b001fc2b,8920d329-190c-4281-8363-6c207e82825a
766214c7-a9f3-4447-9658-27734e95faf0,2025-10-14 01:54:11.000000,user10,Databricks,view,1174,130.26,b567acf9-a9fe-41cf-a360-ab791a321620,
a82300a8-f99a-4bfb-a899-482de42e448e,2025-10-14 02:12:10.000000,user45,Jira,upload,1440,128.09,763da3b6-ec87-4a51-8581-db6d8946bdfd,f1bb58b5-2a45-48d5-847c-03390768bb6b
20c81b4c-9f53-4a62-baba-5ad0168db9bb,2025-10-14 02:15:09.000000,user45,Salesforce,download,1787,475.82,763da3b6-ec87-4a51-8581-db6d8946bdfd,a137b113-2e9b-47f1-ae6a-972a79be58b8
a0122b5b-88c4-43b2-aec0-912d57d2fa0b,2025-10-14 02:15:39.000000,user14,Snowflake,upload,2836,6.38,ee65836f-018d-4a3c-8c64-91b42a7a9cc9,
394299e9-d415-4ef3-a322-a9bfc7b41af7,2025-10-14 02:23:54.000000,user19,Salesforce,download,1114,312.09,836afc42-bf8b-47d9-9ec9-12392e80a80f,
7dac037c-4140-4680-96b7-80dc8c81a5cd,2025-10-14 02:33:53.000000,user45,SAP,upload,1715,225.67,763da3b6-ec87-4a51-8581-db6d8946bdfd,ae4ce739-9812-4946-bf46-e05f0a5a95f5
e3afdecb-4c01-4ac2-bc51-3103799a0c9c,2025-10-14 02:42:18.000000,user25,Databricks,view,2241,111.92,2afed251-e938-4f9b-8e04-57e2467a425f,
152225c5-774c-40a4-b893-d76b0c10303f,2025-10-14 02:45:19.000000,user19,Jira,modify,2294,322.62,836afc42-bf8b-47d9-9ec9-12392e80a80f,d379d841-2571-4487-84cb-60cf215d14df
5927fb0e-a61a-4958-9718-9adab0af7423,2025-10-14 02:49:33.000000,user44,Snowflake,modify,1032,179.4,3c7aaa38-4422-450d-8ae5-5d5e8af01a32,
01099f5f-e00c-4876-843b-8712ecf16d29,2025-10-14 03:02:20.000000,user39,SAP,upload,1321,437.41,88466c6f-5742-4c81-b476-2038ad0f3709,b76ee81f-d21f-489a-a81f-04e7f0f8ed31
11c11004-a93f-4b2d-956f-5bdd6685a991,2025-10-14 03:04:04.000000,user3,Jira,modify,768,30.76,5f9b8442-5590-4904-b20b-40f0e6d5d5c4,
9537191d-3185-40ce-8266-809002c8cc66,2025-10-14 03:07:01.000000,user19,Jira,download,1518,377.02,836afc42-bf8b-47d9-9ec9-12392e80a80f,d379d841-2571-4487-84cb-60cf215d14df
6d42fd61-1e03-4236-9493-ebf3812302c5,2025-10-14 03:10:37.000000,user3,Jira,upload,2697,443.62,5f9b8442-5590-4904-b20b-40f0e6d5d5c4,
46088839-6aad-4de6-91fb-2bc2cdfbff14,2025-10-14 03:10:39.000000,user14,Snowflake,download,1932,441.89,ee65836f-018d-4a3c-8c64-91b42a7a9cc9,
1f64b350-ef8b-481c-b468-757405275a51,2025-10-14 03:15:19.000000,user39,Snowflake,download,1555,116.83,55943fec-0846-455c-80a3-d5c1e4bbba74,
f11bfed1-a575-4127-9c96-a5960d5ad93d,2025-10-14 03:21:29.000000,user22,Snowflake,modify,2404,29.71,d7b345f0-7d02-40da-8628-77e49ef0b6ef,
180c1cdc-927d-4364-8141-048278c8306a,2025-10-14 03:31:40.000000,user50,SAP,view,287,177.56,0611cb09-43ef-4d93-9e44-c336cf3dca62,
5686d04b-6884-47c9-9aa5-46587be6cbec,2025-10-14 03:41:05.000000,user47,Jira,modify,338,241.08,040a7c29-e696-4c24-af54-13b9a72baba3,
fcdf64e4-7241-42b2-abec-88b2f5999e5b,2025-10-14 03:47:25.000000,user25,Jira,upload,1095,31.37,2afed251-e938-4f9b-8e04-57e2467a425f,
6059b521-54f8-4a0f-bd4e-cd334c4b9ae7,2025-10-14 03:52:38.000000,user37,Workday,view,421,498.45,604ee718-5584-46c3-b57b-ffc34d96d23d,0a98e4d6-606a-49fb-9b7e-74dd21a77842
b2855826-beab-4b9a-af32-01111562fec9,2025-10-14 04:10:28.000000,user49,Jira,view,1797,246.86,00b1474e-87f6-4142-ac51-c675a3e2e9c7,25164d57-00b3-4fce-9b29-610dad70bedd
7ebc0a7b-74f6-4a73-b0fb-94ed3e7014e3,2025-10-14 04:17:16.000000,user47,Databricks,view,90,192.58,040a7c29-e696-4c24-af54-13b9a72baba3,d6de783a-8c3d-4581-a0e1-683af840b183
f0f34947-d832-47b7-9919-60bece641fff,2025-10-14 04:27:34.000000,user22,Databricks,modify,796,15.76,9ee5a896-3392-4eb5-9fe0-9f2d76a06602,2c49bfdc-1aa5-431d-806e-ac6b4168dfcd
9e0ed013-2416-4bf0-9ad9-a319d9ea86cc,2025-10-14 04:35:41.000000,user10,Workday,view,1551,388.54,b567acf9-a9fe-41cf-a360-ab791a321620,1c51181e-a3fa-45cb-bad5-7de71970c000
f2d7ee67-2360-46cb-b624-9c470cadacb3,2025-10-14 04:37:03.000000,user37,Workday,upload,475,349.74,888f2992-93f9-4041-9ef7-9872067fc35f,
06cb3eae-d13f-4515-a14b-7fe12f069a34,2025-10-14 04:51:44.000000,user19,Jira,view,2101,429.72,836afc42-bf8b-47d9-9ec9-12392e80a80f,d379d841-2571-4487-84cb-60cf215d14df
71ded603-8f24-487a-a106-c563b18ed3a9,2025-10-14 04:52:56.000000,user50,Databricks,view,2413,320.28,0611cb09-43ef-4d93-9e44-c336cf3dca62,
8842e343-5064-472d-86f3-a9c46b89c481,2025-10-14 05:04:04.000000,user50,GitHub,view,1331,47.95,0611cb09-43ef-4d93-9e44-c336cf3dca62,
4eb3c1fa-d3fd-41f0-885b-5d2485ead34a,2025-10-14 05:07:02.000000,user14,Databricks,view,1668,462.0,ee65836f-018d-4a3c-8c64-91b42a7a9cc9,
ad6cb64e-f31b-4fc6-94bb-50908204d05a,2025-10-14 05:52:58.000000,user5,Salesforce,download,2017,458.75,5c46d295-6d79-4886-9c29-1f86eeddec0c,658bc845-297b-4b04-9018-4421a3ee93bd
6ddf11ae-4043-40cd-93cc-42dd2a1fa9cb,2025-10-14 05:54:47.000000,user37,Workday,view,685,447.51,888f2992-93f9-4041-9ef7-9872067fc35f,0a98e4d6-606a-49fb-9b7e-74dd21a77842
edf5042c-83b7-4eff-b2f5-80f906707ab1,2025-10-14 05:57:38.000000,user22,GitHub,download,2940,397.07,b9410f1e-c60a-4282-a209-ae6c8a9fe520,
cd11e89c-507e-4d56-ac65-92fbd398557b,2025-10-14 06:00:22.000000,user5,Databricks,view,2085,273.08,5c46d295-6d79-4886-9c29-1f86eeddec0c,
1efda89a-299b-4d66-bb4a-52ba71b1d807,2025-10-14 06:12:41.000000,user39,Workday,upload,1969,159.93,55943fec-0846-455c-80a3-d5c1e4bbba74,80ea0568-78e6-4828-90da-ac0949949351
6d252f11-2b1d-4ec3-8d4b-48e74acb5482,2025-10-14 06:17:41.000000,user22,Workday,view,1450,282.6,d7b345f0-7d02-40da-8628-77e49ef0b6ef,2c49bfdc-1aa5-431d-806e-ac6b4168dfcd
5d46d568-8e9b-46db-807a-581dec0f0224,2025-10-14 06:35:46.000000,user19,Workday,download,2973,210.47,836afc42-bf8b-47d9-9ec9-12392e80a80f,d379d841-2571-4487-84cb-60cf215d14df
8be404c9-34e8-4911-86f3-2f7cc8c41671,2025-10-14 06:36:04.000000,user27,SAP,view,1252,487.5,a17ad850-1ba2-4d05-9836-dccdbf0b5007,1f68baa5-53ee-4992-838e-2c30cac2725a
a0af31cb-30df-40f0-94c1-4a540aa64d5e,2025-10-14 06:38:33.000000,user39,Salesforce,modify,770,198.37,55943fec-0846-455c-80a3-d5c1e4bbba74,8af0f73f-c767-4be7-90ec-6e0bae226de1
6bc9b7e8-5e0f-4756-b5c7-796c5846184f,2025-10-14 07:35:09.000000,user49,Databricks,modify,990,379.02,00b1474e-87f6-4142-ac51-c675a3e2e9c7,
31c0ec2e-b442-496a-9369-ca94f1b8a314,2025-10-14 07:38:42.000000,user22,Snowflake,modify,3436,482.99,d7b345f0-7d02-40da-8628-77e49ef0b6ef,2c49bfdc-1aa5-431d-806e-ac6b4168dfcd
8ae993c1-ca65-4f5e-854d-584866eaa09b,2025-10-14 07:49:21.000000,user44,Snowflake,modify,3533,203.01,3c7aaa38-4422-450d-8ae5-5d5e8af01a32,
686efb81-9f5a-41cc-a7e0-8bc3feb1a158,2025-10-14 07:54:52.000000,user5,Jira,modify,1563,346.52,5c46d295-6d79-4886-9c29-1f86eeddec0c,658bc845-297b-4b04-9018-4421a3ee93bd
36e32fc4-7ea1-42b1-ad7c-10f59edf2c18,2025-10-14 07:58:00.000000,user22,GitHub,modify,1644,459.65,d7b345f0-7d02-40da-8628-77e49ef0b6ef,2c49bfdc-1aa5-431d-806e-ac6b4168dfcd
d466138f-eb36-4eae-abc1-83cab68a3018,2025-10-14 08:18:25.000000,user22,SAP,modify,2585,97.63,d7b345f0-7d02-40da-8628-77e49ef0b6ef,2c49bfdc-1aa5-431d-806e-ac6b4168dfcd
1ff24cce-3908-44f0-abd9-20b531aaa34f,2025-10-14 08:18:52.000000,user47,Workday,modify,261,59.83,040a7c29-e696-4c24-af54-13b9a72baba3,d6de783a-8c3d-4581-a0e1-683af840b183
9f8cc526-b820-49ef-b197-6e2ddce4153e,2025-10-14 08:38:30.000000,user39,SAP,download,1061,192.16,55943fec-0846-455c-80a3-d5c1e4bbba74,
e909f8ac-1b18-4b49-8c2a-e66518f364fd,2025-10-14 08:58:46.000000,user22,GitHub,modify,3427,369.67,b9410f1e-c60a-4282-a209-ae6c8a9fe520,
2846faee-a34d-477d-8f3f-e3181cfa95cc,2025-10-14 09:10:51.000000,user39,Snowflake,download,3342,383.46,88466c6f-5742-4c81-b476-2038ad0f3709,80ea0568-78e6-4828-90da-ac0949949351
f6464913-ad05-46d6-97bf-ca7ad132d6e2,2025-10-14 09:37:00.000000,user39,SAP,view,2349,102.37,55943fec-0846-455c-80a3-d5c1e4bbba74,
984c4845-1561-4527-a867-72c794abf719,2025-10-14 09:45:47.000000,user22,Jira,upload,420,179.63,b9410f1e-c60a-4282-a209-ae6c8a9fe520,
f476e723-bd35-4925-a001-c0d55c1e1da6,2025-10-14 09:49:32.000000,user49,GitHub,view,2449,90.99,00b1474e-87f6-4142-ac51-c675a3e2e9c7,
5a867826-39eb-4688-b0c8-094f5a3a74f1,2025-10-14 10:01:03.000000,user22,Databricks,upload,1943,358.49,b9410f1e-c60a-4282-a209-ae6c8a9fe520,
a99909b6-984c-498c-900a-f8b289c3b726,2025-10-14 10:27:16.000000,user22,GitHub,view,2158,167.44,b9410f1e-c60a-4282-a209-ae6c8a9fe520,2c49bfdc-1aa5-431d-806e-ac6b4168dfcd
d9e42d59-2840-4585-a07c-c91f252ee672,2025-10-14 10:44:55.000000,user46,Jira,view,1104,459.36,a9294685-8447-4302-9f32-b97f43e912c2,
e50d5977-709a-4626-b2c1-66d76049a4ed,2025-10-14 10:59:25.000000,user31,Databricks,download,2020,329.88,9e0e2b32-3a37-472b-96ae-4be75a33857a,
02ca45b3-e181-438a-a1ec-a74c634a8493,2025-10-14 10:59:40.000000,user46,GitHub,view,106,358.87,a9294685-8447-4302-9f32-b97f43e912c2,
3d282e02-1592-4051-a941-a793fd66c863,2025-10-14 11:30:32.000000,user3,Snowflake,modify,3277,82.1,c72ba971-8575-473d-9ecd-7d78e25b2a08,
4cb05354-a1c2-44f8-923b-b3d7c6822490,2025-10-14 11:38:57.000000,user31,Jira,view,2876,24.34,9e0e2b32-3a37-472b-96ae-4be75a33857a,54051b9c-148f-4394-9326-d32b45df1e5c
c3c79549-62c0-4d06-8fcb-807d65f6b82f,2025-10-14 12:04:37.000000,user9,Snowflake,upload,1659,241.65,681ea9ea-64ea-4eb5-a97e-01e7e3b966b6,
e34295b5-cfb9-45d6-8995-af0810d9c475,2025-10-14 12:21:27.000000,user3,Salesforce,modify,2463,6.71,c72ba971-8575-473d-9ecd-7d78e25b2a08,
db754bbc-5bdf-4f24-be9c-6ceaf7908645,2025-10-14 12:54:57.000000,user36,Salesforce,modify,1474,364.94,ad4fb802-0268-44a3-87a9-cfc3bab03ca1,80af903e-90ac-4904-bfab-6d1fe8545a24
13a59e9f-3c45-4699-affe-bb1757b4c5cf,2025-10-14 12:55:13.000000,user4,SAP,view,872,491.54,f60d8b88-fbe9-41fa-adce-cf7f5e5021b3,
d19d8191-7c4e-4a7d-a5ea-f95d9310aa68,2025-10-14 13:09:53.000000,user4,Snowflake,download,3413,213.38,f60d8b88-fbe9-41fa-adce-cf7f5e5021b3,7f4bd8f8-adf3-4efa-97ff-77c5dbf502c8
b9785b60-8e7c-4895-8253-1759386cce7b,2025-10-14 13:23:24.000000,user4,Snowflake,view,2663,468.49,f60d8b88-fbe9-41fa-adce-cf7f5e5021b3,
63c19ead-a596-4c95-9ec8-ab26c5019671,2025-10-14 13:30:22.000000,user46,Snowflake,upload,1792,97.91,a9294685-8447-4302-9f32-b97f43e912c2,
2d151e37-2a43-4352-ba0a-dd0469477690,2025-10-14 13:56:19.000000,user3,Jira,modify,2442,380.48,c72ba971-8575-473d-9ecd-7d78e25b2a08,
74c95984-60f5-47b0-8af7-783351598e7a,2025-10-14 14:23:18.000000,user9,Databricks,upload,1279,462.06,681ea9ea-64ea-4eb5-a97e-01e7e3b966b6,
76a0498b-fe8c-4040-8f07-6cebb9ea8b82,2025-10-14 14:49:25.000000,user24,Databricks,modify,1130,173.33,7fb68f63-d0f2-4614-af99-98a9269b2cfd,
0841bdcb-8906-42dd-aeb3-b6b777bd21af,2025-10-14 15:06:04.000000,user24,SAP,download,3433,420.43,8db66f99-a3d1-4863-a816-49c4faaa1867,765a447d-23f3-420f-8ccc-869682af644d
5af2ae44-0cdd-482b-87be-538fafe14325,2025-10-14 15:12:48.000000,user34,Databricks,modify,2142,217.5,70ed1b01-6282-415c-843b-2afc16e6dbfc,e4c02114-af61-4266-aea9-b42b2a9fc72c
6c13779d-77d7-40c5-8ca1-a726519c7663,2025-10-14 15:19:24.000000,user48,Workday,download,3048,47.84,12b69b4e-9be2-4bcd-9abf-9459c4f51818,
f718cf35-dfa8-4406-8389-38c11f8a991f,2025-10-14 15:35:10.000000,user33,Jira,download,727,415.91,27eda345-26b2-4556-9aa1-2c377c11bf41,
5a89af74-7337-408a-9d5a-c264ce57a236,2025-10-14 15:39:04.000000,user24,Jira,upload,1122,385.98,7fb68f63-d0f2-4614-af99-98a9269b2cfd,765a447d-23f3-420f-8ccc-869682af644d
356042e8-a1ff-4e80-94ee-2fde0bdc5539,2025-10-14 15:43:40.000000,user39,Snowflake,modify,1913,90.16,2dc5e7f2-bb35-4e7f-b8a8-ea336f357580,36d7039c-c2e1-431f-8738-4480b46025b3
19d64c22-0bcb-4695-b7ae-fab16342afad,2025-10-14 15:46:04.000000,user36,Jira,modify,3130,441.58,ad4fb802-0268-44a3-87a9-cfc3bab03ca1,
0ef1b313-e9ce-47e8-99a8-caa06a337fd5,2025-10-14 15:46:30.000000,user24,Workday,modify,1631,141.41,8db66f99-a3d1-4863-a816-49c4faaa1867,
c4aec7d3-33ee-4990-aa02-6852cdaa94e8,2025-10-14 15:58:49.000000,user46,SAP,view,2384,110.58,a9294685-8447-4302-9f32-b97f43e912c2,
9a82b98a-17a0-45fc-9499-a1e4621048a3,2025-10-14 16:26:10.000000,user36,Databricks,modify,737,92.6,ad4fb802-0268-44a3-87a9-cfc3bab03ca1,80af903e-90ac-4904-bfab-6d1fe8545a24
9baa7ed9-1c6a-43f5-8e5c-e98490bff1ca,2025-10-14 16:53:28.000000,user42,Snowflake,download,110,499.0,10e7bee0-d4dc-42d9-baa7-df0ad68b4dd8,4d30ffa7-3086-413f-ab81-ff4a34fafd3a
1674c62d-e50d-4dd0-8e3d-ed54224f924c,2025-10-14 17:00:11.000000,user48,Salesforce,view,3451,399.24,12b69b4e-9be2-4bcd-9abf-9459c4f51818,
2de33780-f195-48bc-8a6f-fea4f2558be6,2025-10-14 17:12:14.000000,user4,Jira,upload,592,469.41,f60d8b88-fbe9-41fa-adce-cf7f5e5021b3,e9acb8dc-11af-4ad8-94dc-1b6fd2bb69fd
63cefbaf-51d7-4fa8-8b4c-52d37f24a67b,2025-10-14 17:44:31.000000,user31,Databricks,modify,1250,418.34,9e0e2b32-3a37-472b-96ae-4be75a33857a,54051b9c-148f-4394-9326-d32b45df1e5c
09a62b79-ff27-404c-a5fc-4f42774b1613,2025-10-14 17:54:19.000000,user34,Jira,upload,744,46.59,70ed1b01-6282-415c-843b-2afc16e6dbfc,e4c02114-af61-4266-aea9-b42b2a9fc72c
5a707b8a-301e-4fb2-bea0-865fc4bc4cda,2025-10-14 17:54:41.000000,user24,Snowflake,view,2374,163.46,8db66f99-a3d1-4863-a816-49c4faaa1867,765a447d-23f3-420f-8ccc-869682af644d
d2265596-800f-43fc-8ce3-85771e50ed44,2025-10-14 18:01:59.000000,user36,Jira,download,1377,109.8,b088ff6c-d9ea-410e-808f-d747ad827cfe,
781603b5-399f-49a1-99e5-0c00fdc8438b,2025-10-14 18:12:05.000000,user34,Jira,modify,1742,280.15,70ed1b01-6282-415c-843b-2afc16e6dbfc,
bb89d353-f34a-43d4-93f7-bd7829c5e416,2025-10-14 18:15:33.000000,user42,Workday,upload,1785,404.62,10e7bee0-d4dc-42d9-baa7-df0ad68b4dd8,
d5dba8e2-e750-4c99-9dfd-af729f561725,2025-10-14 18:34:34.000000,user42,Salesforce,upload,1982,475.56,10e7bee0-d4dc-42d9-baa7-df0ad68b4dd8,
f085db58-04e0-45d0-ba99-d63f3cc9b60c,2025-10-14 19:11:46.000000,user15,Snowflake,download,3483,326.26,483a2304-9fb4-4342-af9e-9090b44c5c76,
679b1eba-f3cb-4666-b7cf-e70d0176b347,2025-10-14 19:25:40.000000,user42,Workday,upload,2505,146.87,10e7bee0-d4dc-42d9-baa7-df0ad68b4dd8,4d30ffa7-3086-413f-ab81-ff4a34fafd3a
788ea0c3-c2ae-4bf3-8f8b-d465e6d06492,2025-10-14 19:29:49.000000,user31,Databricks,view,3153,35.79,838df62f-de24-43de-b077-6d71e04eac0f,54051b9c-148f-4394-9326-d32b45df1e5c
e5b852d7-e86a-4402-b670-12e0ae7cd12a,2025-10-14 19:38:08.000000,user46,SAP,download,2691,420.79,48113e74-431a-45cd-8972-f668454e9c91,
6073df54-731d-4356-a436-36b07f67ef60,2025-10-14 19:44:13.000000,user15,GitHub,upload,899,229.06,483a2304-9fb4-4342-af9e-9090b44c5c76,8a2a3a6d-56fb-4952-a8a5-7a3c4b9bdc9d
b8c2977f-e4c6-4c2c-a407-ad9965fa5cbc,2025-10-14 19:45:24.000000,user24,Databricks,upload,2886,92.19,7fb68f63-d0f2-4614-af99-98a9269b2cfd,765a447d-23f3-420f-8ccc-869682af644d
b913c49e-d495-488f-9934-22937c0dab3e,2025-10-14 19:48:40.000000,user31,Salesforce,upload,732,203.21,7b03aacb-fed2-4fcd-aa7f-f853c40bf2a0,980e07e4-d144-4108-ba59-fa5c2a10374a
1a9d4f5d-f72c-40be-add8-2ae4a105167b,2025-10-14 19:59:31.000000,user36,Jira,view,1536,329.9,4ee61611-609e-46bf-b1ac-d8f995dbb244,
d70cb550-22fa-4212-b2d3-6cbfabc220da,2025-10-14 20:09:45.000000,user48,Jira,view,1102,336.31,12b69b4e-9be2-4bcd-9abf-9459c4f51818,
1d84a82e-795a-4d53-8da3-a6c67ddb0c6f,2025-10-14 20:14:46.000000,user36,Workday,download,568,340.04,4ee61611-609e-46bf-b1ac-d8f995dbb244,80af903e-90ac-4904-bfab-6d1fe8545a24
7b23a627-4fd3-4aa7-b129-a0b4b1ee3624,2025-10-14 20:43:51.000000,user46,Snowflake,modify,2921,124.74,48113e74-431a-45cd-8972-f668454e9c91,
b3c7ea38-5c81-469a-b45d-8cf1f9ec2fb5,2025-10-14 20:50:25.000000,user31,Salesforce,view,2786,497.6,838df62f-de24-43de-b077-6d71e04eac0f,
eb28b375-0dbe-4f78-b1c3-d0ba9386b5a7,2025-10-14 20:54:22.000000,user29,Databricks,modify,140,198.78,ba87bb08-c2fd-4696-8869-82410879fedc,
2afb6677-3910-44b5-b758-3657cc0e8800,2025-10-14 21:08:57.000000,user35,Workday,view,2262,432.29,aa657a5b-fdfb-4362-8987-cff26cc832a9,d320074d-1f8d-4a8d-9be0-5d38efb2846e
f5bc2509-c500-411e-81ad-791819b772b1,2025-10-14 21:13:25.000000,user24,Salesforce,download,2375,128.51,7fb68f63-d0f2-4614-af99-98a9269b2cfd,765a447d-23f3-420f-8ccc-869682af644d
a195a964-70fd-46b1-8739-a3adc99bd04e,2025-10-14 21:15:47.000000,user34,Snowflake,upload,960,250.93,70ed1b01-6282-415c-843b-2afc16e6dbfc,e4c02114-af61-4266-aea9-b42b2a9fc72c
6f7e06cd-2ba9-4cd3-abab-d3a764053208,2025-10-14 21:30:58.000000,user35,Workday,view,2874,228.25,aa657a5b-fdfb-4362-8987-cff26cc832a9,d320074d-1f8d-4a8d-9be0-5d38efb2846e
b5d2924a-89af-4c80-be0c-e42689f3d126,2025-10-14 21:37:15.000000,user36,Jira,upload,3208,41.56,b088ff6c-d9ea-410e-808f-d747ad827cfe,
6e815aa1-da33-4015-bf82-20809345fb77,2025-10-14 21:39:39.000000,user36,SAP,download,1667,13.01,b088ff6c-d9ea-410e-808f-d747ad827cfe,80af903e-90ac-4904-bfab-6d1fe8545a24
bf8d257e-c010-469e-829b-fa12b3b799e4,2025-10-14 21:45:41.000000,user34,Databricks,upload,1231,386.58,70ed1b01-6282-415c-843b-2afc16e6dbfc,
4b180cfd-ad2c-48be-b390-dcaab3ec008f,2025-10-14 21:56:52.000000,user46,GitHub,modify,1518,206.54,48113e74-431a-45cd-8972-f668454e9c91,
a6019588-919e-494c-ab63-11a1029ca8c9,2025-10-14 22:24:47.000000,user31,SAP,modify,386,337.61,7b03aacb-fed2-4fcd-aa7f-f853c40bf2a0,54051b9c-148f-4394-9326-d32b45df1e5c
3b548ebf-255a-41bf-a18b-2b7e5aa274aa,2025-10-14 22:46:48.000000,user36,Workday,view,274,75.43,4ee61611-609e-46bf-b1ac-d8f995dbb244,80af903e-90ac-4904-bfab-6d1fe8545a24
8c753263-fb82-4421-a1ff-39b391a8e688,2025-10-14 22:54:24.000000,user29,Databricks,view,3378,202.87,ba87bb08-c2fd-4696-8869-82410879fedc,
dc525db2-6e66-4438-b6ee-fbb5b3a0a380,2025-10-14 23:09:53.000000,user46,Workday,view,75,388.76,48113e74-431a-45cd-8972-f668454e9c91,
7e81ebfc-2b89-47d4-bf00-3e297545fe55,2025-10-14 23:25:07.000000,user29,Snowflake,modify,779,367.71,ba87bb08-c2fd-4696-8869-82410879fedc,
7f7b8c2b-44ae-4fe9-8b30-e6f3d4612a63,2025-10-15 00:31:45.000000,user24,Jira,download,2655,136.27,7a36fe1a-5fea-4f98-8e95-662065b0846a,765a447d-23f3-420f-8ccc-869682af644d
4bec5823-8276-4596-884a-8336bc456502,2025-10-15 00:48:11.000000,user36,Jira,download,3107,103.42,b088ff6c-d9ea-410e-808f-d747ad827cfe,80af903e-90ac-4904-bfab-6d1fe8545a24
b2f03b9b-9460-469f-bc9c-c701328c8933,2025-10-15 00:50:54.000000,user24,SAP,view,1938,362.61,7a36fe1a-5fea-4f98-8e95-662065b0846a,
1169b48a-dbed-4569-9d76-7c9a3106dd3a,2025-10-15 01:08:53.000000,user24,Workday,download,807,1.99,7a36fe1a-5fea-4f98-8e95-662065b0846a,765a447d-23f3-420f-8ccc-869682af644d
ea3ec8ce-49c1-471c-83be-fc2dfc509b39,2025-10-15 01:44:37.000000,user40,SAP,view,492,141.86,282c14b3-e053-4ba5-8ba1-8c39f76c2787,
72e9ca19-4fef-4140-b6c9-e03aa52ec332,2025-10-15 01:51:56.000000,user24,Salesforce,modify,1142,116.77,7a36fe1a-5fea-4f98-8e95-662065b0846a,
5c474bb8-85d0-4cac-9359-505244a084c5,2025-10-15 02:01:55.000000,user35,GitHub,view,3486,335.7,aa657a5b-fdfb-4362-8987-cff26cc832a9,
06e436fb-6993-4fdc-b395-d154322c02e5,2025-10-15 02:10:17.000000,user31,Jira,modify,3346,290.53,838df62f-de24-43de-b077-6d71e04eac0f,4c01fc74-1a84-43b1-acb2-dd228eae6280
e90b715e-0c5a-4055-9ab7-3592291736ee,2025-10-15 02:39:26.000000,user31,Jira,view,2331,77.81,838df62f-de24-43de-b077-6d71e04eac0f,54051b9c-148f-4394-9326-d32b45df1e5c
55570c6d-1467-45d3-b92c-9d883d2c40ff,2025-10-15 02:45:34.000000,user31,Jira,view,1904,369.03,7b03aacb-fed2-4fcd-aa7f-f853c40bf2a0,54051b9c-148f-4394-9326-d32b45df1e5c
adcd05e6-c4d0-45df-aa39-9f672ee0e154,2025-10-15 04:10:44.000000,user24,GitHub,modify,3354,28.1,7a36fe1a-5fea-4f98-8e95-662065b0846a,
6df3db11-f7b8-4b2f-8aff-0a0f3c60f8fd,2025-10-15 04:43:32.000000,user3,Salesforce,download,2283,87.75,7b3b15bb-7d1b-4374-888c-8152ee33bcb3,
5d52e134-64ca-4aae-ae85-bab448cf47c4,2025-10-15 04:54:12.000000,user26,Workday,view,1013,312.83,498d0d87-6292-4d68-a6ad-12a6f69a4304,043a7bd6-8544-453b-a3d9-ea0e83ed065a
9507b7d0-dcf1-44b7-a711-1de18af3f0e9,2025-10-15 05:34:13.000000,user26,Jira,view,2975,300.32,498d0d87-6292-4d68-a6ad-12a6f69a4304,043a7bd6-8544-453b-a3d9-ea0e83ed065a
712d9a54-3dfe-4117-b571-6cbc231bab5d,2025-10-15 05:42:57.000000,user50,Workday,modify,1755,98.11,46cd0bb6-5ac5-4782-9848-347b64264069,
f1f8d870-ce56-4ae8-bc05-fa7c13ee04bd,2025-10-15 05:49:26.000000,user40,Jira,download,139,496.95,282c14b3-e053-4ba5-8ba1-8c39f76c2787,
1c882b71-9195-41a7-995e-8b6abfbbbe9c,2025-10-15 07:06:39.000000,user3,Snowflake,download,226,102.59,7b3b15bb-7d1b-4374-888c-8152ee33bcb3,
1f74e97b-4fe9-4e69-8fec-0464fb44f3a1,2025-10-15 07:28:22.000000,user14,Jira,upload,1048,5.47,abc5626c-d4c3-41f4-9d5c-fdb899f97391,
ecef1ab9-4583-4ead-9d10-cdbc30a5820c,2025-10-15 07:36:25.000000,user50,Databricks,upload,3319,297.84,46cd0bb6-5ac5-4782-9848-347b64264069,
40e7aeea-5c05-4e84-8aca-12b530ed9564,2025-10-15 08:01:45.000000,user3,Snowflake,view,1890,80.51,7b3b15bb-7d1b-4374-888c-8152ee33bcb3,
7b741245-c3ae-4fd3-a5f2-1fb2730737c7,2025-10-15 08:15:54.000000,user26,Databricks,download,1693,196.56,498d0d87-6292-4d68-a6ad-12a6f69a4304,
9eaba463-6651-4e2a-8353-96a4fd93dbd3,2025-10-15 08:29:15.000000,user5,Workday,view,1053,305.41,ed3e2089-d4ca-4b03-b5c4-9707264fa190,658bc845-297b-4b04-9018-4421a3ee93bd
6a38f593-c887-49f6-805a-8af1051172bc,2025-10-15 08:35:53.000000,user5,Workday,download,3417,351.14,ed3e2089-d4ca-4b03-b5c4-9707264fa190,658bc845-297b-4b04-9018-4421a3ee93bd
64144909-0125-41fb-ac1b-5de8f6beaeb9,2025-10-15 08:41:52.000000,user4,Jira,download,2505,387.96,22af3a32-2e33-49c9-855a-e83d6105c8bd,7f4bd8f8-adf3-4efa-97ff-77c5dbf502c8
925c768d-a16c-4da4-83f6-e106696c84e1,2025-10-15 09:11:58.000000,user49,Snowflake,download,2694,425.61,83b15dbd-1235-41b9-a742-608fc4d42178,25164d57-00b3-4fce-9b29-610dad70bedd
674c25ef-a29f-439c-ad89-3aafc081fd9d,2025-10-15 09:28:53.000000,user5,Snowflake,upload,1483,111.93,ed3e2089-d4ca-4b03-b5c4-9707264fa190,658bc845-297b-4b04-9018-4421a3ee93bd
dc9220a2-f447-4ebc-a981-e50f8048405b,2025-10-15 09:32:29.000000,user43,Databricks,view,2173,473.82,274b40e3-3de6-49bc-b677-dc2acd361929,
d33b35f5-2f4d-459f-adef-2ce16a65c6e1,2025-10-15 09:41:53.000000,user40,Salesforce,modify,2657,323.78,11f4bf7a-6451-40f7-bb8e-8f5da06b97aa,
e7487a05-bb26-4cb8-8161-89ee9e97b181,2025-10-15 09:50:15.000000,user15,Salesforce,modify,2438,457.49,7cb957d6-77ab-40e5-aaff-977ab789311c,8a2a3a6d-56fb-4952-a8a5-7a3c4b9bdc9d
e875216d-5d06-4da1-b525-50edbfa606c2,2025-10-15 09:57:34.000000,user4,Jira,modify,839,480.4,22af3a32-2e33-49c9-855a-e83d6105c8bd,7f4bd8f8-adf3-4efa-97ff-77c5dbf502c8
0d10b822-17b7-4731-a476-366a1c7769e2,2025-10-15 10:03:37.000000,user49,Workday,view,1375,1.73,83b15dbd-1235-41b9-a742-608fc4d42178,25164d57-00b3-4fce-9b29-610dad70bedd
ab5b5855-0249-4406-b934-5228a571b402,2025-10-15 10:13:18.000000,user15,Salesforce,modify,75,192.53,7cb957d6-77ab-40e5-aaff-977ab789311c,ed51d483-4921-415b-a0da-e0550109e071
fe8351ec-50b8-4e59-8b89-2eb128f08a77,2025-10-15 10:19:25.000000,user15,Salesforce,download,754,95.38,7cb957d6-77ab-40e5-aaff-977ab789311c,ed51d483-4921-415b-a0da-e0550109e071
339f1817-2770-4625-bd9b-a9aa3d339242,2025-10-15 10:24:35.000000,user3,Jira,view,2483,488.69,7b3b15bb-7d1b-4374-888c-8152ee33bcb3,
10a8d5b6-73aa-423e-98f6-772773e4b279,2025-10-15 10:26:09.000000,user40,Jira,modify,2144,254.31,11f4bf7a-6451-40f7-bb8e-8f5da06b97aa,
71cf63f9-be8e-490c-b444-cb084ed37a3a,2025-10-15 10:56:06.000000,user50,SAP,upload,1398,499.16,46cd0bb6-5ac5-4782-9848-347b64264069,
086ebdb6-c218-4aea-b38a-b8068f3a89ab,2025-10-15 11:23:33.000000,user50,Jira,view,362,90.14,46cd0bb6-5ac5-4782-9848-347b64264069,
8f0202e3-92dc-49bf-aad3-2e1f22e0c653,2025-10-15 11:23:50.000000,user43,GitHub,download,80,151.25,274b40e3-3de6-49bc-b677-dc2acd361929,
92fb1503-68fc-4b8b-8ddb-f89bae302831,2025-10-15 11:24:41.000000,user4,Databricks,upload,2411,155.9,22af3a32-2e33-49c9-855a-e83d6105c8bd,e9acb8dc-11af-4ad8-94dc-1b6fd2bb69fd
1e18bc04-f342-4cb0-bf73-5f09f82ddc8b,2025-10-15 11:30:40.000000,user20,GitHub,upload,233,326.53,fa25430a-f716-4360-bf1a-8390492b5186,e7cf9b59-1a95-4376-9ce7-59521cf3ad13
b90ef9b2-d3a5-4522-830c-7b964e8afc45,2025-10-15 11:34:26.000000,user4,Workday,download,2071,125.14,22af3a32-2e33-49c9-855a-e83d6105c8bd,7f4bd8f8-adf3-4efa-97ff-77c5dbf502c8
384566e6-c2bb-4c8f-a5c8-157758539ec5,2025-10-15 11:43:54.000000,user15,Workday,download,2307,257.87,7cb957d6-77ab-40e5-aaff-977ab789311c,
128405b1-b4a6-4948-8119-11bc82c96404,2025-10-15 11:58:18.000000,user5,Snowflake,modify,3119,147.53,ed3e2089-d4ca-4b03-b5c4-9707264fa190,
73edf436-1b63-486e-a427-2b4bf97a6bc3,2025-10-15 12:00:19.000000,user40,Salesforce,upload,3111,473.32,11f4bf7a-6451-40f7-bb8e-8f5da06b97aa,
40c3118c-d268-474d-97a4-8c4c6be65f96,2025-10-15 12:03:55.000000,user20,Snowflake,modify,2145,405.95,fa25430a-f716-4360-bf1a-8390492b5186,e7cf9b59-1a95-4376-9ce7-59521cf3ad13
948d48f2-786c-439f-a705-be8f7308661c,2025-10-15 12:11:24.000000,user15,SAP,modify,912,160.99,7cb957d6-77ab-40e5-aaff-977ab789311c,
f9079bb3-d919-4b7b-85dd-b0a4d9dea337,2025-10-15 12:16:00.000000,user21,Jira,download,2522,471.26,2fac6015-092d-4905-97bc-54ad6e9a79b5,2264efba-5781-4db7-a183-b63bad14b142
81261bd1-7fd9-4380-a302-fefa0661ede0,2025-10-15 12:46:57.000000,user43,Databricks,view,663,495.53,274b40e3-3de6-49bc-b677-dc2acd361929,
95835e42-9782-412d-bd94-4fc62ff0fd04,2025-10-15 12:54:57.000000,user21,Salesforce,download,542,457.77,2fac6015-092d-4905-97bc-54ad6e9a79b5,2264efba-5781-4db7-a183-b63bad14b142
a05bcf94-cfcd-43bd-8a37-98ecd07a8124,2025-10-15 13:01:08.000000,user5,SAP,download,3264,184.24,ed3e2089-d4ca-4b03-b5c4-9707264fa190,658bc845-297b-4b04-9018-4421a3ee93bd
e8a1aeb7-f317-4331-9480-f800d11b1651,2025-10-15 13:25:42.000000,user14,SAP,modify,1251,81.99,abc5626c-d4c3-41f4-9d5c-fdb899f97391,
2a8a007a-19d4-4504-b75a-4c79f13f080e,2025-10-15 14:01:47.000000,user4,Databricks,view,1080,93.81,22af3a32-2e33-49c9-855a-e83d6105c8bd,e9acb8dc-11af-4ad8-94dc-1b6fd2bb69fd
eb387c2c-3a9d-4865-9aea-75a6c048e8e9,2025-10-15 14:01:58.000000,user14,Jira,view,2428,45.92,abc5626c-d4c3-41f4-9d5c-fdb899f97391,
251fe534-cb4d-4d44-9190-019c5b9ce88d,2025-10-15 14:22:46.000000,user25,Snowflake,modify,214,74.16,7db64a79-f4a2-4a41-b11f-788e9e954da1,
60eb8bf0-79c7-4b4c-a002-9db0c7abc5ba,2025-10-15 14:38:33.000000,user43,Salesforce,modify,421,164.36,274b40e3-3de6-49bc-b677-dc2acd361929,
c5b71a08-ea76-4974-87ad-c646d931266a,2025-10-15 14:40:16.000000,user17,Workday,download,572,17.55,39b22da4-92a3-4035-84d7-0e521e9014d2,05aad117-c96c-4b0a-94e1-be69227939d8
0efd55e8-72c7-466e-9bb4-2e14288116aa,2025-10-15 14:44:05.000000,user6,Jira,download,1705,51.15,7001306d-1c00-4a8c-bda2-bbee7959bbbe,29e73c4d-2921-4a3e-b7a3-b8ab3b14a5a0
3bd27c60-352e-4f7b-b99c-31e7192ba4b6,2025-10-15 15:51:48.000000,user6,Snowflake,view,1970,329.78,7001306d-1c00-4a8c-bda2-bbee7959bbbe,29e73c4d-2921-4a3e-b7a3-b8ab3b14a5a0
be5be024-f528-490d-b18f-0258e931e798,2025-10-15 16:50:59.000000,user25,SAP,view,2449,99.94,7db64a79-f4a2-4a41-b11f-788e9e954da1,
86b98332-cfb8-4088-9b23-bca12916cbdf,2025-10-15 17:02:50.000000,user41,Jira,download,3577,65.21,781d69f3-5027-402f-b7c4-0d99b20e6076,5b6055d0-54cf-4639-968f-2f01b7c56d3a
1141d263-19d1-410a-be59-b59f76084e0c,2025-10-15 17:17:06.000000,user6,Jira,modify,3133,382.48,7001306d-1c00-4a8c-bda2-bbee7959bbbe,8920d329-190c-4281-8363-6c207e82825a
7c8ee7cf-9f96-4959-886b-beb5438d5341,2025-10-15 17:19:28.000000,user17,GitHub,download,1247,80.72,39b22da4-92a3-4035-84d7-0e521e9014d2,05aad117-c96c-4b0a-94e1-be69227939d8
28cc7725-8164-427a-b8ba-fecce09f85ba,2025-10-15 17:21:24.000000,user20,Workday,upload,3024,467.96,fa25430a-f716-4360-bf1a-8390492b5186,e7cf9b59-1a95-4376-9ce7-59521cf3ad13
09cca69e-40bd-4d7b-8736-45a96527e436,2025-10-15 17:24:46.000000,user20,Databricks,view,3275,153.17,fa25430a-f716-4360-bf1a-8390492b5186,e7cf9b59-1a95-4376-9ce7-59521cf3ad13
648d6814-c075-40af-a7d3-66dd256d56b0,2025-10-15 17:25:47.000000,user5,Workday,download,427,7.35,fc0f8cb6-59c2-4b2c-99fe-ea0093aa52c7,658bc845-297b-4b04-9018-4421a3ee93bd
0da66a4e-462f-471a-959e-1de7d9b5a1c5,2025-10-15 17:30:28.000000,user5,GitHub,modify,327,328.67,fc0f8cb6-59c2-4b2c-99fe-ea0093aa52c7,658bc845-297b-4b04-9018-4421a3ee93bd
a1b991d7-7c62-4285-ac6c-2885f56e1b09,2025-10-15 17:33:27.000000,user5,SAP,modify,330,248.67,fc0f8cb6-59c2-4b2c-99fe-ea0093aa52c7,658bc845-297b-4b04-9018-4421a3ee93bd
13859fc1-9cee-4a79-9cfe-6af0858525d6,2025-10-15 18:04:35.000000,user5,Snowflake,download,1723,161.36,d9eda73b-e6ce-419f-b259-8c8307436d59,
dcbe71bc-46cc-46f8-ab1e-61b4a4920434,2025-10-15 18:12:11.000000,user17,Salesforce,modify,986,169.08,39b22da4-92a3-4035-84d7-0e521e9014d2,53eb2470-ba66-4ff5-9bf3-a6036ab5abb3
1c7c9b65-5b36-43fe-94c5-c5ef94f13736,2025-10-15 18:13:19.000000,user25,Jira,view,807,149.84,7db64a79-f4a2-4a41-b11f-788e9e954da1,
62f13091-1b0a-41c7-bd38-92d2bfcba0e1,2025-10-15 18:53:57.000000,user17,Databricks,upload,76,165.42,39b22da4-92a3-4035-84d7-0e521e9014d2,05aad117-c96c-4b0a-94e1-be69227939d8
6bddc4fc-2757-4f59-a90f-dcb783a16a4c,2025-10-15 19:09:47.000000,user6,Workday,view,1298,124.71,7001306d-1c00-4a8c-bda2-bbee7959bbbe,8920d329-190c-4281-8363-6c207e82825a
5b94c512-bc42-4296-8c6b-8e8f8e92b847,2025-10-15 19:42:40.000000,user6,Salesforce,upload,2114,1.73,1de05b43-192c-40d5-ad5a-0c3e700d33fc,29e73c4d-2921-4a3e-b7a3-b8ab3b14a5a0
3fb21d92-55c1-479c-ab38-ed76a418fe07,2025-10-15 20:01:32.000000,user6,Workday,view,2688,493.88,7001306d-1c00-4a8c-bda2-bbee7959bbbe,
c0c365d0-86f4-4178-9cf6-edea835f3c3b,2025-10-15 20:32:07.000000,user6,SAP,view,1344,447.7,1de05b43-192c-40d5-ad5a-0c3e700d33fc,29e73c4d-2921-4a3e-b7a3-b8ab3b14a5a0
3a62f53a-6f60-4671-a5fc-d87694fafa5d,2025-10-15 20:49:46.000000,user41,Salesforce,download,1258,132.56,22bd7209-67a4-4efb-8f48-2bb1465ee70b,
2ac22656-d606-4377-8245-bbc06b6a5e89,2025-10-15 21:04:21.000000,user35,Workday,download,41,26.24,7385f637-304d-4031-822a-06522a420319,d320074d-1f8d-4a8d-9be0-5d38efb2846e
22636bdf-b8a4-4fe2-a495-b0bfccd67d10,2025-10-15 21:10:19.000000,user3,Workday,view,2819,105.29,2f50138d-e60c-49f6-b2e2-7e59588c5e81,
0d072d44-8e1f-437c-93a0-b429dce856a0,2025-10-15 21:14:36.000000,user3,GitHub,view,1595,141.96,2f50138d-e60c-49f6-b2e2-7e59588c5e81,
c62493f7-04c8-4ef4-9f54-bbd4ef81cd4d,2025-10-15 21:29:46.000000,user6,SAP,upload,1049,301.54,1de05b43-192c-40d5-ad5a-0c3e700d33fc,8920d329-190c-4281-8363-6c207e82825a
95f9ca20-ffd8-452f-b86c-5168525d138b,2025-10-15 22:12:19.000000,user41,SAP,modify,1433,360.7,22bd7209-67a4-4efb-8f48-2bb1465ee70b,
b9f51062-d066-4cf1-a9a2-0fd7b5a1fe73,2025-10-15 22:17:00.000000,user5,Snowflake,download,2609,18.02,d9eda73b-e6ce-419f-b259-8c8307436d59,
d67cf7cf-e934-4f69-8b9c-8fbeb04beba0,2025-10-15 22:20:04.000000,user41,GitHub,download,1203,275.43,781d69f3-5027-402f-b7c4-0d99b20e6076,
8874d217-353d-4f6c-aeee-50703670a344,2025-10-15 22:56:01.000000,user10,Workday,download,1580,51.03,a95157bb-7343-44f4-bc62-cd66567b6e33,30f8db48-b936-4be4-bb40-c5a55095e394
3ae98359-db78-4020-9f34-b486004246fd,2025-10-15 23:10:14.000000,user2,Workday,modify,2504,461.64,a1833052-a6c1-40f4-aa41-0c7fe221be0e,c7eb3396-3b92-48f5-a887-07c4ee0ae05f
42fc4e88-db68-4136-83eb-a70b22aa7555,2025-10-15 23:15:54.000000,user19,SAP,upload,1336,446.5,8b789145-7ea6-4ee7-a39e-f19047c33300,d379d841-2571-4487-84cb-60cf215d14df
49c5c75f-2286-463e-b4fd-26faabe08f93,2025-10-15 23:17:34.000000,user3,Databricks,view,1007,257.36,2f50138d-e60c-49f6-b2e2-7e59588c5e81,
9bb7a482-8c49-49de-913d-dcc480c380d6,2025-10-15 23:22:01.000000,user6,Snowflake,upload,1470,192.38,1de05b43-192c-40d5-ad5a-0c3e700d33fc,8920d329-190c-4281-8363-6c207e82825a
e1a757a0-5bd7-4ad7-9bb0-b94fea0419c4,2025-10-16 00:36:00.000000,user25,Jira,view,3060,267.78,eee1f572-3360-457a-a6e8-f60276871569,
14036c24-461b-4a88-82a8-778b971d14ac,2025-10-16 00:37:33.000000,user25,Jira,download,54,108.82,eee1f572-3360-457a-a6e8-f60276871569,
e8dd17b8-202a-4c98-96b6-2ad1a0c6793a,2025-10-16 00:42:41.000000,user20,GitHub,download,3005,349.41,d3e2e034-d1b0-47fb-86db-5583789705e6,e7cf9b59-1a95-4376-9ce7-59521cf3ad13
7c964410-0a01-42de-bcda-7b9865ffdfd8,2025-10-16 00:56:28.000000,user41,Workday,download,2026,22.24,22bd7209-67a4-4efb-8f48-2bb1465ee70b,
6b2a7b6c-0df3-42ce-ac19-acb0a07e81c0,2025-10-16 01:09:00.000000,user6,GitHub,view,2009,347.84,1de05b43-192c-40d5-ad5a-0c3e700d33fc,
633d5797-efbc-4b37-8a3a-335045614734,2025-10-16 01:29:47.000000,user20,Snowflake,download,162,148.34,b2273e6d-9940-4c31-bf1f-f029506989c9,e7cf9b59-1a95-4376-9ce7-59521cf3ad13
fb78dea0-9196-4244-a944-e6755d2236f2,2025-10-16 01:49:56.000000,user41,Salesforce,modify,198,489.54,22bd7209-67a4-4efb-8f48-2bb1465ee70b,5b6055d0-54cf-4639-968f-2f01b7c56d3a
d4e108c3-32f5-4b75-a6a1-1dcf725453c3,2025-10-16 02:00:05.000000,user20,SAP,modify,631,10.03,b2273e6d-9940-4c31-bf1f-f029506989c9,
11292c08-de40-49aa-be38-5f6d0502171c,2025-10-16 02:25:54.000000,user49,Salesforce,upload,3575,111.96,6e9a9a9b-5e92-40f7-b0ca-f587a1db5d2d,25164d57-00b3-4fce-9b29-610dad70bedd
49bc77a3-862f-44ba-be28-740c60d8902a,2025-10-16 02:34:47.000000,user3,Salesforce,view,650,196.48,2f50138d-e60c-49f6-b2e2-7e59588c5e81,3d19837a-c819-4fc5-aeed-111e85b2177b
2e66101c-238c-4df2-9ccf-89696de5243b,2025-10-16 02:45:02.000000,user20,Salesforce,view,1434,82.34,b2273e6d-9940-4c31-bf1f-f029506989c9,e7cf9b59-1a95-4376-9ce7-59521cf3ad13
0d9382c9-f1ae-4de7-9100-6e4fe8bce599,2025-10-16 03:05:06.000000,user30,SAP,view,616,183.05,f30734f4-09f0-46b2-8b7b-e687596dc24e,8d6d0b8b-cb73-4338-987c-ae2958e30fdd
6bdabf82-6b19-46b3-a05c-2f531543f855,2025-10-16 03:16:51.000000,user3,SAP,upload,2603,486.08,2f50138d-e60c-49f6-b2e2-7e59588c5e81,3d19837a-c819-4fc5-aeed-111e85b2177b
13b25f20-23e8-4865-b380-8bff2c94d318,2025-10-16 03:27:00.000000,user25,Salesforce,download,41,182.29,eee1f572-3360-457a-a6e8-f60276871569,
da08606a-2333-4b27-8263-14957cbd9652,2025-10-16 03:41:49.000000,user20,SAP,view,1979,239.23,d3e2e034-d1b0-47fb-86db-5583789705e6,
4e36b3b9-bc04-4f4d-8f0d-e109addcb8e0,2025-10-16 03:46:35.000000,user16,GitHub,download,3085,37.64,599b9156-19b8-44f6-9097-4270cbc992d9,
30f66386-f7a0-4b42-bbf5-b9768e004b71,2025-10-16 04:36:26.000000,user39,Workday,view,1549,22.96,20e9df7e-022e-400b-bbc3-57c9643910f8,80ea0568-78e6-4828-90da-ac0949949351
fcadf719-9f0f-43d4-af04-0a9de9a41063,2025-10-16 04:53:57.000000,user25,Jira,modify,1698,90.72,eee1f572-3360-457a-a6e8-f60276871569,
c86806fc-3126-48fa-b80e-99703362ac9e,2025-10-16 04:56:19.000000,user34,Snowflake,view,2582,358.59,ada3f8cc-9796-4e55-a823-6a5b46e7db32,
3ca4ae7c-91f1-44a6-9c78-4fbf6d15357e,2025-10-16 05:29:42.000000,user8,Workday,modify,2653,447.8,566fff71-a719-45ee-823f-5058f760f35d,
c87a4e70-adbc-45ea-a4b1-91e16323c499,2025-10-16 05:41:07.000000,user25,Databricks,upload,1755,438.32,eee1f572-3360-457a-a6e8-f60276871569,
391eeb60-5d86-4a68-9da2-2969780320d7,2025-10-16 05:42:21.000000,user39,Workday,view,1641,119.02,20e9df7e-022e-400b-bbc3-57c9643910f8,36d7039c-c2e1-431f-8738-4480b46025b3
1162317a-e09a-4454-ba0d-c61f49eecfd6,2025-10-16 06:26:11.000000,user40,GitHub,view,1529,252.48,0fabfb30-10be-42eb-8394-78bbff8294eb,
8e0a3bad-16c2-439e-9a59-1bd68cd10fa0,2025-10-16 06:32:16.000000,user40,Databricks,view,307,221.17,0fabfb30-10be-42eb-8394-78bbff8294eb,
b3b1e755-d04d-40ee-a823-f727ef34d379,2025-10-16 06:32:23.000000,user4,Salesforce,download,1454,315.0,ae44b8a3-bbdc-4e54-b2a4-4466e40b5162,
9045d573-f2d4-46d9-8ef0-57cb1c7044cf,2025-10-16 06:40:45.000000,user39,Snowflake,modify,2432,22.86,20e9df7e-022e-400b-bbc3-57c9643910f8,8af0f73f-c767-4be7-90ec-6e0bae226de1
f6eb1329-8aa8-4bbb-b050-5d64acf1d95f,2025-10-16 06:52:07.000000,user4,Salesforce,upload,641,62.55,ae44b8a3-bbdc-4e54-b2a4-4466e40b5162,
bed41e3a-85cd-4cad-8106-f01237b16e01,2025-10-16 07:03:11.000000,user12,Snowflake,view,2313,9.13,fe044a8f-7e72-4f05-a53a-7fadcc8dc26a,
c404cd0c-efda-443b-86da-ab92819757e3,2025-10-16 07:09:25.000000,user34,GitHub,download,1239,331.13,ada3f8cc-9796-4e55-a823-6a5b46e7db32,d9d3c543-c613-4ed5-ae94-38df532eaf29
ffb385f9-e2d8-491a-aa5e-c8749aad2b40,2025-10-16 07:39:14.000000,user39,SAP,download,1119,418.87,20e9df7e-022e-400b-bbc3-57c9643910f8,8af0f73f-c767-4be7-90ec-6e0bae226de1
1862faab-d129-4291-9ca0-108748f9ba03,2025-10-16 08:06:27.000000,user36,Databricks,modify,2449,163.87,a60bb3dd-5cf5-452d-8f65-5302fef433db,80af903e-90ac-4904-bfab-6d1fe8545a24
f3227b7e-36d8-4605-902c-b9181533c0ce,2025-10-16 08:11:21.000000,user16,SAP,modify,3173,471.44,70f9e922-fcdd-4802-9946-3d8f52da856f,6616041d-beb3-4ba3-b1ab-8ae47fc271e7
74fe475a-09b2-4f99-9f74-f3e79dbff1d6,2025-10-16 08:24:49.000000,user34,Databricks,view,2383,324.98,ada3f8cc-9796-4e55-a823-6a5b46e7db32,d9d3c543-c613-4ed5-ae94-38df532eaf29
10c39e86-b412-4f57-98bb-28e3d75686f7,2025-10-16 08:54:57.000000,user40,Workday,upload,2874,469.55,97a97fed-5d45-4f77-bb13-f1a400f11294,
d0188b0f-cfdb-419f-b650-5ceb43de9ee7,2025-10-16 08:55:00.000000,user5,GitHub,download,1110,313.97,e6ec52e9-c95e-4991-a816-479b7d42d2e8,658bc845-297b-4b04-9018-4421a3ee93bd
47c22b4e-c4e6-47d9-91d3-55d3b684da84,2025-10-16 09:10:01.000000,user40,GitHub,download,2373,31.86,0fabfb30-10be-42eb-8394-78bbff8294eb,
f79e13b1-e599-4cdb-b421-aa7db89c7a83,2025-10-16 09:37:04.000000,user38,Workday,modify,3133,211.38,0b17bf4d-5ca4-4c84-8271-3727ca8c83d5,512bf92f-6267-44c7-a87d-c925b6a92065
85846048-80ca-4aaf-a16b-e259a6c6c844,2025-10-16 10:15:33.000000,user4,Workday,upload,1660,490.2,ae44b8a3-bbdc-4e54-b2a4-4466e40b5162,7f4bd8f8-adf3-4efa-97ff-77c5dbf502c8
883826e6-cb78-425b-b10d-398892a697c9,2025-10-16 10:30:08.000000,user36,SAP,download,1112,366.23,a60bb3dd-5cf5-452d-8f65-5302fef433db,80af903e-90ac-4904-bfab-6d1fe8545a24
8e043ce2-3c73-48ee-bfba-a16a4e02fee3,2025-10-16 10:39:09.000000,user36,Databricks,upload,1013,381.78,4384b33a-61a9-4383-94cf-c446657a39c8,
39f9d24e-06bc-49aa-9615-ef2eae68bd60,2025-10-16 10:51:21.000000,user12,Salesforce,upload,2870,143.37,fe044a8f-7e72-4f05-a53a-7fadcc8dc26a,
8e77ed4b-892b-41d3-9794-fb290cf934ee,2025-10-16 11:03:08.000000,user4,SAP,download,1586,7.02,ae44b8a3-bbdc-4e54-b2a4-4466e40b5162,7f4bd8f8-adf3-4efa-97ff-77c5dbf502c8
d331dc45-88c2-4aa7-9f81-5977e1d036bf,2025-10-16 11:13:32.000000,user40,GitHub,download,534,286.76,97a97fed-5d45-4f77-bb13-f1a400f11294,
280be7d8-fbe4-42f7-89ae-ecf192aa240d,2025-10-16 11:26:23.000000,user12,SAP,modify,209,160.19,fe044a8f-7e72-4f05-a53a-7fadcc8dc26a,
8ab43209-c65a-45fd-958a-4139dc0adf95,2025-10-16 11:28:43.000000,user15,Snowflake,modify,1580,398.99,acc21e11-ae3f-4bf6-a138-252bb175dc34,ed51d483-4921-415b-a0da-e0550109e071
5cc627d0-0bf5-4e83-b039-609559689233,2025-10-16 11:39:21.000000,user27,Jira,upload,3020,239.59,25b96a31-b461-47d9-9d1a-26312af5487f,
58dbc6b7-5699-4b9d-af42-4a46feed0300,2025-10-16 12:13:09.000000,user15,Snowflake,download,3270,354.32,acc21e11-ae3f-4bf6-a138-252bb175dc34,
68677ecf-3096-4586-969d-e95696222fed,2025-10-16 12:28:28.000000,user40,Snowflake,download,2065,404.67,0fabfb30-10be-42eb-8394-78bbff8294eb,
d8130091-ad9b-47e5-b230-c410340b438a,2025-10-16 12:49:41.000000,user4,Workday,modify,1298,271.34,ae44b8a3-bbdc-4e54-b2a4-4466e40b5162,7f4bd8f8-adf3-4efa-97ff-77c5dbf502c8
a2f7f486-a34c-4562-9ab9-6b47f8fb1edc,2025-10-16 12:53:23.000000,user5,GitHub,download,231,386.23,e6ec52e9-c95e-4991-a816-479b7d42d2e8,658bc845-297b-4b04-9018-4421a3ee93bd
a779b51e-6517-401a-a060-fd87049c223b,2025-10-16 12:53:44.000000,user36,Databricks,modify,2857,353.53,4384b33a-61a9-4383-94cf-c446657a39c8,80af903e-90ac-4904-bfab-6d1fe8545a24
0c9d5923-cadf-4a82-ba6a-871e98bb2621,2025-10-16 12:55:03.000000,user8,Databricks,upload,2699,71.2,48d24d56-3f6a-4400-a60b-cb0a2959bbde,7f87cd67-a4cc-4db4-b723-7735af8ec4b1
76900387-f64a-4763-bbca-67bb9b489ef4,2025-10-16 13:00:31.000000,user13,Snowflake,download,3431,80.79,02298fe0-3c10-4a47-82ab-b386e5dab07f,
cb310a73-4139-4952-b381-0be43eb16438,2025-10-16 13:39:47.000000,user40,SAP,download,1810,482.25,97a97fed-5d45-4f77-bb13-f1a400f11294,
18010447-606c-4961-a5f1-ca965b8ec5e6,2025-10-16 14:29:49.000000,user15,Salesforce,upload,584,315.46,acc21e11-ae3f-4bf6-a138-252bb175dc34,71ba483e-4317-420c-a13e-33f3a27365eb
1ef5e4ce-e5e9-4e31-b24b-22f98b882452,2025-10-16 14:54:59.000000,user15,Workday,view,2250,133.41,747d95db-9ba6-482e-ae0c-d14905a5dbe7,ed51d483-4921-415b-a0da-e0550109e071
b40111c4-5823-495d-92bd-2c4f7b8f2677,2025-10-16 14:55:44.000000,user27,Databricks,modify,2788,78.21,25b96a31-b461-47d9-9d1a-26312af5487f,
e9940030-ae92-4f80-b91a-6698354fd2d3,2025-10-16 14:57:04.000000,user8,SAP,modify,1087,83.5,48d24d56-3f6a-4400-a60b-cb0a2959bbde,bd0a371c-614d-4102-9be6-993308df75c8
8318fb68-ce23-4959-bbcf-e31492e56ec2,2025-10-16 15:04:19.000000,user27,Salesforce,view,2735,433.64,97f598c6-be58-450c-9880-c59ab6ffc186,
b43fd41b-da6b-42b1-bc37-820a4a50d80f,2025-10-16 15:19:04.000000,user36,Databricks,download,1214,130.28,4384b33a-61a9-4383-94cf-c446657a39c8,80af903e-90ac-4904-bfab-6d1fe8545a24
c6762572-5f33-4837-ba79-5d65ea06737c,2025-10-16 15:22:14.000000,user4,SAP,modify,2888,361.94,74bbc11b-14ad-4cd8-959c-d3191d8f0464,e9acb8dc-11af-4ad8-94dc-1b6fd2bb69fd
45d7219f-20a5-48ae-9735-9e3445eadff6,2025-10-16 15:25:45.000000,user33,Snowflake,modify,1738,42.75,792f120e-1023-41d1-81f3-4f6f30121165,
850b7a52-7f24-4727-8b1b-ba92d2a49eff,2025-10-16 15:30:42.000000,user5,Salesforce,modify,1789,165.72,e6ec52e9-c95e-4991-a816-479b7d42d2e8,
6eb3b8d4-48c7-459f-8a24-c63602df82ba,2025-10-16 15:36:12.000000,user27,Snowflake,download,3003,253.61,25b96a31-b461-47d9-9d1a-26312af5487f,1f68baa5-53ee-4992-838e-2c30cac2725a
4d3d242a-912a-4134-b3c9-846e3259816e,2025-10-16 15:40:05.000000,user27,GitHub,download,445,66.25,97f598c6-be58-450c-9880-c59ab6ffc186,
5e96d92c-11f8-4a19-ad18-967c09241fed,2025-10-16 15:45:57.000000,user38,Salesforce,modify,2520,5.54,f865f221-21d0-4c87-93df-0c10800ab2c0,3aef07c2-c775-41fd-b9b2-cdf12b9d4a94
b5930e34-fd66-4df2-99e6-a7656bf9d90e,2025-10-16 15:54:46.000000,user15,Snowflake,modify,701,13.74,747d95db-9ba6-482e-ae0c-d14905a5dbe7,8a2a3a6d-56fb-4952-a8a5-7a3c4b9bdc9d
deade655-f7e2-4d42-a4f9-dc5e2de19590,2025-10-16 16:03:46.000000,user13,GitHub,modify,1783,227.27,02298fe0-3c10-4a47-82ab-b386e5dab07f,
e0062b34-71d2-4dba-9b97-e8ffa1a7d44b,2025-10-16 16:22:37.000000,user8,Salesforce,upload,1231,70.01,48d24d56-3f6a-4400-a60b-cb0a2959bbde,7f87cd67-a4cc-4db4-b723-7735af8ec4b1
9cf71acb-2a7c-4d80-b36e-2f91d53b4e7b,2025-10-16 16:31:35.000000,user10,SAP,modify,593,454.9,9f1d1f56-5a60-4ee2-82ba-97577aa0e8fb,b020f5ef-0f58-4e3a-ac57-33b8d9bd22c7
3f397701-ac62-4376-b2a0-6389e59a92fa,2025-10-16 16:40:53.000000,user43,Databricks,view,2171,462.73,66fcbc10-9559-4795-875e-ea1fec3772dd,
e246eef7-fd19-403a-881b-462e76459c85,2025-10-16 17:00:24.000000,user8,Snowflake,upload,2851,495.8,48d24d56-3f6a-4400-a60b-cb0a2959bbde,bd0a371c-614d-4102-9be6-993308df75c8
9a5e260b-01fe-4640-be32-87b65071a8da,2025-10-16 17:00:47.000000,user27,Snowflake,view,45,358.59,25b96a31-b461-47d9-9d1a-26312af5487f,1f68baa5-53ee-4992-838e-2c30cac2725a
d4af490c-ba55-43c9-964c-cae84f3450d9,2025-10-16 17:11:27.000000,user43,Workday,view,1085,299.77,66fcbc10-9559-4795-875e-ea1fec3772dd,
125144bd-8bff-4221-bae3-f774b2c35b8e,2025-10-16 17:23:10.000000,user38,Workday,view,1374,421.53,f865f221-21d0-4c87-93df-0c10800ab2c0,20ee417d-cf99-459b-ada3-38197c0660c8
29264453-6c6a-486d-9240-ac7331e80d29,2025-10-16 17:24:02.000000,user45,GitHub,upload,1335,366.49,59bc2b79-aa50-45b3-84f3-9c134af7adcd,f1bb58b5-2a45-48d5-847c-03390768bb6b
78cc8187-107a-4096-86cb-af1d6c702c95,2025-10-16 17:31:57.000000,user27,Workday,upload,88,433.52,97f598c6-be58-450c-9880-c59ab6ffc186,1f68baa5-53ee-4992-838e-2c30cac2725a
b650ea8e-688f-4290-8fae-7bcf99590b1b,2025-10-16 17:32:40.000000,user38,Snowflake,download,1355,218.77,f865f221-21d0-4c87-93df-0c10800ab2c0,512bf92f-6267-44c7-a87d-c925b6a92065
aae1b5c9-0810-4127-b2a0-3d65cb7bc453,2025-10-16 17:36:15.000000,user43,Salesforce,download,3096,287.58,66fcbc10-9559-4795-875e-ea1fec3772dd,
608a6665-9ee3-4aa4-b618-9b04c27470c5,2025-10-16 17:45:44.000000,user45,GitHub,view,58,27.1,59bc2b79-aa50-45b3-84f3-9c134af7adcd,f1bb58b5-2a45-48d5-847c-03390768bb6b
bb27b738-be30-4cbe-8fc0-a2c06c6e0252,2025-10-16 17:47:03.000000,user13,SAP,download,3288,131.92,02298fe0-3c10-4a47-82ab-b386e5dab07f,
3529d5d6-59dc-488d-a938-6d3402c3b75b,2025-10-16 17:50:31.000000,user15,GitHub,modify,1060,9.13,55b64224-17ea-42f5-bdd2-1246e82d77aa,8a2a3a6d-56fb-4952-a8a5-7a3c4b9bdc9d
60d8ed79-6388-4d97-a0a6-4d50635b5b0f,2025-10-16 18:04:22.000000,user15,GitHub,view,2796,324.35,acc21e11-ae3f-4bf6-a138-252bb175dc34,ed51d483-4921-415b-a0da-e0550109e071
3e41741b-e0dc-402f-bb38-6a81ac20db0a,2025-10-16 18:07:25.000000,user1,Workday,upload,1095,35.29,9dc48ebe-7b97-488f-8d55-5ce3108331e1,
174b7203-a099-4fca-9b79-273afe842e06,2025-10-16 18:23:19.000000,user27,SAP,modify,555,246.89,25b96a31-b461-47d9-9d1a-26312af5487f,
b3459c55-bedc-4a2c-b665-3e0f3657ea4d,2025-10-16 18:51:14.000000,user1,Jira,modify,216,441.07,9cb1dd09-66a5-450a-b3c4-29556129efea,
ba488755-4e7b-4556-89ca-d75bb9a006be,2025-10-16 18:53:43.000000,user43,Salesforce,download,1124,158.22,66fcbc10-9559-4795-875e-ea1fec3772dd,
fd96ba87-1708-4965-bfa0-1255d5f4ef1d,2025-10-16 19:04:46.000000,user27,SAP,modify,615,411.95,97f598c6-be58-450c-9880-c59ab6ffc186,
28a54e8e-cb87-4942-a151-c29a6f05ab36,2025-10-16 19:23:44.000000,user4,Databricks,modify,1874,263.4,74bbc11b-14ad-4cd8-959c-d3191d8f0464,e9acb8dc-11af-4ad8-94dc-1b6fd2bb69fd
831e4e2e-7c12-41fb-803e-c394cd5c5b97,2025-10-16 19:25:34.000000,user13,SAP,download,811,402.62,02298fe0-3c10-4a47-82ab-b386e5dab07f,
e4bda2f4-a225-4e2b-8840-453bf1893d05,2025-10-16 19:45:14.000000,user4,GitHub,download,1259,87.14,74bbc11b-14ad-4cd8-959c-d3191d8f0464,
4fe6338f-2a03-4cef-80b8-0491369fede7,2025-10-16 19:46:58.000000,user1,GitHub,upload,1361,54.15,9dc48ebe-7b97-488f-8d55-5ce3108331e1,5ec3fbb0-8551-48bd-bbae-aa6d14c5f1ff
4585b61d-0466-4366-a6cc-2133fb571733,2025-10-16 19:49:25.000000,user45,Jira,upload,439,495.61,59bc2b79-aa50-45b3-84f3-9c134af7adcd,a137b113-2e9b-47f1-ae6a-972a79be58b8
59627ef2-b656-41e2-b34d-e979c8a25fe6,2025-10-16 19:53:25.000000,user4,GitHub,upload,306,194.58,74bbc11b-14ad-4cd8-959c-d3191d8f0464,e9acb8dc-11af-4ad8-94dc-1b6fd2bb69fd
993918d0-b82d-41ec-a636-02528ba16e11,2025-10-16 20:01:15.000000,user31,SAP,view,2244,306.12,f975dabc-cd3b-483a-9563-0904b195b351,980e07e4-d144-4108-ba59-fa5c2a10374a
0557df09-1d4b-4059-96e2-eff58418e926,2025-10-16 20:07:35.000000,user37,SAP,view,3403,304.09,9b911998-c43b-4f8b-8010-864ede2c306b,a417c8aa-10f4-4149-ac0d-5e38a83f0690
42143027-bc53-4f69-b7df-6503b668c5db,2025-10-16 20:08:09.000000,user37,Jira,modify,1479,377.0,9b911998-c43b-4f8b-8010-864ede2c306b,7cf88bf6-9aab-4ca7-83e1-f637c8ff2d9d
33390317-b5d6-416b-8e0b-dc50a93ee478,2025-10-16 20:35:34.000000,user1,Workday,modify,1222,341.96,9dc48ebe-7b97-488f-8d55-5ce3108331e1,5ec3fbb0-8551-48bd-bbae-aa6d14c5f1ff
8e9affeb-a006-4d15-994c-50e20d89f93d,2025-10-16 20:41:54.000000,user27,GitHub,modify,552,66.76,97f598c6-be58-450c-9880-c59ab6ffc186,
65a56f90-be8a-40d7-90ad-55acbd337455,2025-10-16 20:43:05.000000,user4,SAP,download,3087,252.5,74bbc11b-14ad-4cd8-959c-d3191d8f0464,7f4bd8f8-adf3-4efa-97ff-77c5dbf502c8
675eb22a-affc-49bc-8124-dc2a673584bd,2025-10-16 20:48:55.000000,user33,Jira,upload,1633,13.23,792f120e-1023-41d1-81f3-4f6f30121165,cacd43fd-a4c2-4c17-b6da-5a761100dd79
cccd756b-6b06-4ede-877c-f9bef2584efb,2025-10-16 21:09:08.000000,user33,SAP,download,2583,135.4,792f120e-1023-41d1-81f3-4f6f30121165,cacd43fd-a4c2-4c17-b6da-5a761100dd79
5248a84b-b274-4577-8e3d-f7a9229d9197,2025-10-16 21:11:33.000000,user1,GitHub,view,618,401.04,9dc48ebe-7b97-488f-8d55-5ce3108331e1,5ec3fbb0-8551-48bd-bbae-aa6d14c5f1ff
498bce7e-38a2-4b2a-b81b-ae17568e8643,2025-10-16 22:01:20.000000,user33,Databricks,modify,45,428.3,792f120e-1023-41d1-81f3-4f6f30121165,
cf9cd273-d817-425f-8fae-cad5449dc4ff,2025-10-16 22:14:03.000000,user37,SAP,download,1959,143.57,e4c37d74-0916-49c2-bca8-a4b1d008b25c,a417c8aa-10f4-4149-ac0d-5e38a83f0690
d6aa2233-6b01-4628-a73e-c888da758913,2025-10-16 22:25:29.000000,user45,GitHub,download,2755,463.47,59bc2b79-aa50-45b3-84f3-9c134af7adcd,a137b113-2e9b-47f1-ae6a-972a79be58b8
0be6b2d5-5b08-42c9-9224-263ce358d428,2025-10-16 22:46:41.000000,user33,Databricks,modify,1647,402.19,792f120e-1023-41d1-81f3-4f6f30121165,
39b8d429-1dae-40dc-b0f3-e7cd15385d1c,2025-10-16 23:27:12.000000,user37,Jira,upload,2116,486.87,9b911998-c43b-4f8b-8010-864ede2c306b,
12e5b306-7f7b-4cc0-849c-e3662daa81ef,2025-10-16 23:29:14.000000,user43,Salesforce,modify,3466,303.58,6defe31f-6c04-4fba-bec8-b9433b3e06fd,
d4e04db0-5be2-43a0-82e4-45e0fa46f2e5,2025-10-16 23:32:23.000000,user6,Databricks,modify,719,485.57,faad7a6a-e64c-4c3e-ada3-c278a594a1c5,29e73c4d-2921-4a3e-b7a3-b8ab3b14a5a0
e2702a71-ad5b-4613-8cd6-0b39ab907cd4,2025-10-17 00:02:32.000000,user33,Jira,modify,2896,2.24,e3cd6eca-f508-479b-ab03-3109906b1cf9,
2bb2ae1a-cd2b-4489-9f7b-f5bc1eb1f7a1,2025-10-17 00:06:48.000000,user1,Salesforce,download,99,256.77,9dc48ebe-7b97-488f-8d55-5ce3108331e1,5ec3fbb0-8551-48bd-bbae-aa6d14c5f1ff
0e4c1917-63fa-46e3-8666-24cd2984e390,2025-10-17 00:20:04.000000,user31,SAP,view,900,135.29,f975dabc-cd3b-483a-9563-0904b195b351,980e07e4-d144-4108-ba59-fa5c2a10374a
3798db94-80a5-4d74-b80b-113ed399a444,2025-10-17 00:43:35.000000,user39,GitHub,upload,3304,357.52,27147357-ea84-4d92-94d7-ed53f9342c37,80ea0568-78e6-4828-90da-ac0949949351
1f9042a5-87a3-4cfa-ba4a-ffa27faf6b5f,2025-10-17 00:53:07.000000,user37,Jira,modify,3488,156.78,e4c37d74-0916-49c2-bca8-a4b1d008b25c,7cf88bf6-9aab-4ca7-83e1-f637c8ff2d9d
d982c27d-2c3c-4156-af34-6d97196bf5ca,2025-10-17 00:59:12.000000,user24,GitHub,modify,2695,436.08,04069edc-4519-4cfd-bd12-b757c26edb37,765a447d-23f3-420f-8ccc-869682af644d
f17b9505-898d-4751-bd8f-77a91612a5e2,2025-10-17 01:04:12.000000,user37,GitHub,download,2526,135.88,9b911998-c43b-4f8b-8010-864ede2c306b,342a389d-bc1f-465d-ab71-6269d1b6be9a
1464b454-81b4-4391-8253-752393f32548,2025-10-17 01:07:22.000000,user6,Workday,download,1228,464.12,faad7a6a-e64c-4c3e-ada3-c278a594a1c5,8920d329-190c-4281-8363-6c207e82825a
13b53e24-2b25-4458-880f-ca33ecf08715,2025-10-17 01:26:40.000000,user37,Databricks,upload,1408,495.03,9b911998-c43b-4f8b-8010-864ede2c306b,a417c8aa-10f4-4149-ac0d-5e38a83f0690
eaa23834-2d9c-4093-bd30-767eff36915a,2025-10-17 01:52:45.000000,user43,Snowflake,download,1662,40.56,6a980c16-c6b7-433e-aced-98e32787ebb2,
1959bde7-6715-4b51-984c-474ae281b54a,2025-10-17 02:05:38.000000,user47,Salesforce,upload,2802,10.4,dac3424b-12aa-4a90-a3f4-69168fada388,d6de783a-8c3d-4581-a0e1-683af840b183
ad25309f-3e7f-4e7b-9bdf-66ab5b1254a0,2025-10-17 02:07:25.000000,user39,GitHub,view,1342,247.56,27147357-ea84-4d92-94d7-ed53f9342c37,8af0f73f-c767-4be7-90ec-6e0bae226de1
9127ceab-1536-4e62-8eaa-9ca7e11466b9,2025-10-17 02:13:47.000000,user43,GitHub,view,2718,155.07,6defe31f-6c04-4fba-bec8-b9433b3e06fd,
4ec6d363-4025-4685-adec-dde64b16a7d7,2025-10-17 02:17:13.000000,user1,Workday,view,3020,32.7,9cb1dd09-66a5-450a-b3c4-29556129efea,5ec3fbb0-8551-48bd-bbae-aa6d14c5f1ff
f2c71b52-6b84-418e-b976-c65f1f196743,2025-10-17 02:22:22.000000,user24,Workday,view,604,329.27,04069edc-4519-4cfd-bd12-b757c26edb37,
f4628b9e-3343-48d4-98fe-f5fe11c77d28,2025-10-17 02:28:58.000000,user6,SAP,download,2964,311.73,faad7a6a-e64c-4c3e-ada3-c278a594a1c5,8920d329-190c-4281-8363-6c207e82825a
f4585719-937d-4f0e-8064-65f2f12ddf23,2025-10-17 02:42:50.000000,user43,SAP,upload,2842,261.82,6defe31f-6c04-4fba-bec8-b9433b3e06fd,
868135fb-507a-4dea-b502-e061c6074dc6,2025-10-17 02:48:40.000000,user33,SAP,view,1551,47.04,e3cd6eca-f508-479b-ab03-3109906b1cf9,cacd43fd-a4c2-4c17-b6da-5a761100dd79
9a1c06c8-ea06-471c-b619-7a9d903bdee9,2025-10-17 02:49:35.000000,user37,Workday,upload,2336,156.89,b9f52256-1aec-48a7-9440-0d10f03d360f,
5ee5ad76-f6de-4001-8fe8-cc6c5f1b4b02,2025-10-17 02:50:22.000000,user31,Databricks,modify,2129,321.85,f975dabc-cd3b-483a-9563-0904b195b351,
d300499d-e80d-4eae-9001-da9cc57bb1ca,2025-10-17 03:04:05.000000,user39,Workday,view,3482,226.76,27147357-ea84-4d92-94d7-ed53f9342c37,8af0f73f-c767-4be7-90ec-6e0bae226de1
e9183a3d-5a69-4531-8263-a2d4d3bdf3c9,2025-10-17 03:35:01.000000,user43,Salesforce,download,1713,103.48,6a980c16-c6b7-433e-aced-98e32787ebb2,
6a0c41d3-627f-40b3-bd07-e503d1731ee0,2025-10-17 03:50:09.000000,user43,SAP,view,768,58.14,6a980c16-c6b7-433e-aced-98e32787ebb2,
f6144892-3b20-4984-92dd-c964c3bc51a2,2025-10-17 04:16:35.000000,user39,Snowflake,download,1753,248.7,27147357-ea84-4d92-94d7-ed53f9342c37,36d7039c-c2e1-431f-8738-4480b46025b3
0adb8b50-3510-4755-b9fe-93ba2eef9b75,2025-10-17 04:27:06.000000,user7,GitHub,download,2123,307.48,a9249776-814f-4598-8474-96e03bc047bc,
a6ad7629-9c06-4a82-8f11-006f67c5e67d,2025-10-17 04:37:36.000000,user37,Databricks,modify,1961,339.98,b9f52256-1aec-48a7-9440-0d10f03d360f,342a389d-bc1f-465d-ab71-6269d1b6be9a
aea46e32-126a-4042-a84d-22542ff412a6,2025-10-17 04:50:59.000000,user24,Snowflake,upload,2202,300.63,04069edc-4519-4cfd-bd12-b757c26edb37,765a447d-23f3-420f-8ccc-869682af644d
d22cc332-e839-411f-b236-f7f52007cb66,2025-10-17 05:01:24.000000,user37,Jira,modify,994,67.63,b9f52256-1aec-48a7-9440-0d10f03d360f,7cf88bf6-9aab-4ca7-83e1-f637c8ff2d9d
4a3a4748-f332-4744-8eff-6fcc7bc5d157,2025-10-17 05:12:03.000000,user43,Workday,download,2882,257.64,6defe31f-6c04-4fba-bec8-b9433b3e06fd,
0e04ac44-baef-4176-89ed-abb577855443,2025-10-17 05:28:28.000000,user17,Databricks,upload,2923,256.18,12ce7f56-2112-481f-9da0-1cb89a89123e,9812fce7-161c-40de-a265-28aedb30a13f
860e0529-3d6c-41ab-9b80-edb378ae6a50,2025-10-17 05:28:41.000000,user17,Workday,view,515,24.49,12ce7f56-2112-481f-9da0-1cb89a89123e,
58ad0b53-609b-42c0-902d-e4a9d2ca5d23,2025-10-17 05:55:28.000000,user39,SAP,upload,3347,233.54,27147357-ea84-4d92-94d7-ed53f9342c37,8af0f73f-c767-4be7-90ec-6e0bae226de1
5bf77176-7272-4678-b11f-40b5fb66972a,2025-10-17 05:57:09.000000,user37,Snowflake,download,2588,251.79,b9f52256-1aec-48a7-9440-0d10f03d360f,a417c8aa-10f4-4149-ac0d-5e38a83f0690
03ca926b-452d-4dd9-8601-252e34c82141,2025-10-17 06:24:36.000000,user7,GitHub,download,716,203.09,af606420-820d-460c-b305-b5ce7680e3d0,
0ace944b-bb1a-4ab9-a950-01066ba7f203,2025-10-17 06:35:00.000000,user30,GitHub,view,1293,443.99,9233a882-0345-4916-8052-1a9328c2eda8,
275803ba-79e9-4f4c-8447-49b017f4ddbf,2025-10-17 06:37:11.000000,user37,Jira,modify,1237,389.69,b9f52256-1aec-48a7-9440-0d10f03d360f,
1ec474f9-9ad4-4a03-a3e3-3d7f1192fee8,2025-10-17 06:42:24.000000,user17,Workday,view,2122,383.74,12ce7f56-2112-481f-9da0-1cb89a89123e,05aad117-c96c-4b0a-94e1-be69227939d8
24c81e70-6e43-4d8d-ae11-1d36a60bfe70,2025-10-17 06:47:11.000000,user30,Jira,modify,2145,137.65,9233a882-0345-4916-8052-1a9328c2eda8,884da6ac-68da-4189-b5d3-b16429db4d3b
d10388cb-61e8-4142-84c3-0a39ea296e21,2025-10-17 07:16:53.000000,user17,Workday,modify,2444,277.86,12ce7f56-2112-481f-9da0-1cb89a89123e,8fba1cc0-ed98-4402-bf99-afe91cc015ed
60bf051a-25c9-406b-899a-329eb302f583,2025-10-17 07:25:13.000000,user43,Salesforce,view,2618,425.01,6a980c16-c6b7-433e-aced-98e32787ebb2,
cb53bd61-bbb3-416a-b7eb-c3a4daff133a,2025-10-17 08:23:27.000000,user43,Workday,view,663,464.27,6a980c16-c6b7-433e-aced-98e32787ebb2,
a020207c-8c44-4ab8-8a49-d0b215d0e82f,2025-10-17 08:33:35.000000,user23,Salesforce,modify,2940,19.84,bb978f27-85b3-4483-ba10-e00d75414e35,
d7ab7f93-e311-4413-88b2-72a9ba04f1e1,2025-10-17 09:04:01.000000,user23,SAP,modify,2743,220.15,bb978f27-85b3-4483-ba10-e00d75414e35,
5920411d-13de-4ad7-8012-c3c16f75806b,2025-10-17 09:22:08.000000,user17,SAP,download,58,457.79,12ce7f56-2112-481f-9da0-1cb89a89123e,
0b98cb89-35f5-4dbc-89b9-03fcf57fbf6c,2025-10-17 10:04:08.000000,user7,Jira,view,1023,357.21,a9249776-814f-4598-8474-96e03bc047bc,
b01f7c09-0bbc-474c-9859-3f27d3d4d67c,2025-10-17 10:13:18.000000,user11,Workday,download,3002,428.26,9af4cfe9-53d0-44bd-a21d-22d0ebbf0a51,5362b7a8-b5c7-4d77-8476-38ee2d8b5a3d
0cca5a98-5efc-42c0-b615-76eae470fe42,2025-10-17 10:15:53.000000,user11,Snowflake,download,922,468.88,9af4cfe9-53d0-44bd-a21d-22d0ebbf0a51,
f6dd1e47-287a-4004-b0ef-7b03e9d732ae,2025-10-17 10:20:03.000000,user7,Workday,download,1841,118.83,a9249776-814f-4598-8474-96e03bc047bc,
ab68a344-0ba2-4079-b6f6-abd8fb6d4af1,2025-10-17 10:30:55.000000,user23,Workday,download,2102,331.29,bb978f27-85b3-4483-ba10-e00d75414e35,
a40950dc-1a55-4f33-9b7d-f77341774708,2025-10-17 10:48:06.000000,user11,GitHub,download,1967,287.68,9af4cfe9-53d0-44bd-a21d-22d0ebbf0a51,5362b7a8-b5c7-4d77-8476-38ee2d8b5a3d
ac408a11-ccf4-4905-9d92-d850a4092a46,2025-10-17 11:19:14.000000,user3,Snowflake,upload,1378,170.79,4a5939fc-c689-4a39-b175-03f8c7b811fe,3d19837a-c819-4fc5-aeed-111e85b2177b
f939b66d-520f-434c-98c4-6646029bd21c,2025-10-17 11:27:59.000000,user34,GitHub,download,2799,452.63,a8a418cd-d3e0-4c50-a59d-aabc0cda1c46,
474c8ec2-b0d5-485f-a5ed-25a31f2c6366,2025-10-17 11:44:38.000000,user22,Snowflake,modify,959,488.91,aeca6361-9922-4b7a-9d13-ab81e4fcb8ee,
b4a3c3cf-f2c7-40c2-b0ea-4ce1a9e9d51a,2025-10-17 11:53:51.000000,user7,SAP,modify,812,169.82,a9249776-814f-4598-8474-96e03bc047bc,
933d333c-fdf8-4b1e-903e-495735d77744,2025-10-17 12:19:15.000000,user9,Workday,download,3497,236.0,fd99a4c6-bcac-4c39-8e9b-816815c0d3c4,
31b893c7-884d-4462-a7ee-c569eb7a6d44,2025-10-17 12:21:36.000000,user43,Workday,download,2560,223.76,8d119ac6-8845-487c-86e9-a62c8841a3de,
b59ea0e7-cc29-482a-be6b-95909dfed09d,2025-10-17 12:41:11.000000,user9,Workday,download,128,473.42,fd99a4c6-bcac-4c39-8e9b-816815c0d3c4,
d5865d69-3874-4ee4-adae-db1ba70d2474,2025-10-17 12:45:04.000000,user23,GitHub,upload,2918,331.28,bb978f27-85b3-4483-ba10-e00d75414e35,
c7983c32-e129-439d-992a-2516e8e470cc,2025-10-17 12:45:05.000000,user9,SAP,view,1444,371.76,fd99a4c6-bcac-4c39-8e9b-816815c0d3c4,
e2bd7ec9-1aa0-4033-b710-5a7c06a3f2e3,2025-10-17 13:06:51.000000,user30,GitHub,upload,2115,269.16,9233a882-0345-4916-8052-1a9328c2eda8,8d6d0b8b-cb73-4338-987c-ae2958e30fdd
236acf6b-3800-47da-99a2-43fd0a5ec17d,2025-10-17 13:22:19.000000,user43,Workday,view,3076,19.7,8d119ac6-8845-487c-86e9-a62c8841a3de,
e7e205c0-972e-448b-a2d4-2172e73c5a72,2025-10-17 13:36:03.000000,user28,Salesforce,download,1212,332.55,8c9dbdc3-676d-4931-92ff-8cffaea2c944,95758258-8d87-459a-915c-8693af3f6971
a9139c6e-6e13-4ad7-b9c9-3a47b4ea1597,2025-10-17 14:16:07.000000,user21,Databricks,modify,1130,307.25,c23ec881-dee4-4626-b58d-6b94a4055fe1,2264efba-5781-4db7-a183-b63bad14b142
3691a5e0-f350-4de8-b31d-fc6e66017fc9,2025-10-17 14:17:22.000000,user43,Jira,download,496,162.83,8d119ac6-8845-487c-86e9-a62c8841a3de,
abdec77f-b4de-4baa-bef4-0d244a13a8c7,2025-10-17 14:30:58.000000,user35,Databricks,upload,3324,389.21,536bf0f9-c868-41e1-a588-714e48e40e35,
dca415cd-d32b-4fd4-aa08-ff1996b100f2,2025-10-17 14:39:55.000000,user30,Snowflake,modify,1769,480.91,ed29e3c3-8b9f-4220-a2ad-ae91cabda00c,
f3600291-b337-4c67-b1cc-00849d8a2bc3,2025-10-17 14:54:22.000000,user24,Snowflake,modify,3073,400.99,b3b877f0-6fa4-49a6-82a4-7e166c284dbd,765a447d-23f3-420f-8ccc-869682af644d
4bf61749-0adf-4110-a90f-314a3a876a38,2025-10-17 14:59:31.000000,user23,Salesforce,upload,2597,369.69,25e03e3c-9577-491e-8d48-c128a1d8a642,
5e9e93e6-1885-4ea5-9814-e6eda83356ef,2025-10-17 15:00:09.000000,user33,Databricks,view,2133,332.54,87987409-1eae-40e2-b9e1-0fbf4a005b15,cacd43fd-a4c2-4c17-b6da-5a761100dd79
5a97e8c1-4808-413c-bd23-86831a19a656,2025-10-17 15:30:55.000000,user23,Salesforce,download,1529,227.05,bb978f27-85b3-4483-ba10-e00d75414e35,
f5f9e565-3657-4b82-b8ee-5da0734a8d79,2025-10-17 15:32:46.000000,user44,Databricks,upload,3222,144.99,4a8b1adf-0b7b-427a-bcb4-37fd3101374f,
8130e7a5-2e03-4d2a-9dbf-d862c9955531,2025-10-17 15:38:36.000000,user9,GitHub,view,2598,244.04,fd99a4c6-bcac-4c39-8e9b-816815c0d3c4,
a97e0c0d-5aca-4bf2-a336-5dc3cb2178b0,2025-10-17 15:46:05.000000,user23,Databricks,upload,400,188.58,25e03e3c-9577-491e-8d48-c128a1d8a642,
3b669c12-feb7-4943-bed7-53756cf401b8,2025-10-17 16:10:02.000000,user17,Snowflake,download,1275,425.88,c43cdd3f-775f-4c22-a7a5-cfe936680b1c,7da284e1-50c0-4acb-a50e-f58b3cf62ddd
8074771e-82b9-4d80-8570-4f5261aa670a,2025-10-17 16:49:48.000000,user21,Databricks,upload,742,405.84,c23ec881-dee4-4626-b58d-6b94a4055fe1,
0ae14f23-5396-43f0-857e-53090b970ca2,2025-10-17 16:53:18.000000,user48,GitHub,upload,1578,365.88,6bb9eac4-1884-4fc8-858b-ff99a7a4a61d,
e69ca4f1-da88-4fab-b5d6-480092854689,2025-10-17 17:10:35.000000,user9,Salesforce,view,1769,32.76,fd99a4c6-bcac-4c39-8e9b-816815c0d3c4,
b355a367-fcf0-4598-90f6-a8ee0f67bb7c,2025-10-17 17:31:31.000000,user17,Databricks,download,3362,27.22,c43cdd3f-775f-4c22-a7a5-cfe936680b1c,7da284e1-50c0-4acb-a50e-f58b3cf62ddd
4f25a507-adf6-4542-ae6c-1197bffaea02,2025-10-17 17:34:12.000000,user28,Snowflake,modify,3256,381.84,8c9dbdc3-676d-4931-92ff-8cffaea2c944,53c810ba-f7d2-45b4-9eb3-14ee943ece9e
3709d220-b157-41a7-aeb1-baab94ce1304,2025-10-17 17:48:31.000000,user21,Snowflake,download,3569,226.72,c23ec881-dee4-4626-b58d-6b94a4055fe1,2264efba-5781-4db7-a183-b63bad14b142
1055dc3c-fcc9-40f9-955c-b33f2944beb8,2025-10-17 17:54:25.000000,user24,SAP,modify,2020,342.97,b3b877f0-6fa4-49a6-82a4-7e166c284dbd,765a447d-23f3-420f-8ccc-869682af644d
d4774fcf-dd3a-4ecc-85ae-9b80b3dcd24b,2025-10-17 17:58:01.000000,user21,Jira,download,1883,230.38,1847448f-7c95-4727-bbe4-02d8ba72dd28,
6c408ab1-fb15-47d7-85ab-a46560fd8eb2,2025-10-17 18:05:08.000000,user24,GitHub,view,1253,304.32,b3b877f0-6fa4-49a6-82a4-7e166c284dbd,
49a2d2b8-c983-42c7-9dc0-7cb10a2f4b7a,2025-10-17 18:09:34.000000,user24,Jira,modify,302,284.24,b3b877f0-6fa4-49a6-82a4-7e166c284dbd,765a447d-23f3-420f-8ccc-869682af644d
c98afe69-f470-4365-bcf0-617e43eb9757,2025-10-17 18:14:08.000000,user44,GitHub,download,2184,259.01,c2e45b99-d1c1-4b70-958d-dbd10afabd2e,ae991d53-f99a-4e5f-a629-8387fc24799e
2640fc8e-1658-4fff-b51e-3bc94f0fd105,2025-10-17 18:36:28.000000,user30,Snowflake,download,2926,409.77,ed29e3c3-8b9f-4220-a2ad-ae91cabda00c,884da6ac-68da-4189-b5d3-b16429db4d3b
a583ea45-bcbe-4dcd-baab-42adef0ed422,2025-10-17 18:55:49.000000,user21,SAP,download,1764,277.31,c23ec881-dee4-4626-b58d-6b94a4055fe1,2264efba-5781-4db7-a183-b63bad14b142
bd67de22-a3fb-4a44-9f7a-777956c17cb0,2025-10-17 19:50:45.000000,user44,GitHub,download,3122,121.36,4a8b1adf-0b7b-427a-bcb4-37fd3101374f,ae991d53-f99a-4e5f-a629-8387fc24799e
ff879c0d-3496-457e-8b50-d9152d5d665d,2025-10-17 19:52:15.000000,user28,Workday,download,1208,13.89,8c9dbdc3-676d-4931-92ff-8cffaea2c944,b54114d4-e7e5-4f5d-b013-42d35cdb45be
0c528c90-593f-43fd-bbe6-5129109b3a55,2025-10-17 19:59:23.000000,user8,Snowflake,upload,1233,14.42,95d2e370-70a3-4f84-8f93-61a6447c0684,025a888d-be8d-4821-9e43-4e112d04c058
cbaaa870-7bb1-46d1-ab02-749a2def0fe6,2025-10-17 20:01:05.000000,user24,Salesforce,download,1026,43.8,e1bf68f0-e334-4a0f-9cd6-2117cb0be62e,
f133f22e-bcf1-4a22-90ba-6e2ade33b0c7,2025-10-17 20:03:26.000000,user28,Jira,view,2918,295.81,8c9dbdc3-676d-4931-92ff-8cffaea2c944,b54114d4-e7e5-4f5d-b013-42d35cdb45be
3631767c-9c0a-493e-9c4c-d5afdf70f43d,2025-10-17 20:46:10.000000,user21,Jira,download,349,1.75,c23ec881-dee4-4626-b58d-6b94a4055fe1,977d04d1-e85b-4b15-b742-03fad1963760
c1adaece-dcfd-4e59-b5d8-f3fd88d9af27,2025-10-17 20:59:06.000000,user24,Snowflake,view,1054,115.19,e1bf68f0-e334-4a0f-9cd6-2117cb0be62e,05ab8665-9ba5-4f59-a3a0-ad56b715d38f
22bcdb04-ce04-4078-84fd-ff87cb91f698,2025-10-17 20:59:22.000000,user17,SAP,view,421,480.48,75e06ca7-a6c1-4102-b2db-74c5d003019d,9812fce7-161c-40de-a265-28aedb30a13f
2ccba072-ca44-400d-94eb-535bb3b0b53b,2025-10-17 21:05:28.000000,user31,Snowflake,download,2614,262.73,115271a0-2281-439f-9e6a-b3d62885531f,4c01fc74-1a84-43b1-acb2-dd228eae6280
ac315c59-39e2-4b61-9fa0-5dc08d34b9eb,2025-10-17 21:11:15.000000,user44,Jira,modify,769,267.19,4a8b1adf-0b7b-427a-bcb4-37fd3101374f,ae991d53-f99a-4e5f-a629-8387fc24799e
a291a771-be3d-42db-95bf-f5e2c95e809c,2025-10-17 21:17:22.000000,user35,Snowflake,download,1704,240.72,fa7f0469-604d-471d-aac6-6a0493dccdb4,d320074d-1f8d-4a8d-9be0-5d38efb2846e
e08d04a3-e9e2-4f35-b407-c80647ff753e,2025-10-17 21:21:20.000000,user35,GitHub,modify,108,48.63,fa7f0469-604d-471d-aac6-6a0493dccdb4,d320074d-1f8d-4a8d-9be0-5d38efb2846e
663ff25e-5bbd-4432-b0c6-f73a02bfc1c2,2025-10-17 21:24:51.000000,user45,GitHub,modify,1835,248.28,ff49fecb-9876-4c8d-a30b-74949cdc3d6d,a137b113-2e9b-47f1-ae6a-972a79be58b8
a15847f9-d485-496b-92f0-7fa65bd5c6bc,2025-10-17 21:47:14.000000,user24,SAP,download,2538,317.22,b3b877f0-6fa4-49a6-82a4-7e166c284dbd,
52c4fcb6-98cb-48c0-8527-840b0eca7c20,2025-10-17 22:10:13.000000,user31,Snowflake,modify,829,28.06,115271a0-2281-439f-9e6a-b3d62885531f,4c01fc74-1a84-43b1-acb2-dd228eae6280
1f6da8f4-4909-4143-82ea-d4e036e9b595,2025-10-17 22:11:10.000000,user31,GitHub,upload,764,353.66,115271a0-2281-439f-9e6a-b3d62885531f,4c01fc74-1a84-43b1-acb2-dd228eae6280
f32d9959-2dfc-4f65-8f07-0e2ce4ec5826,2025-10-17 22:14:53.000000,user44,Databricks,view,578,437.55,c2e45b99-d1c1-4b70-958d-dbd10afabd2e,
1fb4f9e1-7548-4d4e-bc3e-8fa7ea64acb4,2025-10-17 22:37:10.000000,user48,SAP,download,1227,290.55,6bb9eac4-1884-4fc8-858b-ff99a7a4a61d,
500236d0-2ec2-4c75-a3be-f722c77f3d4a,2025-10-17 22:58:35.000000,user24,Snowflake,upload,2086,26.75,e1bf68f0-e334-4a0f-9cd6-2117cb0be62e,765a447d-23f3-420f-8ccc-869682af644d
83fe0302-cba4-4584-9321-6c7bf9e2d114,2025-10-17 23:05:21.000000,user17,Databricks,modify,784,332.75,75e06ca7-a6c1-4102-b2db-74c5d003019d,7da284e1-50c0-4acb-a50e-f58b3cf62ddd
6f46d9a7-7ff2-43d5-b711-aa70522fa3bd,2025-10-17 23:23:18.000000,user35,Databricks,modify,1210,370.71,fa7f0469-604d-471d-aac6-6a0493dccdb4,
d7ea3960-e545-4788-822e-88dc8f4f34ac,2025-10-17 23:27:05.000000,user36,Workday,modify,678,122.39,c49feb59-a162-4c36-a94f-8db3f836010c,80af903e-90ac-4904-bfab-6d1fe8545a24
46231b4a-7b5a-42ae-926f-2b5235bad201,2025-10-17 23:29:25.000000,user24,SAP,view,3307,8.38,e1bf68f0-e334-4a0f-9cd6-2117cb0be62e,765a447d-23f3-420f-8ccc-869682af644d
3f8d460e-d3d6-4818-85ff-a00cff31037c,2025-10-17 23:42:07.000000,user36,Databricks,modify,2658,87.98,c49feb59-a162-4c36-a94f-8db3f836010c,80af903e-90ac-4904-bfab-6d1fe8545a24
6e0f85ab-5bdc-4291-955e-e22328991b3e,2025-10-18 00:14:13.000000,user31,Workday,download,3466,27.39,115271a0-2281-439f-9e6a-b3d62885531f,980e07e4-d144-4108-ba59-fa5c2a10374a
e37fba35-6780-4047-8713-bd7908499b81,2025-10-18 00:20:49.000000,user35,SAP,upload,2878,10.41,fa7f0469-604d-471d-aac6-6a0493dccdb4,
374c543d-35bc-4eed-9985-4c1507025812,2025-10-18 00:34:07.000000,user36,GitHub,upload,2526,221.92,c49feb59-a162-4c36-a94f-8db3f836010c,b09652bf-7cae-4394-8179-65991dabd0a4
fd064620-5a37-4ff6-a956-e3273f351d07,2025-10-18 00:59:43.000000,user7,Workday,view,1400,344.49,f6940556-2a41-46ab-a730-bcfaf2e59b7a,
16485e37-5ece-43a7-9ea1-75084d910252,2025-10-18 01:39:21.000000,user12,Jira,modify,1544,393.98,089dba51-3272-4848-bd9d-5a1e8dd5b07c,
3ff831b9-a824-4bcf-af74-d8566b6f6f64,2025-10-18 01:43:22.000000,user49,Jira,upload,461,134.03,71683a91-a396-441b-8ab8-7d765e7f3725,4cee5891-d2d2-40af-b68d-88326854505d
7131bc21-420d-47b8-8457-79d5b78c691f,2025-10-18 02:07:45.000000,user7,Workday,download,2637,335.34,f6940556-2a41-46ab-a730-bcfaf2e59b7a,
5bb7579a-04e2-4475-aea6-6f95ebdd2097,2025-10-18 02:13:52.000000,user31,Databricks,download,3396,289.51,115271a0-2281-439f-9e6a-b3d62885531f,4c01fc74-1a84-43b1-acb2-dd228eae6280
21400303-eae2-4b5c-9b84-ff5e664016f4,2025-10-18 02:22:31.000000,user7,Jira,upload,3364,166.93,f6940556-2a41-46ab-a730-bcfaf2e59b7a,
32d653fc-e577-4238-bff8-670d5a8e5568,2025-10-18 02:34:11.000000,user15,Jira,view,671,320.84,37e7f499-0cee-4c43-946c-3905ba923771,ed51d483-4921-415b-a0da-e0550109e071
55fb6cb0-de4c-445b-8470-6bb9270cf170,2025-10-18 03:02:29.000000,user15,SAP,download,2052,461.97,37e7f499-0cee-4c43-946c-3905ba923771,
ef467ea4-55ee-4fd6-b21e-7d69345283df,2025-10-18 03:07:32.000000,user49,Workday,modify,1971,66.27,20bd8ca6-120e-4a7c-953e-7c33ce42fab4,4cee5891-d2d2-40af-b68d-88326854505d
6f1a4dc0-7b8a-45bd-b1a7-bb4e960c672a,2025-10-18 03:14:22.000000,user36,SAP,upload,1395,63.99,c49feb59-a162-4c36-a94f-8db3f836010c,b09652bf-7cae-4394-8179-65991dabd0a4
34d6ac6b-d445-434f-b93e-3bc189753ab5,2025-10-18 03:23:46.000000,user49,Workday,view,420,137.66,20bd8ca6-120e-4a7c-953e-7c33ce42fab4,25164d57-00b3-4fce-9b29-610dad70bedd
021bc907-2694-4bc4-acf2-90ced66ded01,2025-10-18 03:37:04.000000,user49,SAP,modify,2875,231.49,20bd8ca6-120e-4a7c-953e-7c33ce42fab4,69643a0d-af4f-44ea-9a28-a7ed58e098de
a72533c5-f777-4bdd-bd0e-e946ad207cea,2025-10-18 03:45:01.000000,user41,Databricks,upload,742,372.97,62732372-22ed-4cc7-ab3d-0e56fb2c3a62,55307558-5c1b-4689-bee1-b2b3089a369d
30fdf5a0-e01e-4c20-a129-654376508404,2025-10-18 03:53:27.000000,user7,GitHub,modify,2577,236.48,f6940556-2a41-46ab-a730-bcfaf2e59b7a,
37fce8a7-66af-4df9-b8eb-e6ba5d529947,2025-10-18 04:14:39.000000,user35,Databricks,modify,557,68.71,fa7f0469-604d-471d-aac6-6a0493dccdb4,d320074d-1f8d-4a8d-9be0-5d38efb2846e
1556c4d7-3fd8-4baf-93ce-51292e47c6d4,2025-10-18 04:34:23.000000,user7,Workday,modify,1163,331.27,f6940556-2a41-46ab-a730-bcfaf2e59b7a,
d47df16c-83ea-4873-9d83-d5e17f40692c,2025-10-18 04:41:39.000000,user36,Snowflake,modify,1078,267.56,c49feb59-a162-4c36-a94f-8db3f836010c,80af903e-90ac-4904-bfab-6d1fe8545a24
94fa1927-6837-4f9c-bbeb-815c01c60b91,2025-10-18 05:52:04.000000,user20,Databricks,upload,2346,235.72,0cbf8db4-8dc4-4907-87bd-556055642a20,
d15deac6-f2ec-4710-a720-e9f0d9b6115c,2025-10-18 06:01:38.000000,user20,Databricks,view,1721,392.61,0cbf8db4-8dc4-4907-87bd-556055642a20,e7cf9b59-1a95-4376-9ce7-59521cf3ad13
3c6cfdbc-2a1f-41ee-ac49-90a330083068,2025-10-18 06:22:43.000000,user49,Salesforce,modify,512,66.78,20bd8ca6-120e-4a7c-953e-7c33ce42fab4,
90e51a24-5b00-4543-ac4f-8d5c641aa4f6,2025-10-18 06:37:59.000000,user39,Workday,modify,3096,289.5,f68bccf0-68ca-4a90-a134-4bd71f497c87,36d7039c-c2e1-431f-8738-4480b46025b3
41eeef15-db8f-4692-acf8-c352bbb49d5b,2025-10-18 06:38:32.000000,user35,Snowflake,modify,957,116.58,c9e198f8-de69-465f-97ae-a275299c57e8,
67591e35-d36b-480e-999f-6a1867497ed3,2025-10-18 06:49:33.000000,user39,Databricks,view,1914,70.21,f68bccf0-68ca-4a90-a134-4bd71f497c87,
aed4e30c-85db-4a38-a7eb-b3b42cbbae2a,2025-10-18 07:01:38.000000,user8,Salesforce,view,1039,146.7,2fdb5613-999a-4d5e-be96-135c6cdcf3a8,
bed3666f-c63a-437e-9d78-48fac9a58290,2025-10-18 07:23:12.000000,user11,Salesforce,upload,3237,386.86,865f093a-b5b1-4bd7-8932-b27022bc1fa2,5362b7a8-b5c7-4d77-8476-38ee2d8b5a3d
4533ec26-cbc4-4011-8e0b-0a996c58706e,2025-10-18 07:23:41.000000,user34,SAP,view,773,321.37,37f14c93-1506-4f2e-aab7-29881b3f6507,e4c02114-af61-4266-aea9-b42b2a9fc72c
046f25a5-f0b7-4382-8fa6-dec666ea064f,2025-10-18 07:26:47.000000,user49,Databricks,upload,3093,125.67,71683a91-a396-441b-8ab8-7d765e7f3725,4cee5891-d2d2-40af-b68d-88326854505d
2097bac1-620a-473f-a73f-81b2a8625874,2025-10-18 07:31:28.000000,user49,Jira,upload,3162,197.51,71683a91-a396-441b-8ab8-7d765e7f3725,4cee5891-d2d2-40af-b68d-88326854505d
005ae908-a00d-47b2-a2d9-8e807884eb4a,2025-10-18 07:43:19.000000,user49,GitHub,modify,2328,290.7,71683a91-a396-441b-8ab8-7d765e7f3725,25164d57-00b3-4fce-9b29-610dad70bedd
7b542b9a-fba2-4577-bca6-09608b130668,2025-10-18 08:06:12.000000,user20,Jira,view,1481,430.36,0cbf8db4-8dc4-4907-87bd-556055642a20,e7cf9b59-1a95-4376-9ce7-59521cf3ad13
fb7fa997-fc92-41a7-90a6-b502cb2892c5,2025-10-18 08:17:46.000000,user49,Databricks,modify,1686,424.65,71683a91-a396-441b-8ab8-7d765e7f3725,
335db4f5-3be3-4f7e-a558-d8088ca5aa01,2025-10-18 08:26:39.000000,user49,Salesforce,view,2307,448.22,20bd8ca6-120e-4a7c-953e-7c33ce42fab4,4cee5891-d2d2-40af-b68d-88326854505d
310c9091-bb46-42a0-82ab-3deb0545cbc8,2025-10-18 08:39:18.000000,user1,Snowflake,download,281,347.98,9b3227d6-88dc-4f54-a8a7-52f91dd5d8e6,5ec3fbb0-8551-48bd-bbae-aa6d14c5f1ff
6ad0fbd4-4d07-43f6-9839-556bd7d52963,2025-10-18 08:48:31.000000,user35,Workday,download,2720,400.25,c9e198f8-de69-465f-97ae-a275299c57e8,d320074d-1f8d-4a8d-9be0-5d38efb2846e
f7ff3730-29ad-48a1-b667-ed75ebf7707c,2025-10-18 08:56:38.000000,user8,SAP,view,3190,13.43,2fdb5613-999a-4d5e-be96-135c6cdcf3a8,bd0a371c-614d-4102-9be6-993308df75c8
ea6b1086-ea53-4af3-ad3c-985eecf6766a,2025-10-18 09:03:24.000000,user15,Databricks,modify,1357,136.46,37e7f499-0cee-4c43-946c-3905ba923771,ed51d483-4921-415b-a0da-e0550109e071
a8e8f557-1b75-484d-9d40-75184b2fb0c3,2025-10-18 09:20:40.000000,user20,Snowflake,download,505,102.44,34d54ae0-3d6c-4c5f-832e-9e4fd61f5efa,
36a285bb-7fec-4bd8-aa03-236d039431b5,2025-10-18 09:21:06.000000,user20,Snowflake,view,1356,393.82,34d54ae0-3d6c-4c5f-832e-9e4fd61f5efa,e7cf9b59-1a95-4376-9ce7-59521cf3ad13
4af2c8a7-f505-4004-8bda-4fea369a88f1,2025-10-18 09:40:31.000000,user20,Snowflake,upload,3501,408.64,34d54ae0-3d6c-4c5f-832e-9e4fd61f5efa,
85b306a1-3513-4de8-a9fd-3061ec422773,2025-10-18 09:40:35.000000,user20,SAP,view,691,485.35,34d54ae0-3d6c-4c5f-832e-9e4fd61f5efa,e7cf9b59-1a95-4376-9ce7-59521cf3ad13
fa9aff31-0c38-4cbc-a09f-47774ac02147,2025-10-18 10:09:59.000000,user8,Snowflake,download,2259,499.63,2fdb5613-999a-4d5e-be96-135c6cdcf3a8,
047a6bc1-d396-48d3-bc64-e0d148e9ad85,2025-10-18 10:17:03.000000,user39,Salesforce,upload,76,108.4,f68bccf0-68ca-4a90-a134-4bd71f497c87,
a1094d5d-7e12-42c9-9380-af7358fbb3d2,2025-10-18 10:25:16.000000,user47,Snowflake,upload,922,166.42,457c6654-2d00-4773-b42a-0c6e040761d3,
2edbd403-b52e-4ec6-9208-9c183717d4b4,2025-10-18 10:25:44.000000,user17,Snowflake,view,1234,429.65,deabd209-ce7e-41dd-8124-3e3ba6da97e2,05aad117-c96c-4b0a-94e1-be69227939d8
411b9bbb-56bf-4325-a702-ccd416966c7b,2025-10-18 10:28:11.000000,user34,Jira,view,725,175.6,37f14c93-1506-4f2e-aab7-29881b3f6507,e4c02114-af61-4266-aea9-b42b2a9fc72c
2db250b9-a385-460a-b993-c2fa2a55957a,2025-10-18 10:39:17.000000,user34,Jira,modify,924,164.99,37f14c93-1506-4f2e-aab7-29881b3f6507,e4c02114-af61-4266-aea9-b42b2a9fc72c
35c4ca47-5277-40b4-8909-d17088d878b8,2025-10-18 10:49:37.000000,user35,Snowflake,upload,2259,46.48,c9e198f8-de69-465f-97ae-a275299c57e8,d320074d-1f8d-4a8d-9be0-5d38efb2846e
ef723f7c-0df8-4e23-8e29-764f87312d62,2025-10-18 11:16:10.000000,user47,Snowflake,upload,1193,438.61,457c6654-2d00-4773-b42a-0c6e040761d3,d6de783a-8c3d-4581-a0e1-683af840b183
383d3a19-6f33-49aa-a68b-625aa3366d53,2025-10-18 11:24:08.000000,user34,SAP,upload,2353,230.62,37f14c93-1506-4f2e-aab7-29881b3f6507,
134031c0-2a29-4121-9c58-44187c8a7de0,2025-10-18 12:02:49.000000,user34,Jira,modify,2355,301.21,37f14c93-1506-4f2e-aab7-29881b3f6507,e4c02114-af61-4266-aea9-b42b2a9fc72c
f22b0dbd-844a-4bda-b5f3-f4c4de0abf08,2025-10-18 12:08:26.000000,user20,GitHub,modify,1353,88.57,9a7a7c68-9e8d-430b-ac33-2fcb00a6fec4,
a23c34c2-673f-4e00-ab47-874224272d8c,2025-10-18 12:15:05.000000,user17,GitHub,modify,3518,495.27,deabd209-ce7e-41dd-8124-3e3ba6da97e2,dce39cbb-95e8-469b-8b9c-e096b29989f9
d9d558ed-8adc-4273-b818-ad7531f8b903,2025-10-18 12:20:28.000000,user8,Databricks,view,646,265.29,2fdb5613-999a-4d5e-be96-135c6cdcf3a8,
6e695124-f0d0-404a-a427-5dfcdcf6e128,2025-10-18 12:24:40.000000,user20,SAP,download,2421,271.86,9a7a7c68-9e8d-430b-ac33-2fcb00a6fec4,e7cf9b59-1a95-4376-9ce7-59521cf3ad13
81a8c335-81a6-4c34-b05f-c1a74b1e16a2,2025-10-18 12:31:33.000000,user39,Workday,upload,1440,375.58,f68bccf0-68ca-4a90-a134-4bd71f497c87,80ea0568-78e6-4828-90da-ac0949949351
4d468671-4d3f-4605-9a4a-d165a09210b9,2025-10-18 12:34:29.000000,user35,GitHub,view,3411,282.11,c9e198f8-de69-465f-97ae-a275299c57e8,d320074d-1f8d-4a8d-9be0-5d38efb2846e
b045443d-86e2-4cef-9645-c739cef8dcf2,2025-10-18 12:35:22.000000,user17,Databricks,view,528,176.24,72ae8107-eb82-473d-a6ac-99ba3160de6c,9812fce7-161c-40de-a265-28aedb30a13f
ddd4ce94-4c6b-4872-8258-03f62ed34370,2025-10-18 12:56:27.000000,user13,GitHub,upload,589,454.41,a3259941-40e5-434e-b7fc-1b4f1afd105d,
36653d28-9557-44b3-9b2c-0a0bfd5ba0eb,2025-10-18 12:57:38.000000,user41,Salesforce,download,3557,90.84,6480d220-157e-4a97-b9be-50c6322c8764,55307558-5c1b-4689-bee1-b2b3089a369d
7d3cad79-c3d4-49d9-9dc0-4729c19dcd57,2025-10-18 13:11:04.000000,user20,GitHub,view,518,67.13,34d54ae0-3d6c-4c5f-832e-9e4fd61f5efa,e7cf9b59-1a95-4376-9ce7-59521cf3ad13
c58deae0-ec6d-4f39-8651-ed47978b81b6,2025-10-18 13:15:24.000000,user1,Snowflake,download,3459,469.67,9b3227d6-88dc-4f54-a8a7-52f91dd5d8e6,
f4856343-666f-4151-ba53-04d8ca0f6c44,2025-10-18 13:18:16.000000,user13,Snowflake,download,530,391.45,a3259941-40e5-434e-b7fc-1b4f1afd105d,
443967ab-b45c-4e3f-a26e-7080d1b07d4f,2025-10-18 13:24:09.000000,user13,Jira,upload,3553,214.92,a3259941-40e5-434e-b7fc-1b4f1afd105d,
ea313c0d-e8e3-4c1b-8696-5b5ee59f38a0,2025-10-18 13:28:08.000000,user47,SAP,modify,1621,34.15,457c6654-2d00-4773-b42a-0c6e040761d3,d6de783a-8c3d-4581-a0e1-683af840b183
51f4cb36-5bbe-4524-b3c3-a14861d64726,2025-10-18 13:35:22.000000,user35,SAP,view,321,432.62,c9e198f8-de69-465f-97ae-a275299c57e8,d320074d-1f8d-4a8d-9be0-5d38efb2846e
0eab118f-3f48-48b2-b2c3-cdc015df2afb,2025-10-18 14:16:06.000000,user13,Salesforce,view,183,459.07,a3259941-40e5-434e-b7fc-1b4f1afd105d,
429aaac0-4bb9-479c-8084-59bd36036ac4,2025-10-18 14:24:34.000000,user37,Salesforce,upload,1882,303.06,74733fda-18cf-48af-8d6e-f83c539f7e2b,
46bfa482-6edc-4a00-a43e-0e1d15144dcd,2025-10-18 14:26:11.000000,user17,Jira,modify,1626,202.7,deabd209-ce7e-41dd-8124-3e3ba6da97e2,53eb2470-ba66-4ff5-9bf3-a6036ab5abb3
f08402cc-c5e3-4587-92fc-bf095213410f,2025-10-18 14:55:24.000000,user40,GitHub,upload,1268,277.21,7cda9469-dc38-4965-a47e-8ba10495631b,
d83450be-299c-4cc5-bea1-683f003eef92,2025-10-18 15:01:31.000000,user20,Salesforce,modify,269,16.28,9a7a7c68-9e8d-430b-ac33-2fcb00a6fec4,
7b0dbf20-6c85-4f51-bdc6-2f64adaf5df3,2025-10-18 15:06:20.000000,user13,Salesforce,modify,1816,238.74,a3259941-40e5-434e-b7fc-1b4f1afd105d,
595aace4-d1d2-448d-9e00-3028301ccc52,2025-10-18 15:13:31.000000,user46,GitHub,upload,160,1.64,7e17b096-32cc-482a-a138-32c4886437fa,
ec27bed3-b21d-40ac-b6e1-3dc524af9f24,2025-10-18 15:19:58.000000,user35,SAP,upload,1802,226.26,ba89408c-d07a-40d3-81d3-807f82ea4d2a,
2fd1b004-581b-4dc1-915d-6d81ae526288,2025-10-18 15:48:22.000000,user20,Snowflake,view,599,316.87,9a7a7c68-9e8d-430b-ac33-2fcb00a6fec4,e7cf9b59-1a95-4376-9ce7-59521cf3ad13
c5f0f915-fd90-4689-8f8e-92a610b04e35,2025-10-18 15:51:51.000000,user41,Workday,view,2020,68.65,6480d220-157e-4a97-b9be-50c6322c8764,55307558-5c1b-4689-bee1-b2b3089a369d
3063276f-7444-46fb-882a-92cf82140492,2025-10-18 16:15:01.000000,user20,Jira,download,2506,141.88,9a7a7c68-9e8d-430b-ac33-2fcb00a6fec4,e7cf9b59-1a95-4376-9ce7-59521cf3ad13
e1db5488-9598-4a8d-a90a-55c0c6956dfd,2025-10-18 16:58:39.000000,user13,Jira,modify,149,64.69,cc7c8ebc-d2a6-46dc-ae5e-5468eba039eb,
bcf556a6-382e-4e41-983b-bf0969edab90,2025-10-18 17:16:40.000000,user17,GitHub,view,1090,192.01,deabd209-ce7e-41dd-8124-3e3ba6da97e2,8fba1cc0-ed98-4402-bf99-afe91cc015ed
8ed6cb34-d6cb-4e49-bac5-77ecc28162dd,2025-10-18 17:18:39.000000,user41,Snowflake,view,2643,490.25,6480d220-157e-4a97-b9be-50c6322c8764,5b6055d0-54cf-4639-968f-2f01b7c56d3a
19517d80-fd13-4fa2-bdcd-2928995a367c,2025-10-18 17:24:21.000000,user15,SAP,view,1038,174.17,ef22082c-e440-4399-bd7c-b093d184318f,71ba483e-4317-420c-a13e-33f3a27365eb
e6ba916d-043b-4837-83de-8045d37e34f7,2025-10-18 17:55:49.000000,user13,SAP,modify,3411,4.82,cc7c8ebc-d2a6-46dc-ae5e-5468eba039eb,
dca06e9f-1781-4896-823f-873f77d67083,2025-10-18 18:52:16.000000,user46,Snowflake,upload,1959,164.04,7e17b096-32cc-482a-a138-32c4886437fa,
381c3a9b-c647-4779-b7fd-920bf3b63467,2025-10-18 19:44:06.000000,user17,Databricks,modify,2291,74.89,72ae8107-eb82-473d-a6ac-99ba3160de6c,9812fce7-161c-40de-a265-28aedb30a13f
f57608c2-6415-4bf2-a6b0-6a2883dc1fcd,2025-10-18 20:34:47.000000,user13,SAP,upload,2034,278.71,cc7c8ebc-d2a6-46dc-ae5e-5468eba039eb,
46814198-a927-4ce1-a8c8-26658f0239ea,2025-10-18 20:45:04.000000,user44,Databricks,view,2716,132.06,e06191cc-e071-430e-b045-6b0c8d96bc02,
e9937fce-2e97-4036-b486-489d0d68ddee,2025-10-18 21:31:27.000000,user13,Snowflake,view,1259,52.06,cc7c8ebc-d2a6-46dc-ae5e-5468eba039eb,
4a077a0e-00c0-47a0-b788-495df2732885,2025-10-18 21:51:25.000000,user43,Jira,download,1015,117.53,60288634-6241-4f26-91ef-67fc4b70888a,
94016f23-4446-45d2-8e91-d5edfb175b0e,2025-10-18 21:59:40.000000,user44,GitHub,modify,2285,19.17,e06191cc-e071-430e-b045-6b0c8d96bc02,ae991d53-f99a-4e5f-a629-8387fc24799e
63df9d7c-f176-4daa-a597-b88ac6207bc0,2025-10-18 22:02:41.000000,user43,Salesforce,view,603,179.5,60288634-6241-4f26-91ef-67fc4b70888a,
05f596ec-622d-446d-8f76-fd1a0c0c5fb7,2025-10-18 22:43:32.000000,user43,Snowflake,modify,1743,332.28,60288634-6241-4f26-91ef-67fc4b70888a,
65c6140b-84f8-453a-af9d-5984971df669,2025-10-18 23:38:03.000000,user44,Workday,upload,825,160.02,998e84e2-b8b5-4c5d-beeb-94c8e3a1f569,
f3fa2600-eebc-4eab-a011-1a08a390096c,2025-10-19 00:07:28.000000,user4,GitHub,view,1891,355.01,7ba36e45-9525-4ff2-ac75-ff84a756f6b7,
0da248a7-f1e9-4baa-9d79-612583698e4e,2025-10-19 00:47:27.000000,user29,GitHub,upload,2293,162.26,ee310f1b-5b3b-42e5-8a1d-3794ad74da43,abf2f8a5-ad48-48c7-84c1-ca097da1e4c4
db0b7887-0d22-4acc-831d-858f2c03958a,2025-10-19 01:15:46.000000,user12,Snowflake,upload,1501,447.04,ba723b23-7efa-4e38-a95d-66c1ffd13196,
13504985-8e7b-47cb-882b-f31e77c81a95,2025-10-19 01:36:35.000000,user44,GitHub,modify,1264,39.52,e06191cc-e071-430e-b045-6b0c8d96bc02,
383b0c02-8df3-4234-9933-758af2cf10a0,2025-10-19 01:45:27.000000,user4,GitHub,modify,900,151.44,7ba36e45-9525-4ff2-ac75-ff84a756f6b7,e9acb8dc-11af-4ad8-94dc-1b6fd2bb69fd
eb8e492c-6617-4048-83fa-e5cc8c1d1ee7,2025-10-19 01:50:13.000000,user12,Salesforce,upload,2888,384.31,ba723b23-7efa-4e38-a95d-66c1ffd13196,
25866b20-e6dd-41a8-8ee4-32f537fbec6d,2025-10-19 02:08:03.000000,user41,Snowflake,download,939,378.25,51e27ddb-98d0-4a58-9456-ee774e2aafe1,5b6055d0-54cf-4639-968f-2f01b7c56d3a
b97a5cf9-d8c8-4ed5-ae71-88adb0699a41,2025-10-19 02:13:03.000000,user29,SAP,modify,1933,279.6,ee310f1b-5b3b-42e5-8a1d-3794ad74da43,abf2f8a5-ad48-48c7-84c1-ca097da1e4c4
e339e927-49f3-4538-b107-3e49498e6fbf,2025-10-19 02:18:28.000000,user12,Databricks,view,3446,210.13,ba723b23-7efa-4e38-a95d-66c1ffd13196,
2ab79ed8-60b6-494a-8c20-9039836031af,2025-10-19 02:52:58.000000,user4,GitHub,modify,1661,300.58,7ba36e45-9525-4ff2-ac75-ff84a756f6b7,7f4bd8f8-adf3-4efa-97ff-77c5dbf502c8
06b74cc5-794a-405a-a6aa-feef3e293098,2025-10-19 02:56:51.000000,user43,Jira,view,1575,34.27,60288634-6241-4f26-91ef-67fc4b70888a,
b8ebeb48-f903-4c70-9d34-ca82a13e9a6c,2025-10-19 03:22:47.000000,user44,SAP,download,2552,307.28,5b08e48e-f647-4073-a7aa-5373b6f7236f,ae991d53-f99a-4e5f-a629-8387fc24799e
4110b649-2a8c-42d6-b0ba-be927fb640a2,2025-10-19 03:43:47.000000,user29,Jira,upload,1011,411.19,ee310f1b-5b3b-42e5-8a1d-3794ad74da43,
924171c7-a374-4c72-9746-55ffa4767c91,2025-10-19 04:09:51.000000,user29,Snowflake,modify,3404,330.67,ee310f1b-5b3b-42e5-8a1d-3794ad74da43,abf2f8a5-ad48-48c7-84c1-ca097da1e4c4
3dcc1ac8-594d-4e1c-94a8-1c336f04f85a,2025-10-19 04:17:54.000000,user43,Jira,view,369,200.14,60288634-6241-4f26-91ef-67fc4b70888a,
f0263e8d-c444-4145-9e00-3e72410dc5ab,2025-10-19 04:42:29.000000,user33,Jira,upload,672,300.52,8c14f428-76be-4f62-a441-3db8719ad2ba,cacd43fd-a4c2-4c17-b6da-5a761100dd79
9a78b3b3-3390-4a69-bf04-41ac1444988d,2025-10-19 06:31:58.000000,user33,Workday,view,1349,320.38,8c14f428-76be-4f62-a441-3db8719ad2ba,cacd43fd-a4c2-4c17-b6da-5a761100dd79
c9dce8ed-1107-45f3-bb0a-db5af406044b,2025-10-19 06:35:38.000000,user11,Databricks,upload,1792,50.63,f96470ca-ea1b-409c-8f1c-4ffdeb09d364,5362b7a8-b5c7-4d77-8476-38ee2d8b5a3d
700d8734-d552-4027-94dc-d9dfbc76964e,2025-10-19 06:51:47.000000,user47,Salesforce,modify,1693,191.84,a4ff1c87-55a7-4550-88bb-8d62c619e65b,d6de783a-8c3d-4581-a0e1-683af840b183
8d5ebe22-37e9-43c6-8874-013ed445116d,2025-10-19 07:41:19.000000,user47,Jira,modify,546,409.88,a4ff1c87-55a7-4550-88bb-8d62c619e65b,d6de783a-8c3d-4581-a0e1-683af840b183
1226d1b9-5061-421b-aeed-505cbc31f109,2025-10-19 07:48:28.000000,user4,GitHub,download,3199,418.84,7ba36e45-9525-4ff2-ac75-ff84a756f6b7,7f4bd8f8-adf3-4efa-97ff-77c5dbf502c8
e6c8b531-59b8-4b8a-98db-f70fa0ce0574,2025-10-19 07:50:44.000000,user10,Databricks,modify,2571,397.62,061f97c0-6da9-4db4-bddd-1022be948e28,30f8db48-b936-4be4-bb40-c5a55095e394
0d60af5f-5421-4412-bfea-a16664aad626,2025-10-19 07:54:22.000000,user4,GitHub,view,2207,141.71,7ba36e45-9525-4ff2-ac75-ff84a756f6b7,
e8b934a0-e51c-47fd-aba0-14b5c785552b,2025-10-19 07:54:22.000000,user11,Jira,upload,2897,246.62,f96470ca-ea1b-409c-8f1c-4ffdeb09d364,5362b7a8-b5c7-4d77-8476-38ee2d8b5a3d
521d68c4-e043-49b6-97d8-c6e4882acd9d,2025-10-19 08:16:18.000000,user10,Snowflake,modify,1166,83.11,061f97c0-6da9-4db4-bddd-1022be948e28,b020f5ef-0f58-4e3a-ac57-33b8d9bd22c7
c48472b8-51b2-4368-8f0e-692524c9bd3a,2025-10-19 08:25:47.000000,user9,Databricks,modify,2078,23.53,9d4dfa4b-e94e-4f1a-9a7b-8668b4f2548b,
5ecc6351-3443-42d8-bf90-48062081e114,2025-10-19 08:25:48.000000,user13,Jira,download,2594,274.0,27937762-03ed-4997-b307-c7adf6de7005,
68de1ae2-dd3b-4442-a86d-7ec9c41f9fc6,2025-10-19 08:32:14.000000,user23,SAP,download,304,63.39,b3df2aa5-0e66-4879-98f6-5c034c881300,
7170d9c3-6d6c-4f77-92a7-f42fbec0b754,2025-10-19 08:35:45.000000,user10,GitHub,view,1603,87.88,061f97c0-6da9-4db4-bddd-1022be948e28,b020f5ef-0f58-4e3a-ac57-33b8d9bd22c7
c70c381e-8f62-427e-b460-b9c6a37c1375,2025-10-19 08:42:37.000000,user23,SAP,view,358,335.37,b3df2aa5-0e66-4879-98f6-5c034c881300,
fafaf82d-8820-4985-9a12-19611e128655,2025-10-19 09:15:25.000000,user13,Workday,upload,1982,274.17,27937762-03ed-4997-b307-c7adf6de7005,
776f12c2-be94-4075-b4b5-83955e12a1f0,2025-10-19 09:27:39.000000,user28,Jira,upload,3195,454.26,3d6314e7-e542-465b-b424-0a89140a3189,95758258-8d87-459a-915c-8693af3f6971
fdbe3cbd-5486-4791-af5f-4588feeb1f8f,2025-10-19 09:55:06.000000,user41,GitHub,view,3008,225.3,0f424e04-e183-4f92-ae5a-a5eff8888095,
d15414aa-bbd7-4c57-bc8f-2e7ede78bcc8,2025-10-19 09:58:35.000000,user11,Salesforce,download,377,302.25,f96470ca-ea1b-409c-8f1c-4ffdeb09d364,5362b7a8-b5c7-4d77-8476-38ee2d8b5a3d
c5534c4c-de1e-4008-a033-a98d8544d011,2025-10-19 10:22:47.000000,user11,Snowflake,modify,2663,122.52,f96470ca-ea1b-409c-8f1c-4ffdeb09d364,5362b7a8-b5c7-4d77-8476-38ee2d8b5a3d
d8582aca-16f8-4dc1-bf8f-e9eb3cd0a841,2025-10-19 10:51:06.000000,user13,Databricks,modify,2831,243.66,27937762-03ed-4997-b307-c7adf6de7005,
51572504-d1ca-4b19-aaba-179da437ff11,2025-10-19 10:57:49.000000,user41,GitHub,upload,1573,145.52,0f424e04-e183-4f92-ae5a-a5eff8888095,5b6055d0-54cf-4639-968f-2f01b7c56d3a
5f1b2848-36f8-434c-90ac-566f958d995e,2025-10-19 11:15:35.000000,user33,Databricks,view,1174,11.11,8c14f428-76be-4f62-a441-3db8719ad2ba,7a6c0586-a0fc-4ad5-a3e0-01ce37989267
9a2553f5-09ab-4d26-8df1-34ae7dddfa54,2025-10-19 11:25:15.000000,user33,Jira,modify,2856,309.0,8c14f428-76be-4f62-a441-3db8719ad2ba,7a6c0586-a0fc-4ad5-a3e0-01ce37989267
9f7dbe02-1101-408e-be94-e7b18e5f1347,2025-10-19 11:25:50.000000,user33,Snowflake,download,1930,271.25,8c14f428-76be-4f62-a441-3db8719ad2ba,7a6c0586-a0fc-4ad5-a3e0-01ce37989267
f1d40c71-acec-4c41-9038-3359457c6bda,2025-10-19 11:28:10.000000,user23,Jira,download,1422,30.15,b3df2aa5-0e66-4879-98f6-5c034c881300,
c2d8abad-a8b3-4fa4-bf90-eacdb610ac29,2025-10-19 11:30:08.000000,user13,Workday,view,668,66.89,27937762-03ed-4997-b307-c7adf6de7005,
cf10820e-5fab-4c30-85c1-a50d21ec6a6e,2025-10-19 11:49:15.000000,user13,SAP,download,2621,214.36,27937762-03ed-4997-b307-c7adf6de7005,
2973a137-e16b-4b51-9a48-a8cb2f5e11e4,2025-10-19 12:24:40.000000,user24,GitHub,download,1586,306.69,e658efad-94d2-4538-aa74-06f640013efb,05ab8665-9ba5-4f59-a3a0-ad56b715d38f
28fd2f99-7bd8-4397-8188-cfc00777dc50,2025-10-19 12:30:09.000000,user28,Workday,modify,1580,409.55,3d6314e7-e542-465b-b424-0a89140a3189,0e45d4cf-4dba-40b9-b289-a70419d79683
56aa7d23-8b87-46ef-9b18-aa14216d2275,2025-10-19 13:40:37.000000,user11,GitHub,view,787,76.46,f96470ca-ea1b-409c-8f1c-4ffdeb09d364,
9cbe979f-9a7e-47e0-9a4b-06d91ddc6417,2025-10-19 13:47:50.000000,user28,Workday,modify,2513,156.47,3d6314e7-e542-465b-b424-0a89140a3189,53c810ba-f7d2-45b4-9eb3-14ee943ece9e
ccee985e-b66f-4a89-a2a5-2aed9e8c37bf,2025-10-19 13:58:08.000000,user28,SAP,upload,1726,111.11,3d6314e7-e542-465b-b424-0a89140a3189,
1526e156-2145-4971-bde6-9c20e897b460,2025-10-19 14:00:48.000000,user41,Databricks,modify,369,481.22,0f424e04-e183-4f92-ae5a-a5eff8888095,
ed13dedc-5e1c-41ab-8eda-058a2115a943,2025-10-19 14:05:14.000000,user41,Databricks,view,1200,397.17,0f424e04-e183-4f92-ae5a-a5eff8888095,
1289ff27-29ae-49cf-af21-d4a466c8908d,2025-10-19 14:19:25.000000,user41,Workday,view,2548,148.56,0f424e04-e183-4f92-ae5a-a5eff8888095,5b6055d0-54cf-4639-968f-2f01b7c56d3a
a42d7d92-f629-4101-abe1-df60a5397d98,2025-10-19 14:27:04.000000,user28,Salesforce,modify,1026,351.82,3d6314e7-e542-465b-b424-0a89140a3189,
bba84848-a48f-418f-8002-3599c6317a92,2025-10-19 15:29:31.000000,user47,Salesforce,upload,453,245.95,9802b5a9-1ed4-4613-9137-a4ac10151417,
1bf8ad51-e150-475d-9510-3eca65de58a8,2025-10-19 15:44:31.000000,user44,Databricks,view,416,50.08,f74dd353-944a-40be-b2e7-9e38cadc02c6,
da322d30-9bbc-43c4-8b61-a8967ee89492,2025-10-19 16:10:29.000000,user47,Jira,upload,2365,36.72,9802b5a9-1ed4-4613-9137-a4ac10151417,d6de783a-8c3d-4581-a0e1-683af840b183
21d94306-82ee-466d-a0d2-5d07b6bbb6ea,2025-10-19 16:19:44.000000,user44,Workday,download,3322,177.2,f74dd353-944a-40be-b2e7-9e38cadc02c6,ae991d53-f99a-4e5f-a629-8387fc24799e
c03a80b0-1687-45b4-a426-38c61a16b1d7,2025-10-19 16:48:59.000000,user31,Databricks,modify,2032,475.14,6d9c271c-3ca8-4bf8-8a0f-703f5329cb4f,980e07e4-d144-4108-ba59-fa5c2a10374a
a2f1e7cc-411c-465b-99c9-84f7b441fca4,2025-10-19 18:36:20.000000,user13,Jira,modify,2354,209.98,4ecba91b-2ab0-43ff-a59a-6e7c9e96f41a,
5e672517-e85a-4df0-9c70-5fddee2fa8e3,2025-10-19 19:03:11.000000,user1,Databricks,modify,1171,407.26,47c880be-b5d8-4246-8c2f-081b185e3e1f,5ec3fbb0-8551-48bd-bbae-aa6d14c5f1ff
46c2ec9c-97df-443c-b77f-d383708d50a0,2025-10-19 19:13:34.000000,user13,GitHub,view,615,409.39,4ecba91b-2ab0-43ff-a59a-6e7c9e96f41a,
326362b0-6219-4462-8e90-63787c60add7,2025-10-19 20:12:08.000000,user44,Databricks,download,1853,433.03,f74dd353-944a-40be-b2e7-9e38cadc02c6,813dc41d-86e7-4d70-9829-f1465deb894c
dd1c9c2f-245d-48ac-8366-a47d2ccdf9e8,2025-10-19 20:17:42.000000,user1,Workday,view,118,154.11,47c880be-b5d8-4246-8c2f-081b185e3e1f,5ec3fbb0-8551-48bd-bbae-aa6d14c5f1ff
b67afc85-2f6f-4c49-970d-ab24f040a1cb,2025-10-19 20:28:15.000000,user8,SAP,view,2544,220.98,153aac6f-b4df-45bf-acd8-c4d18d0fd802,
70d38fc2-8e28-405d-8c10-35a5cbfbdbe2,2025-10-19 20:42:26.000000,user8,Workday,modify,328,66.36,153aac6f-b4df-45bf-acd8-c4d18d0fd802,c6d66ac6-92de-4c90-8ec3-ed962205cfb2
51fe9279-005f-4a7a-8042-8503e473e995,2025-10-19 21:09:32.000000,user1,Salesforce,download,1712,130.83,47c880be-b5d8-4246-8c2f-081b185e3e1f,5ec3fbb0-8551-48bd-bbae-aa6d14c5f1ff
5071541b-3975-4bce-852a-b4e32143776b,2025-10-19 22:12:13.000000,user31,Snowflake,modify,2028,92.36,6d9c271c-3ca8-4bf8-8a0f-703f5329cb4f,
49afd7c2-5078-40b5-9543-17cf8b627698,2025-10-19 23:18:15.000000,user35,Snowflake,modify,633,393.92,02fedd87-ee1a-4c5e-920e-1b1031f8a0bf,d320074d-1f8d-4a8d-9be0-5d38efb2846e
7b67a81f-0ef1-4d12-b094-db87350d4787,2025-10-20 00:23:45.000000,user6,Workday,download,1741,355.77,e402842d-3361-47a9-a94d-a1683cd39f46,29e73c4d-2921-4a3e-b7a3-b8ab3b14a5a0
2b6b8f4b-0d07-4dc6-9ec0-3e0bab340ae5,2025-10-20 01:20:20.000000,user14,Jira,modify,1560,58.99,9fba2561-db02-45b8-a008-fa486806ab58,
f2110a70-52c6-4123-8265-07afdfcdda17,2025-10-20 01:20:42.000000,user14,Workday,view,1205,455.44,9fba2561-db02-45b8-a008-fa486806ab58,
cc04f4f2-5cce-4ea2-ae54-fe00ac1f1852,2025-10-20 01:35:05.000000,user14,SAP,view,1909,13.09,9fba2561-db02-45b8-a008-fa486806ab58,
0aa35c74-6d36-4ea6-9479-b22c3bf82717,2025-10-20 02:44:14.000000,user35,Workday,modify,140,411.03,e16d8a49-684b-48e9-a2f8-9ddebc26bbf2,
e1b5247b-9c11-4da4-be37-b6639d5ad69e,2025-10-20 03:57:51.000000,user38,SAP,download,123,473.55,a22eb01c-c284-4ae5-ba1d-b3efdc590771,512bf92f-6267-44c7-a87d-c925b6a92065
6c4b97b0-da14-425a-a9c2-4f76dc992b95,2025-10-20 04:38:03.000000,user24,Snowflake,upload,1884,278.19,ae10cd41-0d44-4548-946f-b73db2254825,765a447d-23f3-420f-8ccc-869682af644d
67581529-523e-42a0-894c-2fc3a9d63d0c,2025-10-20 05:37:13.000000,user9,Snowflake,download,837,204.09,7f66ed19-4f3d-4268-a0c9-8d1c1a53fdca,285b9f7c-851c-43d9-98c4-a29939c3551a
7a9d79b4-2343-4bc4-8efa-6c17a1a00cc4,2025-10-20 06:22:26.000000,user24,Databricks,modify,820,222.91,ae10cd41-0d44-4548-946f-b73db2254825,
c6fd7dd7-1698-48bf-9fe3-503b25a73944,2025-10-20 06:40:03.000000,user38,Salesforce,download,2072,362.17,a22eb01c-c284-4ae5-ba1d-b3efdc590771,3ce61ba1-75b8-4ebb-96dd-e20da65442bf
66ba13c8-0606-41e3-a8fc-a73837bf3a3f,2025-10-20 06:55:39.000000,user30,Salesforce,view,917,475.88,7ff1fd62-f83e-47de-b763-783d98d06825,8d6d0b8b-cb73-4338-987c-ae2958e30fdd
65694613-dbea-4313-91c0-072b76fea55f,2025-10-20 07:15:14.000000,user30,Workday,view,2339,465.33,7ff1fd62-f83e-47de-b763-783d98d06825,884da6ac-68da-4189-b5d3-b16429db4d3b
a9e7c038-a6fb-430a-bd0e-b92eb13fc68c,2025-10-20 07:29:16.000000,user9,GitHub,view,2969,461.34,7f66ed19-4f3d-4268-a0c9-8d1c1a53fdca,285b9f7c-851c-43d9-98c4-a29939c3551a
91ac5e46-e5bf-42bb-a38d-cd836196dfe7,2025-10-20 07:35:06.000000,user35,Databricks,view,492,34.61,e16d8a49-684b-48e9-a2f8-9ddebc26bbf2,d320074d-1f8d-4a8d-9be0-5d38efb2846e
a35bf826-b55f-4113-8b49-0a11deb1569f,2025-10-20 07:39:01.000000,user7,Snowflake,upload,1021,32.87,409d0775-0280-4999-8a23-abb4548ccea3,
00790f24-ac23-40a5-8c18-343e92ec5d1f,2025-10-20 07:44:48.000000,user38,Snowflake,download,2144,465.77,6c475eeb-563d-4cdc-b897-3d31cc654c98,b9bfb837-92c4-48d5-8711-ee04b399e0f8
18ec2357-eb13-4257-bfa7-f37f6eee4ce0,2025-10-20 08:03:06.000000,user41,Salesforce,upload,548,194.46,cd856358-a88d-4f37-97ba-642c01c1a2cd,db54061e-7e8b-4fda-961a-ac932084ff43
d6c48ab6-d407-4f88-9d98-92ae2cbae053,2025-10-20 08:31:56.000000,user30,Salesforce,modify,128,281.58,7ff1fd62-f83e-47de-b763-783d98d06825,
6d587e41-dd77-41d9-be50-de01d3cc183c,2025-10-20 09:00:27.000000,user7,Jira,upload,1472,253.34,409d0775-0280-4999-8a23-abb4548ccea3,
4225bfe6-4c86-4362-97f3-ca4af6caf1ae,2025-10-20 09:04:05.000000,user38,Salesforce,modify,868,496.43,a22eb01c-c284-4ae5-ba1d-b3efdc590771,
d99d78f0-de73-4e48-afc2-9c5717783c00,2025-10-20 09:18:03.000000,user30,GitHub,view,495,433.68,7ff1fd62-f83e-47de-b763-783d98d06825,
c151610c-7b39-46d9-94e5-c50732ecf90b,2025-10-20 09:20:05.000000,user30,Snowflake,view,1389,146.59,7ff1fd62-f83e-47de-b763-783d98d06825,8d6d0b8b-cb73-4338-987c-ae2958e30fdd
1a483beb-80e9-49ff-974a-bfb425846559,2025-10-20 10:24:59.000000,user10,Workday,upload,2651,338.91,93e2d174-4f93-40f8-8771-20de005e3396,1c51181e-a3fa-45cb-bad5-7de71970c000
65074562-9e3e-414a-a39c-14035e3a19bf,2025-10-20 10:43:21.000000,user7,Salesforce,upload,340,343.86,409d0775-0280-4999-8a23-abb4548ccea3,
57fa35cc-7806-4ae7-a67f-4946c801efd4,2025-10-20 10:50:08.000000,user38,Jira,download,2278,131.87,6c475eeb-563d-4cdc-b897-3d31cc654c98,b9bfb837-92c4-48d5-8711-ee04b399e0f8
98757c3f-767f-4a98-8b3b-c2073def0f16,2025-10-20 10:58:45.000000,user17,Workday,modify,56,76.66,a1b4fa78-8ebc-443c-bf20-dc64a79093cc,
eb180f09-fb51-477c-b224-36d2352af69c,2025-10-20 11:15:40.000000,user29,GitHub,view,302,340.98,9b170223-19c3-44ab-a3e6-febc1a3d9f3b,abf2f8a5-ad48-48c7-84c1-ca097da1e4c4
78427b61-d256-4861-b765-de83c4204b8d,2025-10-20 12:16:58.000000,user7,SAP,view,1200,128.39,409d0775-0280-4999-8a23-abb4548ccea3,
268b8269-0f81-4bf5-845f-b794159d6ef0,2025-10-20 12:20:18.000000,user7,GitHub,download,1767,490.5,b23afa09-18d2-4d0a-b3fc-a2ffc4614e2f,
946364ca-4004-4308-9557-4e2e3c8d83f9,2025-10-20 12:29:48.000000,user6,SAP,upload,606,97.54,c688a148-e443-4663-8d16-9e5745f4d0b0,
ca204272-28f6-4966-bdde-76a7147be76f,2025-10-20 12:50:46.000000,user40,Databricks,modify,3405,419.97,80fbaa5e-0f14-49c0-9bb7-665e6e33e60a,6d69470a-ac7a-452b-9bda-077b61264b5e
76da4038-0f30-438c-bb63-ced5359585df,2025-10-20 12:57:32.000000,user26,Workday,view,1688,448.83,ab1e1919-936a-47c2-991a-a5df569a0d4a,c15b5a48-2ac7-4cda-a096-0f3b7cbab210
d1bd7839-7ead-49f8-9a21-04e3c7e407d7,2025-10-20 13:04:46.000000,user7,Snowflake,view,2359,286.07,b23afa09-18d2-4d0a-b3fc-a2ffc4614e2f,
ffdff11f-dc7e-4095-8a1e-a14a1c6826e0,2025-10-20 13:06:56.000000,user7,Databricks,modify,1725,33.77,b23afa09-18d2-4d0a-b3fc-a2ffc4614e2f,
fcdc0635-61ef-43d0-a9f3-5479791030f4,2025-10-20 14:07:57.000000,user40,Salesforce,modify,2771,131.57,0e616c02-a42d-4dd9-9480-21b2010bcaac,6d69470a-ac7a-452b-9bda-077b61264b5e
b6dc73fa-ffe7-4759-a46d-a0cd3ae62f63,2025-10-20 14:25:15.000000,user15,SAP,view,704,160.65,8581f133-1dd0-425f-80f5-d8a5ed960400,
93ae8ea1-40d7-4a78-9af6-08a68ed637c9,2025-10-20 14:37:05.000000,user7,Salesforce,view,1154,258.01,409d0775-0280-4999-8a23-abb4548ccea3,
b2e644fc-7df4-4986-9d37-daa2f4d081c8,2025-10-20 14:41:12.000000,user7,SAP,modify,2011,351.16,b23afa09-18d2-4d0a-b3fc-a2ffc4614e2f,
e383f4b8-6238-4d9f-8def-dd6eca4a07ec,2025-10-20 14:52:31.000000,user40,Snowflake,view,209,35.55,0e616c02-a42d-4dd9-9480-21b2010bcaac,6d69470a-ac7a-452b-9bda-077b61264b5e
9ac43c55-6108-42dd-abb8-09dd90da8404,2025-10-20 14:57:29.000000,user15,Databricks,upload,1327,35.75,8581f133-1dd0-425f-80f5-d8a5ed960400,8a2a3a6d-56fb-4952-a8a5-7a3c4b9bdc9d
9427744d-fbcc-4b07-acb0-d1e70ab5647a,2025-10-20 15:03:40.000000,user47,Databricks,modify,2399,328.41,a8c6f5f3-e73a-4124-b74a-4b80457057ab,d6de783a-8c3d-4581-a0e1-683af840b183
6a2deb1a-3a23-4cd3-91b6-ba493364d042,2025-10-20 15:18:47.000000,user29,Jira,download,2274,242.95,9b170223-19c3-44ab-a3e6-febc1a3d9f3b,
833b602d-f504-41c0-b901-11825f10e948,2025-10-20 15:36:31.000000,user6,Snowflake,download,369,74.07,c688a148-e443-4663-8d16-9e5745f4d0b0,29e73c4d-2921-4a3e-b7a3-b8ab3b14a5a0
5c036b76-c289-439c-8cf4-d0f22b1d0561,2025-10-20 15:37:54.000000,user17,Workday,download,762,240.02,a1b4fa78-8ebc-443c-bf20-dc64a79093cc,9812fce7-161c-40de-a265-28aedb30a13f
571e536f-7a72-4862-b5c0-7b2ccb8b92e4,2025-10-20 15:53:40.000000,user7,Jira,upload,2402,368.19,b23afa09-18d2-4d0a-b3fc-a2ffc4614e2f,
1e1717bc-b1df-4a2f-b585-25b898c0273e,2025-10-20 15:57:18.000000,user47,Jira,upload,1831,353.09,a8c6f5f3-e73a-4124-b74a-4b80457057ab,d6de783a-8c3d-4581-a0e1-683af840b183
b66c6290-8b4e-4fc6-be1d-f64187e76a50,2025-10-20 15:59:56.000000,user15,Snowflake,download,542,443.11,8581f133-1dd0-425f-80f5-d8a5ed960400,71ba483e-4317-420c-a13e-33f3a27365eb
2a0f48f4-1b76-40b0-8bc8-5d5f75fe00d6,2025-10-20 16:08:32.000000,user30,GitHub,modify,1565,95.61,100797e4-2051-41ed-816a-888a94deec89,8d6d0b8b-cb73-4338-987c-ae2958e30fdd
c465c112-bd86-4210-a648-140d7b8b800d,2025-10-20 16:12:32.000000,user6,Workday,view,525,439.53,c688a148-e443-4663-8d16-9e5745f4d0b0,
d1cf8df4-42e7-409a-9775-19ccbd0b34dc,2025-10-20 16:33:24.000000,user4,GitHub,download,3506,411.0,d6153903-f82b-4b0c-b964-ca377980636c,e9acb8dc-11af-4ad8-94dc-1b6fd2bb69fd
bb45dbd7-e63b-49ea-bf3d-167524d2f4de,2025-10-20 16:37:19.000000,user6,Databricks,download,2702,252.47,c688a148-e443-4663-8d16-9e5745f4d0b0,8920d329-190c-4281-8363-6c207e82825a
3e56db7d-f5bb-4cbc-8184-0205eae6f2d6,2025-10-20 16:57:23.000000,user24,Salesforce,modify,2011,396.89,b23fe87a-748d-44c8-bf47-f9197c73c423,765a447d-23f3-420f-8ccc-869682af644d
f0b784e8-27c5-4578-8f4e-44a9a5c914b4,2025-10-20 17:06:34.000000,user47,Databricks,upload,682,194.56,a8c6f5f3-e73a-4124-b74a-4b80457057ab,
e5f5050b-f3ad-49d3-b030-bf388046532e,2025-10-20 17:24:35.000000,user4,Jira,upload,2937,305.35,d6153903-f82b-4b0c-b964-ca377980636c,e9acb8dc-11af-4ad8-94dc-1b6fd2bb69fd
91ee5fbb-549e-4716-adfa-7f769dd76891,2025-10-20 17:40:12.000000,user40,GitHub,download,3260,320.63,0e616c02-a42d-4dd9-9480-21b2010bcaac,3fc68a79-0378-4a04-ad13-338646489999
23b8c1b0-cec2-41dd-8d94-52d07a074445,2025-10-20 18:00:44.000000,user20,GitHub,modify,3404,72.48,a6cfcc85-a3ca-4179-acfb-49c1a298781f,2d739fb0-5a1b-4bc7-ab27-6a1a2921319d
c8b23e7d-b58c-4d8f-ba73-7a88410057a1,2025-10-20 18:08:05.000000,user4,Snowflake,download,522,339.25,d6153903-f82b-4b0c-b964-ca377980636c,7f4bd8f8-adf3-4efa-97ff-77c5dbf502c8
7d074f97-16eb-4720-ae17-1e2ef769fe6a,2025-10-20 18:36:22.000000,user47,Workday,view,2852,440.41,1f697a51-136b-43cd-a111-e9a0d62b8aae,d6de783a-8c3d-4581-a0e1-683af840b183
3ce021fe-d96b-45bd-95e4-b1134db9cd05,2025-10-20 18:50:08.000000,user20,SAP,view,2671,348.34,a6cfcc85-a3ca-4179-acfb-49c1a298781f,e7cf9b59-1a95-4376-9ce7-59521cf3ad13
0fa05d8b-7a29-4b1d-867d-b0b6dc119b21,2025-10-20 19:00:24.000000,user15,Jira,view,1007,3.2,8581f133-1dd0-425f-80f5-d8a5ed960400,8a2a3a6d-56fb-4952-a8a5-7a3c4b9bdc9d
b7a280bc-08ed-4b5c-998f-b9238ac1f42c,2025-10-20 19:06:43.000000,user29,Databricks,download,2586,100.95,476701b5-6468-47a1-b86f-d6ffad2281c3,abf2f8a5-ad48-48c7-84c1-ca097da1e4c4
e10e2060-cc39-45c9-997f-4f2d3defe4d8,2025-10-20 19:16:19.000000,user40,Databricks,upload,3220,133.74,80fbaa5e-0f14-49c0-9bb7-665e6e33e60a,3fc68a79-0378-4a04-ad13-338646489999
e3c4ba7a-786b-4680-97ac-dea94b469895,2025-10-20 19:17:42.000000,user29,Salesforce,view,3143,129.93,476701b5-6468-47a1-b86f-d6ffad2281c3,abf2f8a5-ad48-48c7-84c1-ca097da1e4c4
9a9ba2c6-50fe-4341-89a9-b88f895145cd,2025-10-20 19:42:46.000000,user40,Jira,upload,196,304.02,80fbaa5e-0f14-49c0-9bb7-665e6e33e60a,6d69470a-ac7a-452b-9bda-077b61264b5e
515206c7-309f-48d5-9300-2be3420dbd04,2025-10-20 19:50:17.000000,user47,Salesforce,modify,2981,249.53,1f697a51-136b-43cd-a111-e9a0d62b8aae,
287b799a-2496-48d3-8aef-21a336db389f,2025-10-20 20:14:15.000000,user40,GitHub,upload,1988,336.21,0e616c02-a42d-4dd9-9480-21b2010bcaac,3fc68a79-0378-4a04-ad13-338646489999
806f7a30-f26e-40ae-82c5-4fe9935e2c06,2025-10-20 20:17:13.000000,user40,Databricks,download,66,16.33,0e616c02-a42d-4dd9-9480-21b2010bcaac,
a17c92a9-2de8-4535-8deb-7581aee7a45a,2025-10-20 20:20:56.000000,user25,Databricks,upload,1213,254.29,f63149b5-78be-4898-a7c3-c19a19e186af,c1433c5b-09f3-4c09-9e21-ed18bd950db6
31b30c71-7c2c-43af-a9ec-0ea909466b16,2025-10-20 20:28:31.000000,user27,Workday,modify,1592,299.54,896da967-7470-414f-81d8-d6bbb383ed81,1f68baa5-53ee-4992-838e-2c30cac2725a
41eaa828-84bc-4023-9d1d-0a934ce79968,2025-10-20 20:29:12.000000,user2,GitHub,upload,294,168.22,30b56b66-7310-439d-8fd4-07929f9fadca,c7eb3396-3b92-48f5-a887-07c4ee0ae05f
fb58988b-1516-4880-a4db-c7a2065c466e,2025-10-20 20:31:40.000000,user2,SAP,modify,2624,222.3,30b56b66-7310-439d-8fd4-07929f9fadca,
63690ba3-c2a1-49a6-9984-7540a6d40ef1,2025-10-20 20:57:20.000000,user25,Workday,upload,1604,121.99,f63149b5-78be-4898-a7c3-c19a19e186af,c1433c5b-09f3-4c09-9e21-ed18bd950db6
ab24eb89-8cf5-46e0-aed1-37fb8cc73a2c,2025-10-20 21:06:57.000000,user2,Workday,upload,3526,412.15,30b56b66-7310-439d-8fd4-07929f9fadca,
c0499458-a0cc-451a-b547-d3f6e3e83089,2025-10-20 22:24:41.000000,user33,Databricks,view,3560,306.82,fcd2f92c-4527-4762-967d-578bb029ead6,20b72f3b-7c7b-47cf-a5ae-eddf4ac6d161
0dd5dab4-e59a-4a17-bb1d-217901839d5a,2025-10-20 22:40:31.000000,user16,Salesforce,upload,601,48.24,89b33bcb-2454-47b6-968f-da5c58e45af2,394e941a-eb5b-47f1-9000-384f5851e633
dd5213b5-4a29-4f15-8ac5-106759f7a22a,2025-10-20 23:20:07.000000,user49,Databricks,modify,1301,197.03,2c2afc77-0eb0-46e9-8cb9-5a1e532265ad,69643a0d-af4f-44ea-9a28-a7ed58e098de
5e20c7b1-6f0f-4a81-8054-93f4daa33bae,2025-10-20 23:21:12.000000,user13,Jira,download,1848,257.85,02fa098c-d2f8-4356-a845-a7b3ff6926fd,
646bb490-70b7-44ec-8cb9-b7b37714feb2,2025-10-20 23:22:49.000000,user34,Jira,download,380,474.85,aeab5bdc-fdf2-460b-a084-aa2c09d793d1,e4c02114-af61-4266-aea9-b42b2a9fc72c
55dd3df2-03f8-4d03-8aab-2185232dee63,2025-10-20 23:34:59.000000,user47,Salesforce,download,2750,25.77,1f697a51-136b-43cd-a111-e9a0d62b8aae,d6de783a-8c3d-4581-a0e1-683af840b183
142fa0fb-5912-4e80-8589-7ec064c0e3c7,2025-10-20 23:45:32.000000,user25,SAP,download,3524,142.53,f63149b5-78be-4898-a7c3-c19a19e186af,f1ec4e04-5372-4d8a-ad2e-3e8e813410ca
79f6bb88-b9c4-4815-95be-76acfc0c0c44,2025-10-20 23:47:05.000000,user25,Snowflake,modify,471,142.56,f63149b5-78be-4898-a7c3-c19a19e186af,f1ec4e04-5372-4d8a-ad2e-3e8e813410ca
be262851-18a3-4fe5-a9fb-c6a6f643b73d,2025-10-20 23:51:36.000000,user20,Workday,view,1339,43.92,a6cfcc85-a3ca-4179-acfb-49c1a298781f,
9cc17423-f234-4d2a-b786-5cf2112702db,2025-10-20 23:56:39.000000,user2,Jira,modify,2216,458.18,30b56b66-7310-439d-8fd4-07929f9fadca,c7eb3396-3b92-48f5-a887-07c4ee0ae05f
c55efb44-2185-4cb7-a984-6173a96a6c99,2025-10-21 00:44:43.000000,user49,Snowflake,download,2867,70.22,2c2afc77-0eb0-46e9-8cb9-5a1e532265ad,4cee5891-d2d2-40af-b68d-88326854505d
7567658d-f0bd-45ff-acb3-d49c7e4f9f2c,2025-10-21 00:55:40.000000,user34,Snowflake,modify,591,337.52,01a0196e-83a5-491d-9375-c2d29e19f73f,
6f0acfba-0e01-4c86-b28f-0c9eb1a8b484,2025-10-21 01:12:48.000000,user33,GitHub,download,2886,490.71,fcd2f92c-4527-4762-967d-578bb029ead6,20b72f3b-7c7b-47cf-a5ae-eddf4ac6d161
fefd0a89-0a0d-4c95-8d59-747f93ae2365,2025-10-21 01:16:57.000000,user27,Databricks,view,396,453.63,896da967-7470-414f-81d8-d6bbb383ed81,
a1658075-ce45-4c28-9e24-b8971546ff6f,2025-10-21 01:32:28.000000,user2,Salesforce,view,2576,370.06,30b56b66-7310-439d-8fd4-07929f9fadca,
0ddabb7e-bfcf-4408-9b91-6864d5c529e7,2025-10-21 01:40:06.000000,user2,Salesforce,modify,300,276.97,87be4163-4cfd-4029-bb86-b88c39ab2023,c7eb3396-3b92-48f5-a887-07c4ee0ae05f
b5b50e64-4d16-4d3c-a1c3-03bd6199cc7e,2025-10-21 01:42:32.000000,user3,SAP,upload,541,386.83,dbff7bfa-84f7-4b13-8910-fe95ae68d860,3d19837a-c819-4fc5-aeed-111e85b2177b
f9f2c2f3-111d-4923-b417-c0d86991bca0,2025-10-21 01:57:12.000000,user36,Workday,modify,2445,98.89,2c690d3d-f149-46a8-972f-93c33102979b,80af903e-90ac-4904-bfab-6d1fe8545a24
b6276a54-e2ca-4869-87a4-ac0b5763960f,2025-10-21 02:08:59.000000,user16,SAP,upload,603,333.97,89b33bcb-2454-47b6-968f-da5c58e45af2,
0e64cfff-e436-4005-916f-7df703c4e821,2025-10-21 02:12:55.000000,user3,Salesforce,download,191,28.99,dbff7bfa-84f7-4b13-8910-fe95ae68d860,3d19837a-c819-4fc5-aeed-111e85b2177b
84a670d0-815c-4603-aaf1-ab2f88ff4ac0,2025-10-21 02:20:56.000000,user16,SAP,upload,2682,15.36,89b33bcb-2454-47b6-968f-da5c58e45af2,be8f51ce-eb26-4959-972d-00979150cf6c
ec260e1a-4f8a-42ad-9272-e51af3bdd2ee,2025-10-21 02:24:53.000000,user13,Workday,modify,2725,265.85,02fa098c-d2f8-4356-a845-a7b3ff6926fd,
103408bc-c241-4c6c-aa35-3ec499cad1f1,2025-10-21 02:28:48.000000,user3,Workday,download,1380,241.94,dbff7bfa-84f7-4b13-8910-fe95ae68d860,
5289e6c5-d056-4eae-bd5e-3b905f3d7721,2025-10-21 03:08:50.000000,user36,Salesforce,download,1461,320.09,2c690d3d-f149-46a8-972f-93c33102979b,b09652bf-7cae-4394-8179-65991dabd0a4
bdc35e41-33a4-49d7-95b6-ac3504644436,2025-10-21 03:10:57.000000,user29,Databricks,upload,2625,7.58,57f02752-7188-436d-bd75-6ac1fea75e35,
71dde249-732f-469c-91cf-7b2aaf333091,2025-10-21 03:27:36.000000,user16,Jira,download,2856,433.52,89b33bcb-2454-47b6-968f-da5c58e45af2,be8f51ce-eb26-4959-972d-00979150cf6c
866e4af7-3c28-4340-96a4-a712335daa95,2025-10-21 03:28:53.000000,user33,Workday,upload,2970,110.92,fcd2f92c-4527-4762-967d-578bb029ead6,cacd43fd-a4c2-4c17-b6da-5a761100dd79
091a7657-30a3-4ad1-b163-478bfe0a75c4,2025-10-21 03:57:29.000000,user13,Snowflake,view,3014,327.72,02fa098c-d2f8-4356-a845-a7b3ff6926fd,
f74efad5-c9bd-4b1d-ad55-3e48414454a2,2025-10-21 04:01:10.000000,user33,Snowflake,view,1458,340.76,fcd2f92c-4527-4762-967d-578bb029ead6,
24dfd839-e025-45d4-90ba-17333fec6cbb,2025-10-21 04:34:14.000000,user45,Jira,modify,3392,60.41,fec66fc7-9882-41ed-8b6d-a66acb5f1136,ae4ce739-9812-4946-bf46-e05f0a5a95f5
0f27c020-f18b-4b6e-9dae-ede9f725f6be,2025-10-21 04:35:30.000000,user34,Salesforce,view,585,162.41,aeab5bdc-fdf2-460b-a084-aa2c09d793d1,d9d3c543-c613-4ed5-ae94-38df532eaf29
4d8e4ac1-fdef-4925-8fb1-2dabf9a6a3a3,2025-10-21 04:55:26.000000,user7,SAP,download,2278,487.62,1cfdfa4a-a73e-44d8-8711-c57425fc7e20,
70b9363e-5729-410d-8a31-696a399fc03a,2025-10-21 04:56:40.000000,user34,Databricks,download,1351,487.29,aeab5bdc-fdf2-460b-a084-aa2c09d793d1,d9d3c543-c613-4ed5-ae94-38df532eaf29
cd8afeb5-e657-4183-9af0-3d55b090e3a6,2025-10-21 04:58:10.000000,user13,Databricks,download,1674,86.78,02fa098c-d2f8-4356-a845-a7b3ff6926fd,
79a50d07-56ad-4928-8fc2-f6ed018fb6de,2025-10-21 05:17:03.000000,user13,Jira,modify,1801,272.83,02fa098c-d2f8-4356-a845-a7b3ff6926fd,
4960eacc-359b-4295-a3eb-f25f56047090,2025-10-21 06:20:19.000000,user47,Workday,upload,1279,196.12,3dffa1e3-6334-4657-8cec-fbb812e7c055,d6de783a-8c3d-4581-a0e1-683af840b183
eded09ad-0980-4153-8af0-33d17baad154,2025-10-21 06:21:42.000000,user13,Workday,download,1966,183.09,e78a43cb-9242-4085-b11e-7bd0211b6761,
e264aa7e-09f0-4c9c-8523-01b59aa487c5,2025-10-21 06:27:27.000000,user37,Jira,download,706,366.68,2afa1e0c-78f3-4802-a79b-af8303a21f9f,0a98e4d6-606a-49fb-9b7e-74dd21a77842
1512b25a-0165-4937-936a-f90138e03dc7,2025-10-21 06:39:16.000000,user7,Jira,download,3261,104.93,1cfdfa4a-a73e-44d8-8711-c57425fc7e20,
5a34bab9-7882-45a5-905e-7c51506f40ae,2025-10-21 06:39:30.000000,user45,Snowflake,download,1157,86.29,fec66fc7-9882-41ed-8b6d-a66acb5f1136,
dc882fa1-c71b-4002-aca9-987ff9531bba,2025-10-21 06:42:55.000000,user34,Salesforce,view,1929,146.43,aeab5bdc-fdf2-460b-a084-aa2c09d793d1,e4c02114-af61-4266-aea9-b42b2a9fc72c
236a2266-e6e9-4786-b2fd-5be6df1d75fe,2025-10-21 06:47:19.000000,user3,Workday,modify,2447,478.68,dbff7bfa-84f7-4b13-8910-fe95ae68d860,3d19837a-c819-4fc5-aeed-111e85b2177b
27c75e0e-c55f-4c15-9c7c-a5c4372d56cd,2025-10-21 06:53:15.000000,user34,Snowflake,modify,2311,185.31,aeab5bdc-fdf2-460b-a084-aa2c09d793d1,d9d3c543-c613-4ed5-ae94-38df532eaf29
80f6d91c-3982-4998-8035-6f11423fdbfe,2025-10-21 07:28:21.000000,user47,Workday,upload,131,348.95,3dffa1e3-6334-4657-8cec-fbb812e7c055,d6de783a-8c3d-4581-a0e1-683af840b183
e9f953e7-7e35-4d43-9675-57cf7074c2b2,2025-10-21 07:50:08.000000,user43,Jira,modify,3530,208.83,c75be9a2-7a1f-4d35-a650-41e361e56e5d,
2160e366-b235-4872-92c4-bbe830c06a78,2025-10-21 08:12:00.000000,user45,Snowflake,view,3234,476.16,fec66fc7-9882-41ed-8b6d-a66acb5f1136,ae4ce739-9812-4946-bf46-e05f0a5a95f5
272a3cf5-bc21-44ec-ab56-896d260b0cb3,2025-10-21 08:27:34.000000,user37,Salesforce,upload,3579,268.25,2afa1e0c-78f3-4802-a79b-af8303a21f9f,a417c8aa-10f4-4149-ac0d-5e38a83f0690
48cafb5a-8d60-4941-b7d7-55ffdcb641b9,2025-10-21 08:32:39.000000,user36,GitHub,upload,2464,352.3,2c690d3d-f149-46a8-972f-93c33102979b,80af903e-90ac-4904-bfab-6d1fe8545a24
26252320-2577-41df-b678-a22bd4dfe803,2025-10-21 08:54:40.000000,user45,Workday,upload,3247,87.21,fec66fc7-9882-41ed-8b6d-a66acb5f1136,ae4ce739-9812-4946-bf46-e05f0a5a95f5
52072f5b-9e17-456a-bf9c-86940765efbc,2025-10-21 08:55:43.000000,user17,Databricks,modify,2353,23.79,955fd717-8c84-4902-b97a-a5ae75dda3f9,7da284e1-50c0-4acb-a50e-f58b3cf62ddd
13e03229-43ab-4daf-91df-5ddc147a2474,2025-10-21 09:07:20.000000,user43,Jira,upload,2150,157.28,c75be9a2-7a1f-4d35-a650-41e361e56e5d,
926c5db4-82d4-4d2d-a267-1c3a1361e2e8,2025-10-21 09:13:58.000000,user43,GitHub,modify,2738,469.95,c75be9a2-7a1f-4d35-a650-41e361e56e5d,
b9f00167-e823-47b2-b35b-8f6d795c4e27,2025-10-21 09:17:34.000000,user47,Databricks,upload,2904,402.66,3dffa1e3-6334-4657-8cec-fbb812e7c055,
39d494b7-e498-435c-bba3-d42222afaf40,2025-10-21 09:20:22.000000,user3,GitHub,view,2218,266.91,dbff7bfa-84f7-4b13-8910-fe95ae68d860,3d19837a-c819-4fc5-aeed-111e85b2177b
bcb60fc1-681e-4eae-bb65-124bdc4f06c7,2025-10-21 09:24:12.000000,user47,GitHub,download,2808,388.71,3dffa1e3-6334-4657-8cec-fbb812e7c055,
2593f268-2c18-470a-8da4-849f2e1c4c6e,2025-10-21 09:24:29.000000,user37,GitHub,view,1509,497.27,2afa1e0c-78f3-4802-a79b-af8303a21f9f,0a98e4d6-606a-49fb-9b7e-74dd21a77842
2610e37f-2b01-4976-a7f2-fa59f84e44fa,2025-10-21 09:57:38.000000,user45,Jira,upload,641,497.74,fec66fc7-9882-41ed-8b6d-a66acb5f1136,
2b5da8cc-62b6-4de2-9b92-1194a6f75f90,2025-10-21 10:04:50.000000,user19,Salesforce,upload,3191,342.21,3e249a6d-05bb-4d5c-8574-aa3fcc9483e8,c4c20f60-5934-42d2-b3a6-68be730a140e
9a90b5f4-19d2-4651-9516-8e43c0a2a0cf,2025-10-21 10:12:23.000000,user7,GitHub,modify,1071,165.82,1cfdfa4a-a73e-44d8-8711-c57425fc7e20,
211bc617-411c-4d19-8259-863ad9621dc4,2025-10-21 10:21:31.000000,user7,GitHub,modify,2758,374.02,1cfdfa4a-a73e-44d8-8711-c57425fc7e20,
10c13349-bfdf-4938-87b6-e1ce3e9d51a1,2025-10-21 10:22:55.000000,user13,Salesforce,upload,1028,80.37,e78a43cb-9242-4085-b11e-7bd0211b6761,
443cfb6d-9fa5-494d-b862-27bb940f5487,2025-10-21 12:32:38.000000,user41,Salesforce,view,1306,105.65,78fae827-02cd-476c-8136-b86fc83dc82d,55307558-5c1b-4689-bee1-b2b3089a369d
1de9c698-c64e-4004-bd9e-4816b0a3d5fd,2025-10-21 12:36:49.000000,user41,SAP,modify,2852,348.9,78fae827-02cd-476c-8136-b86fc83dc82d,5b6055d0-54cf-4639-968f-2f01b7c56d3a
4db1f873-a83a-4f2d-8029-a7646170744a,2025-10-21 12:51:08.000000,user16,Snowflake,view,2424,116.84,b3e3c2bd-fd8f-417f-aba5-b20d058616b5,be8f51ce-eb26-4959-972d-00979150cf6c
55f125a9-d907-4d40-80da-ffd7819b01bc,2025-10-21 13:02:42.000000,user31,Snowflake,modify,1008,328.75,7dc93b6b-70d5-4bde-acf4-c72cd8b3b53b,4c01fc74-1a84-43b1-acb2-dd228eae6280
34cdc5e9-f3e2-4a81-97fc-386a1ea9b06a,2025-10-21 13:07:56.000000,user16,GitHub,download,945,264.74,b3e3c2bd-fd8f-417f-aba5-b20d058616b5,394e941a-eb5b-47f1-9000-384f5851e633
693546de-1c13-46f3-bb5f-37d08db3b125,2025-10-21 13:11:21.000000,user37,Salesforce,modify,2720,414.73,2afa1e0c-78f3-4802-a79b-af8303a21f9f,
b5e63d51-4db6-43ac-9956-2818a8f08ffc,2025-10-21 15:23:51.000000,user24,GitHub,upload,1310,378.14,c10952a2-7099-4943-9cfb-49258c88646d,05ab8665-9ba5-4f59-a3a0-ad56b715d38f
82bcf39f-3ff0-4bc5-ae1d-fd93b045adc3,2025-10-21 15:29:17.000000,user41,Databricks,view,289,211.43,78fae827-02cd-476c-8136-b86fc83dc82d,5b6055d0-54cf-4639-968f-2f01b7c56d3a
883c074c-b8b0-4a56-a988-c8fd0fa247d8,2025-10-21 15:36:40.000000,user19,Workday,download,2571,429.38,3e249a6d-05bb-4d5c-8574-aa3fcc9483e8,d379d841-2571-4487-84cb-60cf215d14df
5d7d7320-1011-419b-b8a3-9777df31a4d5,2025-10-21 16:08:15.000000,user41,Workday,upload,1134,317.83,78fae827-02cd-476c-8136-b86fc83dc82d,55307558-5c1b-4689-bee1-b2b3089a369d
ed75bb47-27a9-4e6b-9198-625ef18720c4,2025-10-21 16:26:00.000000,user31,Snowflake,upload,2183,60.15,acca7551-e03d-42cc-a8ed-7bffe3e82eb5,f08634f1-d84e-4db9-85f2-283d0c58861f
942f2f9e-65a1-4485-9735-6c8919426e77,2025-10-21 16:34:36.000000,user31,Jira,upload,786,442.57,7dc93b6b-70d5-4bde-acf4-c72cd8b3b53b,54051b9c-148f-4394-9326-d32b45df1e5c
dc0c338a-2d8d-4150-92cc-b4944b56d150,2025-10-21 17:09:52.000000,user16,GitHub,upload,1228,171.77,b3e3c2bd-fd8f-417f-aba5-b20d058616b5,
456a676e-716c-46cb-ad9a-ac44ea730c90,2025-10-21 17:11:03.000000,user8,Snowflake,modify,1542,304.3,f5412f81-f6a7-4db6-bade-e45611ff2ed5,7f87cd67-a4cc-4db4-b723-7735af8ec4b1
e0d91d6a-a145-4a85-80cb-0bc70f9f0b50,2025-10-21 18:46:09.000000,user47,GitHub,upload,1838,189.92,6e3082dd-5963-4185-9486-13a6b52ca4ac,d6de783a-8c3d-4581-a0e1-683af840b183
56a22406-7b49-4e50-8db1-1001e7f1e04c,2025-10-21 18:46:14.000000,user31,Jira,download,780,403.26,7dc93b6b-70d5-4bde-acf4-c72cd8b3b53b,9d319081-fa17-4ebb-9222-6579bbccd83e
4060842a-1775-4ad1-a32d-9fee63a8d89d,2025-10-21 19:00:58.000000,user31,Workday,view,2765,159.41,acca7551-e03d-42cc-a8ed-7bffe3e82eb5,54051b9c-148f-4394-9326-d32b45df1e5c
e1ab82d4-e4c6-4730-8c48-aa1ef993a3fd,2025-10-21 19:04:17.000000,user8,Salesforce,modify,3247,361.45,f5412f81-f6a7-4db6-bade-e45611ff2ed5,7f87cd67-a4cc-4db4-b723-7735af8ec4b1
d8dbfcdb-8714-4bae-8cf2-473ce62356dd,2025-10-21 19:05:56.000000,user36,Jira,modify,373,302.15,b6075578-d65c-4414-aadd-13bee334e6de,80af903e-90ac-4904-bfab-6d1fe8545a24
63f78d56-d855-49a1-b045-2fc950ae332d,2025-10-21 19:27:21.000000,user36,Salesforce,upload,332,218.48,b6075578-d65c-4414-aadd-13bee334e6de,80af903e-90ac-4904-bfab-6d1fe8545a24
7a24ac84-871d-4e0a-8c39-ae0e8e631fab,2025-10-21 19:47:01.000000,user25,SAP,modify,2751,490.68,44a5fd8d-fb02-4492-a0f0-4216bdfc98ee,
59916655-95ac-4411-92ee-0411ee57501e,2025-10-21 19:50:19.000000,user31,SAP,modify,3147,213.28,acca7551-e03d-42cc-a8ed-7bffe3e82eb5,f08634f1-d84e-4db9-85f2-283d0c58861f
49e46a2e-ed83-4f40-a8b2-21002ec57218,2025-10-21 20:01:32.000000,user36,GitHub,upload,163,356.43,b6075578-d65c-4414-aadd-13bee334e6de,
3132c146-cddc-4bbb-bd1e-4a5fb8bd1bb7,2025-10-21 20:09:06.000000,user23,Jira,download,848,124.48,3f6bc8fc-82e6-4ca4-9a56-8b0b0a9b5058,
342f9e2e-8456-4b35-a66b-63cbefd07246,2025-10-21 20:22:20.000000,user13,Snowflake,download,2507,64.13,b92a0d01-f157-4c9d-b154-b77cc8728f7d,
3202516a-0c83-4df0-a240-5adeae36d413,2025-10-21 20:30:20.000000,user13,Workday,download,608,342.97,b92a0d01-f157-4c9d-b154-b77cc8728f7d,
c93b8c67-23cc-43e7-ac42-a6e06e187262,2025-10-21 21:11:40.000000,user8,Salesforce,view,1293,251.54,f5412f81-f6a7-4db6-bade-e45611ff2ed5,
2ed4c6ca-462c-4c78-b7b0-c3cacd6f497a,2025-10-21 21:28:12.000000,user23,Snowflake,download,585,237.48,3f6bc8fc-82e6-4ca4-9a56-8b0b0a9b5058,
5cc39205-ed44-47dc-bb40-badd67b5e45d,2025-10-21 22:05:32.000000,user36,Workday,modify,2803,352.25,b6075578-d65c-4414-aadd-13bee334e6de,80af903e-90ac-4904-bfab-6d1fe8545a24
d04ddf28-0e46-4c6c-be24-9eb55b295d4d,2025-10-21 22:21:58.000000,user21,Jira,view,3252,161.81,d876ad33-a189-41d9-9c5e-8c65b23c9d2c,2264efba-5781-4db7-a183-b63bad14b142
18a2fb83-4462-471a-a154-8c16de3f908b,2025-10-21 22:25:16.000000,user44,SAP,upload,1229,295.64,2e107bb9-1a35-4104-930b-2aa485987b57,ae991d53-f99a-4e5f-a629-8387fc24799e
fc4ba7f4-9e57-4386-aac8-460157fa6cd9,2025-10-21 22:31:14.000000,user8,Databricks,modify,1178,391.04,f5412f81-f6a7-4db6-bade-e45611ff2ed5,
6b2850ee-30e4-4c7d-a3fb-5ba4c2e2be00,2025-10-21 23:00:51.000000,user26,Snowflake,view,3343,494.11,0c5bbc70-2b0c-49f0-be2a-41923073d038,5e2b1b47-b4ed-47fe-b1c2-f3ebbbd02a02
17085be0-952c-49e1-8810-980ba0b510be,2025-10-21 23:26:09.000000,user13,SAP,view,1343,8.88,b92a0d01-f157-4c9d-b154-b77cc8728f7d,
22fcfd67-3de4-406a-aec2-73bdf3a3fb61,2025-10-21 23:27:26.000000,user21,Workday,download,496,386.67,d876ad33-a189-41d9-9c5e-8c65b23c9d2c,977d04d1-e85b-4b15-b742-03fad1963760
7b99bb94-d63d-42af-b28e-9441f63acfb5,2025-10-21 23:42:53.000000,user44,Databricks,view,2165,425.57,2e107bb9-1a35-4104-930b-2aa485987b57,813dc41d-86e7-4d70-9829-f1465deb894c
df36f426-0ef8-41e7-8a53-e072377d26a8,2025-10-21 23:44:47.000000,user26,Jira,view,1840,322.09,0c5bbc70-2b0c-49f0-be2a-41923073d038,c15b5a48-2ac7-4cda-a096-0f3b7cbab210
d5c376ab-aceb-4521-ae2e-82aa746338bd,2025-10-21 23:48:42.000000,user43,Jira,modify,2325,247.69,30a8642e-0f4f-4cba-b6bb-668f6e38e80a,
cd0fc553-0f3c-439c-954a-d57b312ec3ff,2025-10-21 23:56:57.000000,user50,SAP,upload,2643,173.76,e35eacd3-fd08-47d3-b5eb-888bbb3265b5,
10df4bce-c9a4-4430-a0cb-baf505776cbd,2025-10-22 00:04:03.000000,user50,Workday,view,1144,5.25,e35eacd3-fd08-47d3-b5eb-888bbb3265b5,
afd1480f-b859-4741-b6ab-948a85fd69e9,2025-10-22 00:08:27.000000,user50,GitHub,download,1883,380.85,e35eacd3-fd08-47d3-b5eb-888bbb3265b5,
e72d1c66-a222-4bd6-b241-e4fe31b8ed33,2025-10-22 00:54:08.000000,user25,Salesforce,upload,951,457.76,44a5fd8d-fb02-4492-a0f0-4216bdfc98ee,f1ec4e04-5372-4d8a-ad2e-3e8e813410ca
6878502f-5da1-4798-83e2-91dbee4f1d48,2025-10-22 01:39:07.000000,user26,SAP,view,1558,431.83,0c5bbc70-2b0c-49f0-be2a-41923073d038,
9392334b-bc0e-4aa6-860c-128612430123,2025-10-22 02:09:14.000000,user13,Workday,view,1881,107.6,b92a0d01-f157-4c9d-b154-b77cc8728f7d,
24de76e2-76b9-4cdf-a213-23d07e9b9851,2025-10-22 02:21:55.000000,user33,Jira,modify,3389,309.66,f2ebc261-e487-44f0-ac13-1c392dbed6dc,20b72f3b-7c7b-47cf-a5ae-eddf4ac6d161
9aeb153f-38e8-45ee-8f85-668d2aafde0a,2025-10-22 03:49:04.000000,user50,GitHub,view,2227,355.78,e35eacd3-fd08-47d3-b5eb-888bbb3265b5,
0478a1b7-c8d1-4ad1-ac64-4bef8b80fd33,2025-10-22 06:44:43.000000,user50,Databricks,upload,1701,342.74,e35eacd3-fd08-47d3-b5eb-888bbb3265b5,
1f4f9b07-7a4c-4b84-a97f-51ba535fe1e4,2025-10-22 07:01:36.000000,user10,Salesforce,view,212,38.68,2779b919-9b60-40a9-ae36-087584f0e182,
1a7d7ab8-d384-4a37-90b1-60b33d7a1c38,2025-10-22 07:03:30.000000,user10,SAP,modify,1858,87.09,2779b919-9b60-40a9-ae36-087584f0e182,
7ccfb12b-9130-4ead-853e-ec678941e01f,2025-10-22 07:12:58.000000,user45,Databricks,view,1082,349.68,7f7cfe0a-84d3-4a62-960f-9b0958909cd9,a137b113-2e9b-47f1-ae6a-972a79be58b8
15f8eb8a-c702-4369-ac46-aea578c54ed9,2025-10-22 07:50:07.000000,user3,Workday,download,2172,61.66,38f4687f-6a69-45a1-9cbe-b77948f4f1bf,3d19837a-c819-4fc5-aeed-111e85b2177b
dd41ac92-e706-4f92-8479-0975cd42732a,2025-10-22 08:35:04.000000,user41,Snowflake,modify,2223,329.11,837826f1-c82c-4f31-b08b-908ada63d35e,5b6055d0-54cf-4639-968f-2f01b7c56d3a
7d66e824-50a6-4454-9a98-4219475d7b86,2025-10-22 08:42:59.000000,user15,GitHub,upload,1518,210.74,6ce9d055-8d6f-4f85-ab2f-98804f3d9225,8a2a3a6d-56fb-4952-a8a5-7a3c4b9bdc9d
a74d5077-3d18-424e-9525-4ebd70674435,2025-10-22 08:49:09.000000,user45,Databricks,view,2686,469.27,7f7cfe0a-84d3-4a62-960f-9b0958909cd9,99096180-c22e-4bf3-a56d-86a1caa4be78
18f3609d-a09c-4fab-8781-80dd1014f3ab,2025-10-22 09:20:03.000000,user3,Databricks,view,3187,275.54,38f4687f-6a69-45a1-9cbe-b77948f4f1bf,
69fc5f4f-a5d3-41a7-b01a-afbc43482c93,2025-10-22 09:25:46.000000,user19,GitHub,download,3399,58.33,643d2519-4701-4534-b936-47f22755e08c,8bcf9ce9-4768-4c59-aa77-ee47f46f68d6
537db10b-0a2b-479c-9ff5-350eb0d3309d,2025-10-22 09:28:58.000000,user16,Snowflake,view,3329,229.08,d3e35ed1-157d-4849-941f-515e941877d7,394e941a-eb5b-47f1-9000-384f5851e633
ebb5e48c-0b4c-4ea0-9ea9-651b88ff4d06,2025-10-22 09:49:57.000000,user19,Snowflake,modify,1828,223.63,643d2519-4701-4534-b936-47f22755e08c,1a621056-d1e3-4527-8fb8-36383826e144
1454c5b7-f098-4a1b-9dae-2154b43aebbb,2025-10-22 09:56:58.000000,user42,Jira,modify,2054,212.71,95ab306d-9d13-4952-a628-b41494bce00e,4d30ffa7-3086-413f-ab81-ff4a34fafd3a
de443475-3d92-42dc-9f53-487146359d8f,2025-10-22 10:49:58.000000,user42,Databricks,upload,2762,191.01,95ab306d-9d13-4952-a628-b41494bce00e,
e6fb7029-74ed-4619-9cfc-7f436ee23cb9,2025-10-22 11:09:18.000000,user45,SAP,download,2488,7.3,7f7cfe0a-84d3-4a62-960f-9b0958909cd9,
2475ca08-a4c0-4897-953d-7d699f482f3b,2025-10-22 12:00:48.000000,user19,Jira,view,580,371.35,643d2519-4701-4534-b936-47f22755e08c,8bcf9ce9-4768-4c59-aa77-ee47f46f68d6
b084b7ce-69e0-46a4-b87c-4ae77961d5ec,2025-10-22 12:03:20.000000,user36,Databricks,view,718,298.59,028f5114-455d-4942-a0fe-5314d8b53b0b,
93e3885a-0696-4eb7-bddf-481c1ede41ff,2025-10-22 12:09:35.000000,user15,Snowflake,view,3229,292.49,6ce9d055-8d6f-4f85-ab2f-98804f3d9225,8a2a3a6d-56fb-4952-a8a5-7a3c4b9bdc9d
b7c30323-8836-4b4a-b288-1a1697a62b15,2025-10-22 12:11:30.000000,user21,Jira,view,1600,165.59,c7e40fa5-653a-44db-a817-71382714e78b,2264efba-5781-4db7-a183-b63bad14b142
46ef7d2d-cec9-43cd-abac-6200af4ce8c9,2025-10-22 12:11:50.000000,user21,Workday,download,2700,27.66,c7e40fa5-653a-44db-a817-71382714e78b,0e082e8b-b6fe-4b3e-beca-4feaeba7651d
81094592-4c53-4f9a-a410-85eac3f67156,2025-10-22 12:35:08.000000,user21,Salesforce,modify,113,44.67,c7e40fa5-653a-44db-a817-71382714e78b,2264efba-5781-4db7-a183-b63bad14b142
08aee247-66b9-41e9-9f94-b2604c9f0d32,2025-10-22 13:05:12.000000,user15,Workday,upload,456,90.97,6ce9d055-8d6f-4f85-ab2f-98804f3d9225,71ba483e-4317-420c-a13e-33f3a27365eb
0e6f592b-c89f-4092-8384-608e0de55d61,2025-10-22 13:11:17.000000,user21,GitHub,view,1574,371.67,c7e40fa5-653a-44db-a817-71382714e78b,2264efba-5781-4db7-a183-b63bad14b142
6d93023a-a12a-4866-9f4a-494fcbdbf4a1,2025-10-22 13:13:53.000000,user34,Snowflake,modify,1031,141.13,8ef1a392-db93-4e0e-b502-882da5a0c362,
8c11b4fb-9b8b-42aa-adde-101b86a7423e,2025-10-22 13:29:55.000000,user42,SAP,upload,3401,496.38,95ab306d-9d13-4952-a628-b41494bce00e,4d30ffa7-3086-413f-ab81-ff4a34fafd3a
7958a50e-41b6-4b4f-8b55-cdf19f6b5a0d,2025-10-22 13:36:52.000000,user45,GitHub,download,1784,241.59,7f7cfe0a-84d3-4a62-960f-9b0958909cd9,3db91b1b-ca3a-4f36-bc5b-39054c2e64e9
555106e6-2a75-41ba-8bbb-f521ef9b8d81,2025-10-22 13:45:57.000000,user16,Salesforce,view,1323,81.45,aa675071-5675-44a6-8bbf-68ef1589192f,be8f51ce-eb26-4959-972d-00979150cf6c
ecd7c367-809a-4bd5-9723-2f9afa13905e,2025-10-22 13:51:14.000000,user35,GitHub,view,3119,424.09,5e294f99-b513-49da-8b77-60941c02849f,d320074d-1f8d-4a8d-9be0-5d38efb2846e
d41a75ac-b3ab-460b-a1dc-64f8a551fe6e,2025-10-22 13:58:07.000000,user41,Salesforce,download,119,109.01,cf21689a-ddf2-41d0-a7dd-814f8231b476,dab95aa7-2bbf-4790-8689-a9a42b2dde74
4e371840-c6c2-428b-927f-53c1a3c30007,2025-10-22 14:13:09.000000,user16,Salesforce,upload,3440,288.7,aa675071-5675-44a6-8bbf-68ef1589192f,394e941a-eb5b-47f1-9000-384f5851e633
d304ef53-a2bc-4e73-8111-f30ebfa46da6,2025-10-22 14:13:50.000000,user35,Workday,download,3583,211.06,0e616e10-d4c8-40e1-b970-c24a0f52a620,d320074d-1f8d-4a8d-9be0-5d38efb2846e
c496e39e-cdf6-4c58-92c6-1a7b3de36ed7,2025-10-22 14:22:05.000000,user19,SAP,download,3102,71.54,643d2519-4701-4534-b936-47f22755e08c,
9d819d73-a962-4b54-820b-c04d4c40e66b,2025-10-22 14:31:47.000000,user36,Jira,modify,3080,433.5,028f5114-455d-4942-a0fe-5314d8b53b0b,
0a19e7ff-0f86-4095-817a-fd258a69a100,2025-10-22 14:35:11.000000,user35,Snowflake,modify,1351,279.27,0e616e10-d4c8-40e1-b970-c24a0f52a620,d320074d-1f8d-4a8d-9be0-5d38efb2846e
8cb4fca8-1a28-4144-88c7-4330c8c8706f,2025-10-22 14:37:10.000000,user39,Workday,modify,2663,411.83,bff77086-f058-4cc5-a9f8-a8992a2022f3,8af0f73f-c767-4be7-90ec-6e0bae226de1
e6b78970-9a71-4b34-9305-1e351aca96e0,2025-10-22 14:39:55.000000,user39,Workday,modify,1756,460.54,bff77086-f058-4cc5-a9f8-a8992a2022f3,b76ee81f-d21f-489a-a81f-04e7f0f8ed31
0b66274c-28ce-4475-adf2-5b84b94e496f,2025-10-22 14:46:19.000000,user3,Snowflake,download,497,217.42,ba0209b4-55a0-46c3-8d4f-8b612d3b937a,3d19837a-c819-4fc5-aeed-111e85b2177b
d55b9b14-575c-423d-afee-561616fb7ca4,2025-10-22 14:53:52.000000,user16,Jira,upload,2146,369.15,aa675071-5675-44a6-8bbf-68ef1589192f,
9be39731-f4a4-4b89-bca7-c71d329ee556,2025-10-22 14:57:56.000000,user36,Salesforce,download,922,244.51,028f5114-455d-4942-a0fe-5314d8b53b0b,b09652bf-7cae-4394-8179-65991dabd0a4
e8b2079e-f537-4bff-824a-f0bdf42d35ff,2025-10-22 15:15:24.000000,user35,Snowflake,modify,2924,94.75,0e616e10-d4c8-40e1-b970-c24a0f52a620,
2124bd1e-adbb-4622-8119-a703f29d68b2,2025-10-22 15:25:50.000000,user1,Databricks,upload,1496,129.85,481b02e1-e5df-467a-b776-cf2cc5906c62,5ec3fbb0-8551-48bd-bbae-aa6d14c5f1ff
2b539716-8bf0-410f-9e70-3036fceb46ca,2025-10-22 15:42:13.000000,user29,Databricks,modify,625,455.48,9c2b7f0c-9263-4c05-b2bd-15d2d8b8eaca,
fd2ea317-37d6-4f81-a5b6-3f2945906aa7,2025-10-22 15:54:16.000000,user41,Databricks,download,1102,240.12,cf21689a-ddf2-41d0-a7dd-814f8231b476,dab95aa7-2bbf-4790-8689-a9a42b2dde74
f8617840-10a4-4347-9ccf-a6377999fa0e,2025-10-22 15:55:34.000000,user41,Databricks,download,3015,114.28,cf21689a-ddf2-41d0-a7dd-814f8231b476,
42d29517-ccf8-49eb-970f-a6448dbb5652,2025-10-22 15:58:48.000000,user35,Databricks,download,2784,82.51,5e294f99-b513-49da-8b77-60941c02849f,d320074d-1f8d-4a8d-9be0-5d38efb2846e
ce7de7db-4638-40db-bd1f-723570ea2f9c,2025-10-22 16:23:22.000000,user42,Snowflake,upload,1518,247.72,95ab306d-9d13-4952-a628-b41494bce00e,4d30ffa7-3086-413f-ab81-ff4a34fafd3a
4ae9d4ee-8149-4d66-959f-84c8658900ad,2025-10-22 16:34:01.000000,user16,Databricks,view,1564,93.6,d3e35ed1-157d-4849-941f-515e941877d7,be8f51ce-eb26-4959-972d-00979150cf6c
00951e3b-6187-4a53-91c2-50528352e578,2025-10-22 16:50:06.000000,user36,Snowflake,download,345,246.77,028f5114-455d-4942-a0fe-5314d8b53b0b,80af903e-90ac-4904-bfab-6d1fe8545a24
c9686010-7f85-4e10-b26a-1196f09b0733,2025-10-22 16:56:41.000000,user36,Workday,upload,1694,430.92,028f5114-455d-4942-a0fe-5314d8b53b0b,
039cb8a9-8364-49e4-95b4-e92d470f256a,2025-10-22 17:23:53.000000,user21,Snowflake,download,727,65.01,c7e40fa5-653a-44db-a817-71382714e78b,2264efba-5781-4db7-a183-b63bad14b142
f632bd51-fa2e-4e2e-9fe8-0832f2dc7267,2025-10-22 17:24:08.000000,user41,SAP,modify,3222,477.52,cf21689a-ddf2-41d0-a7dd-814f8231b476,55307558-5c1b-4689-bee1-b2b3089a369d
82b78aa6-eb03-4a54-ae2e-88a415155e7d,2025-10-22 17:31:43.000000,user41,Snowflake,view,1169,271.1,cf21689a-ddf2-41d0-a7dd-814f8231b476,
7682dc08-f007-4913-ba7e-7bd7a1281efe,2025-10-22 17:38:58.000000,user39,GitHub,modify,3287,341.95,bff77086-f058-4cc5-a9f8-a8992a2022f3,80ea0568-78e6-4828-90da-ac0949949351
0070d25f-09cd-4993-ad3a-468b809b0de6,2025-10-22 17:43:05.000000,user39,Workday,modify,2182,426.62,bff77086-f058-4cc5-a9f8-a8992a2022f3,abb9c09f-2db4-4dc3-86f7-f3124393d59b
20ff6bbc-de4c-43d5-aeec-e0881cb61a4f,2025-10-22 18:16:18.000000,user36,Salesforce,modify,65,447.48,0a302727-fc3f-4aee-af4c-f4f9e3ea331f,80af903e-90ac-4904-bfab-6d1fe8545a24
e3beb9fc-17cb-4f91-9786-39d27a5e3349,2025-10-22 19:04:33.000000,user16,Snowflake,view,1173,273.6,aa675071-5675-44a6-8bbf-68ef1589192f,be8f51ce-eb26-4959-972d-00979150cf6c
a481b6e4-3788-4e23-84e3-d5d9bc0de854,2025-10-22 19:30:49.000000,user31,Snowflake,download,2720,113.96,4c4eeacd-c5f9-46d2-a2bb-f5e4a0bf436a,54051b9c-148f-4394-9326-d32b45df1e5c
763ff404-210f-4c7b-a117-fbe827590902,2025-10-22 19:34:10.000000,user39,Salesforce,view,1635,265.67,bff77086-f058-4cc5-a9f8-a8992a2022f3,abb9c09f-2db4-4dc3-86f7-f3124393d59b
57ed3f65-7d1f-42ab-9e74-7aef1ef629c8,2025-10-22 19:43:56.000000,user47,Databricks,download,816,467.22,703553da-3d08-40ad-85a2-5ecf81177884,
0a5700b1-9317-418d-9672-e73cf595ad79,2025-10-22 19:59:36.000000,user29,Salesforce,modify,1429,347.73,9c2b7f0c-9263-4c05-b2bd-15d2d8b8eaca,abf2f8a5-ad48-48c7-84c1-ca097da1e4c4
a17bc079-5f9d-4aed-94c3-a034c0ccbd22,2025-10-22 20:20:40.000000,user43,Snowflake,upload,1218,134.96,772927fa-c9ca-4c16-86e0-548184e09047,
c5fc2b2e-c753-446a-8842-81120fa7a1d9,2025-10-22 20:38:09.000000,user29,SAP,view,657,241.43,9c2b7f0c-9263-4c05-b2bd-15d2d8b8eaca,
641bb78f-bae5-412a-9ba5-444736abc70f,2025-10-22 20:48:50.000000,user31,Snowflake,modify,3350,404.88,4c4eeacd-c5f9-46d2-a2bb-f5e4a0bf436a,980e07e4-d144-4108-ba59-fa5c2a10374a
a5fc658c-fc7b-4526-b03c-2bb558d611d2,2025-10-22 20:54:27.000000,user1,Workday,view,2694,293.98,bc2c016a-72ac-4909-b277-51a26e8ecfb8,5ec3fbb0-8551-48bd-bbae-aa6d14c5f1ff
46f51594-6fd0-4bd5-bf5e-35ef334a1aa6,2025-10-22 21:18:34.000000,user36,GitHub,upload,987,47.81,0a302727-fc3f-4aee-af4c-f4f9e3ea331f,
244ec4f2-2efe-4586-a514-d6401fb9bc9b,2025-10-22 21:47:56.000000,user1,Workday,download,585,315.19,bc2c016a-72ac-4909-b277-51a26e8ecfb8,5ec3fbb0-8551-48bd-bbae-aa6d14c5f1ff
67a29213-960f-4452-afed-3b5ff34683bd,2025-10-22 21:55:31.000000,user31,SAP,modify,1281,67.17,4c4eeacd-c5f9-46d2-a2bb-f5e4a0bf436a,
72a8f8bf-3b0a-4747-a6f1-ef4df14461a0,2025-10-22 22:06:18.000000,user1,SAP,view,1917,242.24,bc2c016a-72ac-4909-b277-51a26e8ecfb8,5ec3fbb0-8551-48bd-bbae-aa6d14c5f1ff
43f2fd8e-8d01-4c03-b9fe-43cca9f25058,2025-10-22 22:31:59.000000,user1,GitHub,view,1744,200.83,bc2c016a-72ac-4909-b277-51a26e8ecfb8,
9d8d59f4-cd45-47cc-86e4-1f92bc32215c,2025-10-22 22:41:47.000000,user20,GitHub,view,2395,431.12,bac314ee-4180-444a-8c58-d861d0df7b44,e7cf9b59-1a95-4376-9ce7-59521cf3ad13
ac30b8b0-ce9b-442c-826e-168b63c37508,2025-10-22 22:42:37.000000,user40,SAP,view,513,334.49,49147280-838d-4de0-9a50-1709c454769f,6d69470a-ac7a-452b-9bda-077b61264b5e
c8665f3b-3075-4d41-9ab5-0f0d44b9053a,2025-10-22 22:47:15.000000,user13,Salesforce,view,2113,454.74,9fc9bcd8-20c6-4909-99f2-bb7411506155,
0f50f57c-0a23-4056-8232-82497ee9a5cb,2025-10-22 22:59:59.000000,user31,Databricks,modify,1807,157.02,4c4eeacd-c5f9-46d2-a2bb-f5e4a0bf436a,54051b9c-148f-4394-9326-d32b45df1e5c
3c2b25e7-22ac-412c-bc3c-8d98e7e93132,2025-10-22 23:36:10.000000,user33,Jira,download,1374,23.36,130e3e25-d49c-4ddd-961f-2f6a415fe81b,
5e1b5815-e319-4876-ae65-07aaef388f26,2025-10-22 23:59:29.000000,user20,Workday,upload,2523,136.72,bac314ee-4180-444a-8c58-d861d0df7b44,
20c6208e-2b11-46be-8c57-f06b3c84a4db,2025-10-23 00:23:59.000000,user9,GitHub,modify,1178,327.2,132bcaaa-360c-4882-9aac-3dc4dd02efe8,
9e4c5236-d442-4821-93e8-c22cf5fbd289,2025-10-23 00:51:00.000000,user13,SAP,modify,1259,419.55,9fc9bcd8-20c6-4909-99f2-bb7411506155,
f350b119-266f-4a2d-9a05-272a96611db0,2025-10-23 00:55:42.000000,user22,Databricks,modify,174,317.45,7b8736f5-a184-4a95-be0e-9c52562b6ed1,51c56aef-2c7e-49ba-96b8-569a16df96b7
0104c988-a4a3-4dd3-ac24-e16d888f403b,2025-10-23 01:24:10.000000,user41,Snowflake,upload,410,417.55,359a3e8e-039f-4869-92b6-2ab78bc2e070,dab95aa7-2bbf-4790-8689-a9a42b2dde74
5ae1e101-b674-4fe6-bcf6-8a4e4b082c33,2025-10-23 01:32:25.000000,user22,SAP,view,141,321.86,7b8736f5-a184-4a95-be0e-9c52562b6ed1,
1eee4018-d20b-4098-a61d-53379b385c32,2025-10-23 01:43:25.000000,user41,Jira,download,2487,87.46,359a3e8e-039f-4869-92b6-2ab78bc2e070,
56033efb-e1a5-4826-872b-82caf37d9fd2,2025-10-23 01:48:49.000000,user13,GitHub,download,1152,5.02,9fc9bcd8-20c6-4909-99f2-bb7411506155,
a22d3688-6add-4678-b9c2-105705b0d586,2025-10-23 01:59:30.000000,user40,Databricks,upload,59,349.16,49147280-838d-4de0-9a50-1709c454769f,6d69470a-ac7a-452b-9bda-077b61264b5e
178f759e-0450-4a8a-8275-1a0e7689111c,2025-10-23 01:59:37.000000,user42,Workday,upload,3290,475.75,1129de1d-3ab9-4027-bbfc-3e7282c1f01c,4d30ffa7-3086-413f-ab81-ff4a34fafd3a
022858ee-c6c7-4689-a119-0ddde383215b,2025-10-23 02:50:05.000000,user40,Workday,upload,666,335.03,49147280-838d-4de0-9a50-1709c454769f,
cf885e7b-6f0f-4f3d-aedb-7981c955c773,2025-10-23 02:51:33.000000,user41,Snowflake,view,1604,246.21,2620f8a0-9369-4aee-ab06-aa733c5b4e1c,dab95aa7-2bbf-4790-8689-a9a42b2dde74
2efd1f59-8ad5-41c5-a06c-6bfb4f0e6d2b,2025-10-23 02:53:45.000000,user33,Salesforce,modify,48,19.78,130e3e25-d49c-4ddd-961f-2f6a415fe81b,20b72f3b-7c7b-47cf-a5ae-eddf4ac6d161
b2716fec-244f-49ab-a8ed-a9ab819a1f4d,2025-10-23 02:54:47.000000,user15,Salesforce,download,2761,189.27,92229e26-6e34-43c1-b8a3-db0125dcb3c7,
098734bc-b00c-498f-8768-b1e906eed56d,2025-10-23 02:56:45.000000,user3,Databricks,download,325,236.34,d19042cf-b80f-471e-bc14-9fede7079fd9,3d19837a-c819-4fc5-aeed-111e85b2177b
6ae6141b-ba1f-45d3-bd12-028136c54233,2025-10-23 03:00:40.000000,user9,Databricks,upload,884,236.85,132bcaaa-360c-4882-9aac-3dc4dd02efe8,285b9f7c-851c-43d9-98c4-a29939c3551a
2e20ea8a-0b53-4785-a1b2-b686d10949c1,2025-10-23 03:13:40.000000,user47,GitHub,view,3561,341.56,33ac988e-0116-4044-9895-15ab0b83da02,
a4f0f50b-136c-40c9-9bdb-c0ef6e2e1de0,2025-10-23 03:35:25.000000,user13,SAP,view,818,234.26,9fc9bcd8-20c6-4909-99f2-bb7411506155,
928c74f6-e7d1-4a6e-8b38-b5ae764d971c,2025-10-23 04:15:51.000000,user15,Workday,upload,2574,220.72,92229e26-6e34-43c1-b8a3-db0125dcb3c7,71ba483e-4317-420c-a13e-33f3a27365eb
bccdc722-a1e1-4fc7-9c80-875add77c440,2025-10-23 04:16:04.000000,user15,Jira,view,1703,350.7,92229e26-6e34-43c1-b8a3-db0125dcb3c7,8a2a3a6d-56fb-4952-a8a5-7a3c4b9bdc9d
ef73c246-d3dd-4b0c-92b6-2dd96234a7c3,2025-10-23 04:24:33.000000,user3,Workday,modify,1829,275.09,99076b91-a6de-4b61-97db-faf773f09147,
79847bfd-bfe3-4207-8b34-a8be04e526ce,2025-10-23 04:29:08.000000,user15,Workday,view,3566,433.4,92229e26-6e34-43c1-b8a3-db0125dcb3c7,
2f42a5c1-5db4-405e-85c0-f3a8967d83a5,2025-10-23 05:01:29.000000,user41,Salesforce,upload,3026,19.6,77a4d5ed-78de-41aa-920c-3024be86e555,dab95aa7-2bbf-4790-8689-a9a42b2dde74
e65aaac6-9bb9-4f1b-8355-82446e47e8dd,2025-10-23 05:04:48.000000,user9,Databricks,modify,3331,150.65,132bcaaa-360c-4882-9aac-3dc4dd02efe8,f7f082aa-22ff-4499-b8de-2910f5c99df9
d3328f44-1f7d-4677-85f1-a35c347315b9,2025-10-23 05:06:57.000000,user47,Jira,modify,3124,188.82,33ac988e-0116-4044-9895-15ab0b83da02,d6de783a-8c3d-4581-a0e1-683af840b183
51d47c97-d68e-495a-a55a-9897305ba62d,2025-10-23 05:07:42.000000,user20,Salesforce,modify,2301,165.55,bac314ee-4180-444a-8c58-d861d0df7b44,2d739fb0-5a1b-4bc7-ab27-6a1a2921319d
9910bc99-ba3f-47eb-a802-84ca4171ee3c,2025-10-23 05:14:40.000000,user13,Snowflake,upload,2057,176.42,9fc9bcd8-20c6-4909-99f2-bb7411506155,
b02a948d-1fe5-4cff-878a-3ccedbf46f9f,2025-10-23 05:25:25.000000,user9,Salesforce,view,3453,310.93,132bcaaa-360c-4882-9aac-3dc4dd02efe8,
5ae2f0e6-7e87-4d2e-9856-90a2fdc9af9a,2025-10-23 05:28:56.000000,user3,Snowflake,upload,3231,205.07,d19042cf-b80f-471e-bc14-9fede7079fd9,
58395007-481c-4d25-a077-b55a586204c3,2025-10-23 05:30:40.000000,user41,Salesforce,upload,106,441.59,2620f8a0-9369-4aee-ab06-aa733c5b4e1c,dab95aa7-2bbf-4790-8689-a9a42b2dde74
35d84306-a791-4fac-8d79-1db65ff18799,2025-10-23 05:34:14.000000,user20,Workday,upload,749,142.86,bac314ee-4180-444a-8c58-d861d0df7b44,
bbb60f1c-fac2-4d9c-bf29-0218583d40c8,2025-10-23 05:43:55.000000,user41,Jira,download,3011,163.57,2620f8a0-9369-4aee-ab06-aa733c5b4e1c,db54061e-7e8b-4fda-961a-ac932084ff43
ba06dcb5-40f0-4dcc-ba1f-478fe0a73813,2025-10-23 06:07:03.000000,user9,Jira,download,2788,89.66,132bcaaa-360c-4882-9aac-3dc4dd02efe8,285b9f7c-851c-43d9-98c4-a29939c3551a
48847d5a-a24a-4c47-a337-e32deda39191,2025-10-23 06:24:21.000000,user33,Databricks,download,3334,452.25,130e3e25-d49c-4ddd-961f-2f6a415fe81b,cacd43fd-a4c2-4c17-b6da-5a761100dd79
c7b7db16-3574-48b9-a775-676399793b40,2025-10-23 06:40:47.000000,user33,GitHub,upload,888,162.04,130e3e25-d49c-4ddd-961f-2f6a415fe81b,
4f25c801-c02a-4828-9d41-e53bca40b40f,2025-10-23 07:17:11.000000,user41,SAP,modify,867,142.76,2620f8a0-9369-4aee-ab06-aa733c5b4e1c,
1267aa02-80cf-43eb-a528-d1d2faacc591,2025-10-23 07:35:09.000000,user15,Databricks,download,899,467.35,92229e26-6e34-43c1-b8a3-db0125dcb3c7,8a2a3a6d-56fb-4952-a8a5-7a3c4b9bdc9d
23030b7d-bea0-4908-9d8d-6b823a1b4423,2025-10-23 07:38:00.000000,user47,Workday,download,3550,280.08,33ac988e-0116-4044-9895-15ab0b83da02,d6de783a-8c3d-4581-a0e1-683af840b183
1cab289d-ac72-42ef-99fd-b1429b95845d,2025-10-23 07:59:16.000000,user46,Jira,modify,241,472.73,e8dc693b-9e01-495e-9c4b-af408d9bfb12,
de3806ca-d541-4359-81e4-e4083208d009,2025-10-23 08:16:31.000000,user47,Workday,download,539,151.03,33ac988e-0116-4044-9895-15ab0b83da02,d6de783a-8c3d-4581-a0e1-683af840b183
8f40f028-fcbd-4a2f-80e2-bf4bfffeaa1d,2025-10-23 08:32:33.000000,user9,Jira,download,393,238.91,b22d6e5a-0227-41da-9a25-76317af8c349,f7f082aa-22ff-4499-b8de-2910f5c99df9
633f51c9-481e-429c-b135-72d6673076aa,2025-10-23 09:08:06.000000,user9,Databricks,upload,1680,254.83,b22d6e5a-0227-41da-9a25-76317af8c349,f7f082aa-22ff-4499-b8de-2910f5c99df9
02df7285-d712-42dd-80d8-935777fb1a33,2025-10-23 09:34:54.000000,user41,Jira,upload,2883,21.53,636b0a24-4765-456b-a022-4676d2461fda,
13a79dca-8596-428b-b07e-558d631b4d2c,2025-10-23 09:49:47.000000,user38,Salesforce,upload,934,10.45,0342596b-09a5-48ce-866a-df950075c802,20ee417d-cf99-459b-ada3-38197c0660c8
cb892f3f-a45a-413f-92a9-04521a8f7bd6,2025-10-23 10:08:26.000000,user44,SAP,upload,596,294.13,0bbc4780-4c22-4ae2-9117-66498289aa5e,
cefa73bb-cd04-4e85-8509-9a1ce5873c09,2025-10-23 10:19:50.000000,user3,Workday,modify,2014,172.23,d19042cf-b80f-471e-bc14-9fede7079fd9,
f4e8f46b-9af2-4826-9006-f8fe94bc5277,2025-10-23 10:29:17.000000,user47,SAP,download,3145,378.18,33ac988e-0116-4044-9895-15ab0b83da02,d6de783a-8c3d-4581-a0e1-683af840b183
0442d22f-177f-4c7f-b408-b795209cd4e4,2025-10-23 11:29:27.000000,user46,Workday,modify,36,379.79,e8dc693b-9e01-495e-9c4b-af408d9bfb12,
acc8784f-09fe-4cb4-994d-4102840fef43,2025-10-23 11:52:11.000000,user46,Workday,upload,633,453.37,e8dc693b-9e01-495e-9c4b-af408d9bfb12,
5ce71c86-e98c-4767-858d-b414e6597b3e,2025-10-23 12:23:48.000000,user41,Salesforce,download,3362,248.45,636b0a24-4765-456b-a022-4676d2461fda,
8a941782-2bc9-4048-9b72-0f2ae24e0c5f,2025-10-23 12:27:54.000000,user46,GitHub,download,3138,237.95,e8dc693b-9e01-495e-9c4b-af408d9bfb12,
1f62d59b-11d0-40eb-a074-be2e41912aa2,2025-10-23 12:36:48.000000,user9,Databricks,view,2230,36.9,b22d6e5a-0227-41da-9a25-76317af8c349,285b9f7c-851c-43d9-98c4-a29939c3551a
24164221-5e79-44a9-8b45-3a230238d4d0,2025-10-23 14:23:28.000000,user41,Salesforce,upload,2832,144.14,636b0a24-4765-456b-a022-4676d2461fda,
eb271e6f-dbff-4c5d-bb1c-325e07bfd21e,2025-10-23 14:50:18.000000,user9,Snowflake,download,930,419.26,b22d6e5a-0227-41da-9a25-76317af8c349,
2265329c-80fb-4394-88ce-b6d634fa5384,2025-10-23 15:14:15.000000,user41,Jira,modify,2795,207.32,636b0a24-4765-456b-a022-4676d2461fda,dab95aa7-2bbf-4790-8689-a9a42b2dde74
a413f743-6aa2-4a95-b7e7-8289d3ee5aff,2025-10-23 15:16:00.000000,user44,Workday,upload,3412,434.74,0bbc4780-4c22-4ae2-9117-66498289aa5e,813dc41d-86e7-4d70-9829-f1465deb894c
765593de-f5da-4d61-b420-5e85dc2c24b5,2025-10-23 15:18:24.000000,user39,Workday,upload,2711,328.96,e028a8f3-cbf5-48c0-aa5f-d4ae73698173,abb9c09f-2db4-4dc3-86f7-f3124393d59b
9720b7d6-3ae4-49e3-8296-1f5888b98704,2025-10-23 16:10:33.000000,user29,Salesforce,download,1182,13.49,af25a9b9-c738-44cc-ad65-0b08a1587aa8,abf2f8a5-ad48-48c7-84c1-ca097da1e4c4
75e49b47-ea58-44d1-94ea-15fe8f3e5f2b,2025-10-23 16:14:09.000000,user47,Workday,view,1095,233.74,27c1ea07-cd4b-41ee-ae6d-aaabe7202df1,d6de783a-8c3d-4581-a0e1-683af840b183
893ce1d5-0d67-4648-828c-0f327f889e65,2025-10-23 16:32:09.000000,user39,Databricks,modify,3080,145.96,e028a8f3-cbf5-48c0-aa5f-d4ae73698173,abb9c09f-2db4-4dc3-86f7-f3124393d59b
1d13589b-af17-4ff8-9d5b-e35297dee3f1,2025-10-23 16:57:40.000000,user39,Snowflake,view,1328,377.44,e028a8f3-cbf5-48c0-aa5f-d4ae73698173,36d7039c-c2e1-431f-8738-4480b46025b3
f4e75fa7-d587-4cb6-99b4-58b964cc8dd0,2025-10-23 18:11:04.000000,user47,Databricks,modify,1715,215.49,27c1ea07-cd4b-41ee-ae6d-aaabe7202df1,d6de783a-8c3d-4581-a0e1-683af840b183
f2fdd30b-570a-475e-9fef-2d86ba072a1c,2025-10-23 19:26:29.000000,user39,SAP,view,3291,205.11,e028a8f3-cbf5-48c0-aa5f-d4ae73698173,36d7039c-c2e1-431f-8738-4480b46025b3
57fec4ad-c440-46c9-8651-ac07c70c2a6a,2025-10-23 19:46:46.000000,user29,Jira,download,1482,41.18,af25a9b9-c738-44cc-ad65-0b08a1587aa8,abf2f8a5-ad48-48c7-84c1-ca097da1e4c4
6ef84c1d-c406-4718-9d52-eca39e2a2a93,2025-10-23 19:53:11.000000,user39,Snowflake,view,3260,17.13,e028a8f3-cbf5-48c0-aa5f-d4ae73698173,b76ee81f-d21f-489a-a81f-04e7f0f8ed31
35140e2a-3e83-4862-9cf0-8b8d3cfd5a77,2025-10-23 22:34:55.000000,user27,Salesforce,modify,3097,480.87,a3e49fd5-9b07-4b34-9438-9d04604d53c6,1f68baa5-53ee-4992-838e-2c30cac2725a
d3050ee9-2944-4489-afe4-971dc6f735d1,2025-10-23 22:47:15.000000,user33,Jira,download,2769,1.03,61b85619-9768-4ef7-b876-93f419f8e742,20b72f3b-7c7b-47cf-a5ae-eddf4ac6d161
532b1c82-6ef7-4d04-b550-d7d168e55ee3,2025-10-23 23:14:39.000000,user27,Salesforce,upload,98,263.85,11c4a27a-4c2b-48fc-bff9-f1180ead423f,1f68baa5-53ee-4992-838e-2c30cac2725a
333bde24-a691-47f8-bc5e-4cb8a2266abe,2025-10-23 23:43:55.000000,user47,SAP,view,317,30.91,27c1ea07-cd4b-41ee-ae6d-aaabe7202df1,
2eba28de-39f4-411e-8554-4c8c17788a30,2025-10-24 00:49:30.000000,user50,Snowflake,upload,254,177.92,8f1996cd-4b24-4fa7-9ae0-b63059fabc72,
45c6dfe6-b60f-4d4f-9ef9-ac8c8e8273a1,2025-10-24 01:12:12.000000,user50,Salesforce,download,1570,17.08,8f1996cd-4b24-4fa7-9ae0-b63059fabc72,
3016bf29-d3a3-43d0-8eb5-9ce9e928caf9,2025-10-24 01:35:53.000000,user33,SAP,upload,1956,224.89,61b85619-9768-4ef7-b876-93f419f8e742,7a6c0586-a0fc-4ad5-a3e0-01ce37989267
d659df32-63c2-4691-a624-8bb94d701698,2025-10-24 01:46:02.000000,user50,SAP,modify,2582,267.98,8f1996cd-4b24-4fa7-9ae0-b63059fabc72,
9fdf170f-c5fc-45b1-a386-ede92dd04622,2025-10-24 03:00:58.000000,user27,SAP,view,3062,187.06,11c4a27a-4c2b-48fc-bff9-f1180ead423f,
00f4fd25-e52b-4451-ade3-48bd09db6ef4,2025-10-24 03:03:26.000000,user41,GitHub,upload,3419,64.97,d6bd98ee-5eee-46a5-b4b6-cf0e0908c56d,dab95aa7-2bbf-4790-8689-a9a42b2dde74
273e99ca-9ea0-4fdf-9b7b-0e74b5bf49ed,2025-10-24 03:39:53.000000,user27,SAP,modify,2863,116.55,11c4a27a-4c2b-48fc-bff9-f1180ead423f,1f68baa5-53ee-4992-838e-2c30cac2725a
a068fc34-3bcb-4188-890e-e04160eb3f86,2025-10-24 03:51:28.000000,user16,Salesforce,download,3444,157.86,6184de1b-d883-45b6-adc7-40a6f306d2cd,
a7727869-589b-4ce1-aa04-25aa54b8624b,2025-10-24 04:29:58.000000,user33,Jira,download,2779,325.8,61b85619-9768-4ef7-b876-93f419f8e742,20b72f3b-7c7b-47cf-a5ae-eddf4ac6d161
db5d7717-ab36-49c2-9e8e-65c6f9ab8c22,2025-10-24 04:33:22.000000,user40,Salesforce,view,1460,105.81,4b2e4283-3e1e-458f-8f4e-715adb15f399,
63483ee9-5048-4744-86e4-31c3a85969c1,2025-10-24 04:40:36.000000,user27,Jira,download,1200,427.83,11c4a27a-4c2b-48fc-bff9-f1180ead423f,1f68baa5-53ee-4992-838e-2c30cac2725a
2a14477a-8db7-4049-9226-03cfc6f61b3c,2025-10-24 04:51:45.000000,user41,Snowflake,upload,3577,193.2,682e948f-4607-4874-ad6f-c4361f2208b9,
03af453d-2f88-4ed7-9a68-e8b9305b9066,2025-10-24 04:56:42.000000,user21,Salesforce,download,3079,420.75,681e632a-5609-49be-9a6c-56d27f33c5f8,977d04d1-e85b-4b15-b742-03fad1963760
2ddd9971-c693-4590-aa25-49c2f098979c,2025-10-24 05:00:00.000000,user16,GitHub,download,348,40.25,6184de1b-d883-45b6-adc7-40a6f306d2cd,394e941a-eb5b-47f1-9000-384f5851e633
dc3fbae2-0bd1-473f-8051-bac484a0fae7,2025-10-24 05:06:30.000000,user40,Snowflake,modify,1531,39.1,4b2e4283-3e1e-458f-8f4e-715adb15f399,3fc68a79-0378-4a04-ad13-338646489999
21922ef4-7712-4181-8e52-15d5db9f3baa,2025-10-24 05:09:59.000000,user21,Workday,modify,1306,457.45,681e632a-5609-49be-9a6c-56d27f33c5f8,
bbd8d0b1-a333-4bbe-b34b-da1dcb82be2b,2025-10-24 05:16:03.000000,user10,GitHub,view,3343,289.09,16b413f1-79bf-4b2e-83a6-f3365cc58e40,f2d14631-b12e-49fd-83e8-fa374b411ccd
ed88e3c6-a5a9-499c-9ad6-39f359028dd3,2025-10-24 05:28:46.000000,user41,Snowflake,modify,2987,113.74,d6bd98ee-5eee-46a5-b4b6-cf0e0908c56d,5b6055d0-54cf-4639-968f-2f01b7c56d3a
ad0aef2f-4cd7-464e-8a87-1d657f717d4d,2025-10-24 05:50:18.000000,user41,Snowflake,download,1724,155.74,d6bd98ee-5eee-46a5-b4b6-cf0e0908c56d,db54061e-7e8b-4fda-961a-ac932084ff43
64710c8f-8bb1-4c11-9d06-42d222eec76c,2025-10-24 06:17:31.000000,user32,GitHub,upload,3338,259.9,828c8543-f8a7-46ae-9cc8-00e575c7077e,
88790761-a1d8-487a-91e8-599d22f85a14,2025-10-24 06:24:33.000000,user40,Workday,upload,2642,84.73,4b2e4283-3e1e-458f-8f4e-715adb15f399,
b99f6d3a-aa5a-4732-81f4-205da04c6d2d,2025-10-24 06:53:07.000000,user40,GitHub,upload,831,134.5,4b2e4283-3e1e-458f-8f4e-715adb15f399,3fc68a79-0378-4a04-ad13-338646489999
397c24b6-8759-4aac-a61a-d1cf4fa33fc7,2025-10-24 07:40:28.000000,user32,Workday,view,729,485.59,828c8543-f8a7-46ae-9cc8-00e575c7077e,
b52eaed0-39cf-4950-b467-b8d06a09dab5,2025-10-24 07:51:49.000000,user41,Salesforce,view,1067,227.44,d6bd98ee-5eee-46a5-b4b6-cf0e0908c56d,2577634d-f874-4150-89af-b967463fca91
da3c212c-ab89-4586-ad45-817355a26bd0,2025-10-24 07:57:19.000000,user34,GitHub,view,386,148.57,f04f1e8d-1da6-440e-82a1-1ff043affd4c,e4c02114-af61-4266-aea9-b42b2a9fc72c
91a9012e-deea-415f-a7b9-a4d8d7f7bb30,2025-10-24 08:04:12.000000,user39,Workday,view,2273,445.87,7f23e374-ff72-44b6-8ed2-0428048c8613,abb9c09f-2db4-4dc3-86f7-f3124393d59b
a6f21731-ff1c-439b-aadf-11946d202ca5,2025-10-24 08:19:44.000000,user34,Snowflake,upload,945,20.46,f04f1e8d-1da6-440e-82a1-1ff043affd4c,
37a20309-c18c-40ad-b0d2-4f5fdf741d9f,2025-10-24 08:59:29.000000,user24,GitHub,upload,2748,384.26,6845bbdf-8447-40b2-ab24-f32965617221,05ab8665-9ba5-4f59-a3a0-ad56b715d38f
c63faf8c-f45d-48fe-a614-c22f9dc4ecff,2025-10-24 09:07:33.000000,user32,GitHub,modify,911,269.48,828c8543-f8a7-46ae-9cc8-00e575c7077e,14f6a1d6-a3fa-455d-8103-325bb3987e0d
d9d0b001-52e1-48ad-b874-61bce78ad722,2025-10-24 10:12:07.000000,user34,Snowflake,upload,2656,178.82,f04f1e8d-1da6-440e-82a1-1ff043affd4c,e4c02114-af61-4266-aea9-b42b2a9fc72c
821782f9-3326-49ef-8562-06f409231743,2025-10-24 10:57:20.000000,user21,Workday,view,740,32.59,681e632a-5609-49be-9a6c-56d27f33c5f8,
0824a821-fd88-4e5b-95b6-8417647d4ef7,2025-10-24 11:25:05.000000,user7,SAP,download,2654,190.89,0afcba75-2854-49a4-aa87-a057098a4e4c,
799a5a3a-1396-4e57-a3c2-72f1389945b9,2025-10-24 11:35:06.000000,user32,Databricks,download,2544,428.99,3e3a84cc-c063-4a8e-adac-3a5b2b8078e5,d499216e-6b34-4b22-8d23-01502be31083
5dbb02dc-2df3-45af-acbf-58a6a8c5acc1,2025-10-24 11:41:07.000000,user7,Snowflake,download,2223,71.56,0afcba75-2854-49a4-aa87-a057098a4e4c,
d5f6dad0-4642-419d-88bb-af977883e214,2025-10-24 12:08:18.000000,user17,SAP,download,1487,464.01,27af5c40-6b3d-4c37-b9bf-045f4f0a7f5a,53eb2470-ba66-4ff5-9bf3-a6036ab5abb3
57aa2146-4ecd-4e51-a470-6526922d1f86,2025-10-24 12:11:59.000000,user17,Snowflake,modify,676,73.74,27af5c40-6b3d-4c37-b9bf-045f4f0a7f5a,8fba1cc0-ed98-4402-bf99-afe91cc015ed
87bb70c5-b1c8-4a8c-a822-26775d0da697,2025-10-24 12:45:14.000000,user17,Salesforce,view,3084,2.94,27af5c40-6b3d-4c37-b9bf-045f4f0a7f5a,8fba1cc0-ed98-4402-bf99-afe91cc015ed
db54e677-37fe-4152-9258-35e36fde6846,2025-10-24 12:52:32.000000,user32,GitHub,view,3237,279.62,3e3a84cc-c063-4a8e-adac-3a5b2b8078e5,
8ea56e26-4150-4046-810c-f7c6565b0f05,2025-10-24 12:53:42.000000,user7,Snowflake,download,1286,342.53,0afcba75-2854-49a4-aa87-a057098a4e4c,
ee776a6b-14a3-46c9-90bc-436c643c8e79,2025-10-24 14:04:07.000000,user32,Jira,modify,3099,400.31,3e3a84cc-c063-4a8e-adac-3a5b2b8078e5,f1b68eb7-ef3d-465c-80ef-34093f59f464
8e43ce54-7214-4348-ac72-12b7d9445495,2025-10-24 14:08:05.000000,user17,SAP,upload,2046,65.62,27af5c40-6b3d-4c37-b9bf-045f4f0a7f5a,9812fce7-161c-40de-a265-28aedb30a13f
207e0dbe-6972-4d2a-9c65-0adaaf59e2d9,2025-10-24 14:39:08.000000,user17,Workday,download,628,16.21,27af5c40-6b3d-4c37-b9bf-045f4f0a7f5a,8fba1cc0-ed98-4402-bf99-afe91cc015ed
9e4d75f0-da82-4541-a5d2-e16e97e08e3a,2025-10-24 14:39:37.000000,user2,GitHub,upload,1797,402.82,9dcd5514-16d5-468e-a0c5-80c19b4329e8,c7eb3396-3b92-48f5-a887-07c4ee0ae05f
61f21db9-c3e4-4060-95f1-aaa509ea69cc,2025-10-24 14:49:01.000000,user2,Databricks,view,391,496.15,9dcd5514-16d5-468e-a0c5-80c19b4329e8,c7eb3396-3b92-48f5-a887-07c4ee0ae05f
37fae45e-abdc-4d5f-8f77-fb664aea5a69,2025-10-24 14:51:17.000000,user20,Databricks,view,1386,338.77,8c7b18d5-78a2-4de1-84f4-da819a5b46a3,2d739fb0-5a1b-4bc7-ab27-6a1a2921319d
6e43a20c-a695-444a-8837-2e04eb4a2671,2025-10-24 15:11:04.000000,user38,Salesforce,view,907,254.96,34519db0-55fa-4785-8b4e-13f45abbfbb0,
440556af-6c85-4e09-9658-16be7ccf6164,2025-10-24 15:29:13.000000,user27,Jira,download,2212,44.89,c3ae6ede-e487-4925-b3d6-3507e1a66110,1f68baa5-53ee-4992-838e-2c30cac2725a
281064a5-90c8-4b95-a86e-224deb5dfab7,2025-10-24 16:04:17.000000,user7,Snowflake,modify,685,332.41,0afcba75-2854-49a4-aa87-a057098a4e4c,
60efb34e-442c-4dae-a37c-e4ff9c7c7e1f,2025-10-24 16:05:31.000000,user7,Workday,view,123,210.26,0afcba75-2854-49a4-aa87-a057098a4e4c,
b1c9e75c-bfb8-42e1-9c17-e642e5f524a9,2025-10-24 16:19:48.000000,user20,Workday,view,2923,464.94,8c7b18d5-78a2-4de1-84f4-da819a5b46a3,
e0145ce0-f306-409f-a360-62acf664086e,2025-10-24 16:20:49.000000,user2,Salesforce,download,3011,440.16,9dcd5514-16d5-468e-a0c5-80c19b4329e8,c7eb3396-3b92-48f5-a887-07c4ee0ae05f
0fe07406-9963-4dfd-8ed0-3bc4dd8389bc,2025-10-24 16:52:19.000000,user46,Workday,upload,2319,170.46,a0b070ef-a58b-4a1b-8bd7-fb88c8f12d15,
69ddb652-6ffc-4e49-abd3-163e61d16f45,2025-10-24 17:00:30.000000,user36,GitHub,modify,546,329.1,7dad190c-11ca-43d2-868c-dcf57294674f,
668ce875-5484-47b5-acfe-f9d529057951,2025-10-24 17:03:10.000000,user34,Salesforce,upload,1291,37.64,d04ea4cd-facb-4baf-af8d-8df60cb0a14e,
b9b8d3de-dbf4-4364-95e4-c27a61c96867,2025-10-24 17:25:21.000000,user20,Jira,view,3331,190.67,8c7b18d5-78a2-4de1-84f4-da819a5b46a3,
c1090a63-c015-4eeb-9ddd-0fc930470a51,2025-10-24 17:30:11.000000,user2,Snowflake,modify,1624,329.84,9dcd5514-16d5-468e-a0c5-80c19b4329e8,c7eb3396-3b92-48f5-a887-07c4ee0ae05f
ff42c458-f813-46cb-a4a9-bd3e19d665f0,2025-10-24 17:39:45.000000,user36,Snowflake,download,1972,108.31,7dad190c-11ca-43d2-868c-dcf57294674f,b09652bf-7cae-4394-8179-65991dabd0a4
7c43a819-2572-4e08-ad82-7c8d71c7bbd2,2025-10-24 18:17:12.000000,user49,GitHub,view,1744,391.8,30759325-9744-438f-96d1-e7d3678100b0,4cee5891-d2d2-40af-b68d-88326854505d
2a7042c9-bb78-4c2a-ab3f-058b856411a5,2025-10-24 18:21:45.000000,user20,Salesforce,download,530,73.23,8c7b18d5-78a2-4de1-84f4-da819a5b46a3,e7cf9b59-1a95-4376-9ce7-59521cf3ad13
2b111426-9bd4-4f3e-8f94-becd62035cc6,2025-10-24 18:30:10.000000,user38,SAP,view,1511,117.45,7ea0862e-3289-4155-ae69-9f068438673f,3aef07c2-c775-41fd-b9b2-cdf12b9d4a94
0c08bed4-308a-4ca1-8768-646e750190ea,2025-10-24 18:30:58.000000,user34,Workday,upload,3019,123.7,d04ea4cd-facb-4baf-af8d-8df60cb0a14e,d9d3c543-c613-4ed5-ae94-38df532eaf29
96e62beb-6b30-4188-a6b7-593ceb69df90,2025-10-24 18:47:00.000000,user49,Snowflake,view,1083,435.44,30759325-9744-438f-96d1-e7d3678100b0,
72ff8e78-9129-4fb2-9c7b-90585b82bc1d,2025-10-24 19:31:14.000000,user38,Jira,upload,2755,376.86,34519db0-55fa-4785-8b4e-13f45abbfbb0,20ee417d-cf99-459b-ada3-38197c0660c8
c487611a-2355-48a8-b7ed-045fe3684ad0,2025-10-24 20:04:51.000000,user36,Workday,download,3366,313.77,7dad190c-11ca-43d2-868c-dcf57294674f,b09652bf-7cae-4394-8179-65991dabd0a4
27e0f47d-096c-4bb3-813c-995cdb9f892e,2025-10-24 20:40:14.000000,user32,Snowflake,view,2188,109.95,81201c34-da4d-4d5e-8af4-2708858cf76e,
6ad5afb0-bb14-455a-af2a-6e6c73d700e5,2025-10-24 20:58:11.000000,user49,GitHub,download,3325,200.17,30759325-9744-438f-96d1-e7d3678100b0,8eed878c-c6cc-49c2-9966-aa4d9176ba88
86e83d9b-c003-47f4-87f7-e35d48bf6bab,2025-10-24 20:58:19.000000,user2,Jira,download,2847,130.53,9dcd5514-16d5-468e-a0c5-80c19b4329e8,c7eb3396-3b92-48f5-a887-07c4ee0ae05f
fc6d6d0f-9d16-49f0-9c86-9de9c6903f63,2025-10-24 22:45:59.000000,user31,Snowflake,upload,2186,193.5,369e7899-a399-4974-a546-01e8fe52053d,
6f11924d-c964-496c-92b6-dc57074b88c0,2025-10-24 23:02:49.000000,user31,Salesforce,download,1768,129.33,369e7899-a399-4974-a546-01e8fe52053d,
634f06e7-9c0f-443e-9bc0-2ac8bf4de814,2025-10-24 23:16:41.000000,user14,Jira,download,2647,248.11,8fe26c78-aee1-46d3-9aa7-3d81a9068bdc,bd4f4977-d6d5-4fbf-b61a-4069e21339a2
986d7ea3-9c1d-466c-9e15-9d4f8e995add,2025-10-24 23:18:23.000000,user36,Workday,upload,1586,344.69,7dad190c-11ca-43d2-868c-dcf57294674f,
3ad8e00e-5100-44cc-a344-18af314d7857,2025-10-24 23:23:56.000000,user31,Workday,view,3466,374.35,369e7899-a399-4974-a546-01e8fe52053d,980e07e4-d144-4108-ba59-fa5c2a10374a
7d7597b2-0746-44f2-a2d4-36252ddeeb5f,2025-10-24 23:33:53.000000,user24,Salesforce,upload,3433,287.85,649e2b65-87a6-4a89-9ae0-8809d64f340b,
3d1df7e6-28bc-4cc7-9851-6ed281c19d5d,2025-10-24 23:57:55.000000,user14,Salesforce,upload,1779,268.05,8fe26c78-aee1-46d3-9aa7-3d81a9068bdc,bd4f4977-d6d5-4fbf-b61a-4069e21339a2
d5eb137b-9173-41bd-864a-c9ec31b01d9b,2025-10-25 00:03:08.000000,user24,SAP,upload,2486,314.63,649e2b65-87a6-4a89-9ae0-8809d64f340b,
9649e101-0f74-42e6-8183-fd6458569157,2025-10-25 00:09:53.000000,user24,GitHub,modify,362,468.88,649e2b65-87a6-4a89-9ae0-8809d64f340b,765a447d-23f3-420f-8ccc-869682af644d
3fff2b3c-51ec-4f56-a05c-f3829407b773,2025-10-25 00:34:07.000000,user32,GitHub,modify,680,263.24,81201c34-da4d-4d5e-8af4-2708858cf76e,
c9311b34-23db-4c64-ad39-50fbad65ed6a,2025-10-25 00:38:01.000000,user15,Workday,upload,324,383.98,7321db51-4b40-4d1b-8ccf-6a49d065a0e6,8a2a3a6d-56fb-4952-a8a5-7a3c4b9bdc9d
2e0aa9b4-52ad-4977-bfa8-7893552001f4,2025-10-25 01:41:45.000000,user24,Jira,upload,2231,354.56,649e2b65-87a6-4a89-9ae0-8809d64f340b,
862e02cb-feec-4def-b6fe-9d685ae3ea22,2025-10-25 02:12:35.000000,user40,Snowflake,view,2347,477.75,ea3c22ae-eaa9-4dbd-8c59-ecbb4123f4af,
a79a9e5e-3635-4d6d-8563-a8acbc617225,2025-10-25 02:24:49.000000,user49,Workday,upload,1704,222.78,afcf3fff-4719-4d97-ad1a-6948ddf36981,
d4871efd-b836-408e-876a-46bd3a502511,2025-10-25 02:34:09.000000,user32,GitHub,upload,3313,276.28,a6819ce2-6510-4126-a5b8-4429cffe0a09,
9270a326-c545-491a-8ff6-8997107d2a42,2025-10-25 03:01:34.000000,user40,Databricks,upload,622,64.0,ea3c22ae-eaa9-4dbd-8c59-ecbb4123f4af,3fc68a79-0378-4a04-ad13-338646489999
ef165058-05af-4f25-b376-40d9157328c1,2025-10-25 03:14:30.000000,user40,Workday,modify,279,417.7,ea3c22ae-eaa9-4dbd-8c59-ecbb4123f4af,
34001d99-b7f3-436d-bf78-59d4cdf6f7ac,2025-10-25 03:39:06.000000,user40,Workday,view,381,379.54,ea3c22ae-eaa9-4dbd-8c59-ecbb4123f4af,
fbb5f3fe-08d7-4b26-bbee-047a33cd7308,2025-10-25 04:01:03.000000,user18,Jira,view,2549,445.37,dec93a39-3f0e-43dc-becf-61b1578ffd59,a617ba9c-c2bf-40a7-bca0-c69cf7b2b07a
69927419-4242-48f2-bb53-109c8512066a,2025-10-25 04:02:37.000000,user21,Salesforce,download,1669,493.4,2f5a2964-87ba-4493-b459-c9211a8d933b,
b4992ee3-134e-4acf-b374-aa8460940cfd,2025-10-25 04:52:11.000000,user49,Snowflake,upload,2665,126.88,b71b9c34-8a82-4f7b-90ba-0ed1cfa79645,25164d57-00b3-4fce-9b29-610dad70bedd
4fe0c821-0f91-45a6-9e34-e1d65211d4ad,2025-10-25 05:03:22.000000,user21,GitHub,upload,1146,209.0,2f5a2964-87ba-4493-b459-c9211a8d933b,977d04d1-e85b-4b15-b742-03fad1963760
22ae985f-eff7-4d78-a1a3-c75c0bb4f0b2,2025-10-25 05:06:12.000000,user24,Jira,view,369,402.43,f470c059-200a-467e-89b3-b40ca840ca23,05ab8665-9ba5-4f59-a3a0-ad56b715d38f
12650490-99d0-4719-a2e8-9b11690eb698,2025-10-25 05:11:40.000000,user34,Salesforce,modify,2149,390.53,d879028d-22b4-4085-8c01-5a881a5b1f00,e4c02114-af61-4266-aea9-b42b2a9fc72c
7d04ec70-e234-44d1-9bf7-a088a5cfc3cb,2025-10-25 05:16:46.000000,user15,Snowflake,download,1834,265.16,7321db51-4b40-4d1b-8ccf-6a49d065a0e6,8a2a3a6d-56fb-4952-a8a5-7a3c4b9bdc9d
dd0928b4-90dc-4cff-9fc2-da6b7f6a5333,2025-10-25 05:28:43.000000,user34,GitHub,modify,2783,51.05,d879028d-22b4-4085-8c01-5a881a5b1f00,e4c02114-af61-4266-aea9-b42b2a9fc72c
53b0afac-cd7c-4343-87b8-e4e478f5ab3d,2025-10-25 05:31:56.000000,user49,GitHub,modify,1648,462.66,afcf3fff-4719-4d97-ad1a-6948ddf36981,fd5408ab-ac1f-40b4-b23b-7f4492f36b94
6828ca84-f290-4030-872d-68aaf4759fc9,2025-10-25 05:40:16.000000,user21,Workday,modify,1826,374.13,2f5a2964-87ba-4493-b459-c9211a8d933b,977d04d1-e85b-4b15-b742-03fad1963760
830d15d4-0dd2-47de-99e3-d3d453996b8b,2025-10-25 05:44:51.000000,user34,GitHub,download,1852,217.75,d879028d-22b4-4085-8c01-5a881a5b1f00,d9d3c543-c613-4ed5-ae94-38df532eaf29
022ec74e-d324-42e0-8327-e45d63eb2fa7,2025-10-25 05:48:14.000000,user1,Databricks,upload,1658,239.37,86931eb9-fc66-4958-b21f-69ac60547bda,5ec3fbb0-8551-48bd-bbae-aa6d14c5f1ff
9f97ec78-4bff-4b8e-bd13-863cd7efd8dd,2025-10-25 06:33:40.000000,user27,SAP,view,1072,365.04,75af5bfe-c1c5-49c5-ad89-bb021619d441,1f68baa5-53ee-4992-838e-2c30cac2725a
e7d1f80b-1b9f-40bb-9f29-aa9404cda3ca,2025-10-25 06:35:39.000000,user49,GitHub,download,576,87.3,b71b9c34-8a82-4f7b-90ba-0ed1cfa79645,fd5408ab-ac1f-40b4-b23b-7f4492f36b94
5a95bc9e-addb-4acc-a019-8a25404e4195,2025-10-25 06:36:33.000000,user42,Snowflake,view,348,230.6,2f75d860-83d4-4047-aa75-09f62714a821,4d30ffa7-3086-413f-ab81-ff4a34fafd3a
e132c4c1-7356-448b-84d4-f1853ad47c35,2025-10-25 06:56:54.000000,user1,Snowflake,download,2328,305.15,86931eb9-fc66-4958-b21f-69ac60547bda,5ec3fbb0-8551-48bd-bbae-aa6d14c5f1ff
080e2048-f6f9-4110-bf1b-baec57a445f3,2025-10-25 06:58:43.000000,user24,GitHub,modify,1994,191.4,f470c059-200a-467e-89b3-b40ca840ca23,765a447d-23f3-420f-8ccc-869682af644d
594fedf4-5d00-4a3a-a978-7b3f555e648d,2025-10-25 07:05:05.000000,user34,Databricks,upload,1254,48.89,d879028d-22b4-4085-8c01-5a881a5b1f00,e4c02114-af61-4266-aea9-b42b2a9fc72c
a3b16504-aec3-4e7b-817d-35681f20389d,2025-10-25 07:07:37.000000,user14,Snowflake,upload,3551,205.85,d96154bd-0a96-491d-b12c-ffa3396a2f3c,bd4f4977-d6d5-4fbf-b61a-4069e21339a2
47b35c87-6a46-4f09-b647-73066a9aaa69,2025-10-25 07:09:39.000000,user27,Jira,view,1261,10.1,75af5bfe-c1c5-49c5-ad89-bb021619d441,1f68baa5-53ee-4992-838e-2c30cac2725a
cbe1911e-a9f3-41fd-a76e-29a56a1a1f3d,2025-10-25 07:41:37.000000,user3,Workday,modify,2311,123.7,24938ec5-03de-442f-bcaa-5bac2c134c85,
e5cb78ad-6577-44bc-aecd-da224a9884e0,2025-10-25 07:47:04.000000,user3,GitHub,view,1641,267.45,8330a7a8-fe47-4dcf-9d84-98f903c48061,90c28396-dcce-4d1d-a926-3b230fd7c348
3e5c4bcb-1a98-4345-9dc9-09d1bfef2d63,2025-10-25 07:47:06.000000,user16,Workday,upload,2278,70.24,ca249d7b-b5cf-4348-b83b-0d7d058c8e9c,be8f51ce-eb26-4959-972d-00979150cf6c
fb09fc26-04de-440c-9a4a-19e598ff83e4,2025-10-25 08:01:29.000000,user24,GitHub,view,3280,102.79,f470c059-200a-467e-89b3-b40ca840ca23,765a447d-23f3-420f-8ccc-869682af644d
147f1a0e-6f09-4bd1-aac1-6d330cce1cbd,2025-10-25 08:19:35.000000,user14,SAP,view,3429,291.55,d96154bd-0a96-491d-b12c-ffa3396a2f3c,e729330a-e56c-4456-9106-846fa620239a
0bcd2d77-c94a-4709-ada0-ce2271221ee0,2025-10-25 08:25:31.000000,user3,Databricks,view,1493,484.96,24938ec5-03de-442f-bcaa-5bac2c134c85,3d19837a-c819-4fc5-aeed-111e85b2177b
dd5dd056-0ebe-41ca-aab7-a676547b080b,2025-10-25 08:31:58.000000,user8,Workday,upload,2020,373.67,6137d00f-2dd4-46ef-a45b-63e033371ff2,a3b477cd-e51a-4ab7-b263-c5e202647f6d
516f14d5-8d9e-4f33-b4e3-3a00ec71467e,2025-10-25 08:32:46.000000,user49,Workday,upload,2547,480.51,b71b9c34-8a82-4f7b-90ba-0ed1cfa79645,
a10c96e1-b2ec-474d-84ef-d489d52ad46a,2025-10-25 08:46:47.000000,user49,Salesforce,view,468,300.05,afcf3fff-4719-4d97-ad1a-6948ddf36981,
823d1606-8f07-4289-9fc6-37920dba04f8,2025-10-25 08:48:33.000000,user49,Workday,download,2622,350.56,afcf3fff-4719-4d97-ad1a-6948ddf36981,fd5408ab-ac1f-40b4-b23b-7f4492f36b94
f592ec99-36bf-4aa4-a9ef-0758be0f3219,2025-10-25 08:48:51.000000,user27,Salesforce,upload,200,259.58,75af5bfe-c1c5-49c5-ad89-bb021619d441,
df796dc9-f764-435b-95d2-8aa73f1811ab,2025-10-25 08:55:43.000000,user3,GitHub,download,1072,52.83,8330a7a8-fe47-4dcf-9d84-98f903c48061,
5b858a59-c24d-494f-b0a2-e3528dbb619f,2025-10-25 09:11:43.000000,user20,Jira,download,1675,338.75,3961954a-04fd-4f3f-9b6d-42a7ea2fd32d,4e5f8157-56bd-42e6-be82-b61ecdfb666c
c5b43aa3-05a7-49e3-b0a5-c6f556cbc132,2025-10-25 09:31:45.000000,user24,GitHub,view,905,116.01,27b55f40-ac25-4a23-b54b-e649c6888166,765a447d-23f3-420f-8ccc-869682af644d
7aabcb52-330b-4e7d-92d2-8044dc7e5805,2025-10-25 09:34:44.000000,user8,Snowflake,download,1678,23.11,6137d00f-2dd4-46ef-a45b-63e033371ff2,bd0a371c-614d-4102-9be6-993308df75c8
5913ef05-fb4d-4492-90e0-57096ef3ebba,2025-10-25 09:43:17.000000,user13,Workday,upload,705,246.76,84cfc37c-64ee-4d7b-96ec-19563012696a,
030f0ed3-3c61-4d3a-9fd9-cd3b74d84139,2025-10-25 09:47:51.000000,user14,SAP,upload,941,492.01,d96154bd-0a96-491d-b12c-ffa3396a2f3c,e729330a-e56c-4456-9106-846fa620239a
655b1441-393d-466a-985c-8a7dc98213ea,2025-10-25 10:06:49.000000,user17,GitHub,view,832,352.09,1a737271-a8aa-4155-ad17-002db2afecfc,
38cabbf0-9692-4392-abca-905a757453e8,2025-10-25 10:07:10.000000,user27,SAP,modify,1221,63.12,75af5bfe-c1c5-49c5-ad89-bb021619d441,1f68baa5-53ee-4992-838e-2c30cac2725a
6f59d9c3-f70a-41b1-a70c-da0294d49081,2025-10-25 10:07:19.000000,user24,Jira,modify,1537,439.72,27b55f40-ac25-4a23-b54b-e649c6888166,
9e205689-9eb8-4442-93ec-578b12a533b2,2025-10-25 10:14:41.000000,user46,Snowflake,view,2516,252.93,12273708-7267-4132-b4f1-2393566f5513,aa7e2cc4-be86-4748-a5e4-51c8bf7091f8
f65996b3-c1f6-47b7-a73e-adf799278798,2025-10-25 10:17:48.000000,user14,Jira,view,1511,163.75,d96154bd-0a96-491d-b12c-ffa3396a2f3c,e729330a-e56c-4456-9106-846fa620239a
7c9a6363-abf4-4645-a39c-d45bf0d837cb,2025-10-25 10:31:56.000000,user20,GitHub,view,2032,271.96,3961954a-04fd-4f3f-9b6d-42a7ea2fd32d,4e5f8157-56bd-42e6-be82-b61ecdfb666c
07b13533-e264-4c64-b2e8-197dbbc377a0,2025-10-25 10:55:22.000000,user42,GitHub,download,181,62.21,2f75d860-83d4-4047-aa75-09f62714a821,
d9d4750f-128b-4a4b-9536-6ae3890aa445,2025-10-25 12:06:43.000000,user13,Databricks,download,1689,425.68,84cfc37c-64ee-4d7b-96ec-19563012696a,
2230bd49-e61a-4bc3-bc0c-6d35afb9145c,2025-10-25 12:13:16.000000,user49,Jira,download,2872,121.25,b71b9c34-8a82-4f7b-90ba-0ed1cfa79645,
1ea9ffe3-0f2c-4701-aa64-ecd2692b565f,2025-10-25 12:13:52.000000,user7,Workday,upload,379,107.7,8292ac9e-06f5-440a-aef2-f0b2e962aaf5,
f0fe5e78-8960-4cff-a552-02fcdda9b297,2025-10-25 12:16:50.000000,user49,GitHub,download,1941,63.37,b71b9c34-8a82-4f7b-90ba-0ed1cfa79645,4cee5891-d2d2-40af-b68d-88326854505d
81a734cc-23da-46a4-b46f-fcadfd5a5b8d,2025-10-25 12:23:57.000000,user17,Salesforce,download,1838,384.54,1a737271-a8aa-4155-ad17-002db2afecfc,05aad117-c96c-4b0a-94e1-be69227939d8
5e766176-2fae-40d0-8e85-a10d0d800e1f,2025-10-25 12:35:39.000000,user34,Workday,download,368,461.71,f9c79a9e-ee6e-4ac6-b55a-fbeb9946185d,e4c02114-af61-4266-aea9-b42b2a9fc72c
df7d4293-8b82-4055-82f9-fa21e1ed32c4,2025-10-25 12:38:07.000000,user3,Databricks,upload,651,119.66,8330a7a8-fe47-4dcf-9d84-98f903c48061,90c28396-dcce-4d1d-a926-3b230fd7c348
320e34de-2dc5-4686-961b-cd331f1f650e,2025-10-25 12:39:19.000000,user41,SAP,download,1001,448.57,a6f84e70-b2ea-4e58-9543-c1df33d12838,
aed13aa1-5fbc-4dbf-a34f-b8d73e162f35,2025-10-25 12:40:29.000000,user27,SAP,view,3211,97.51,75af5bfe-c1c5-49c5-ad89-bb021619d441,
bc8ed6d5-19f0-4ce8-a58e-f8b0a6a2cc7d,2025-10-25 12:51:53.000000,user34,Databricks,view,1110,313.68,f9c79a9e-ee6e-4ac6-b55a-fbeb9946185d,
12411598-e439-4a9e-9826-7adea288e1cb,2025-10-25 13:08:38.000000,user49,Jira,view,2637,208.6,a77f8c9f-40d9-421d-9c07-739b907fecc4,fd5408ab-ac1f-40b4-b23b-7f4492f36b94
20bc9f8f-a3f9-47e1-b832-28f12681660d,2025-10-25 13:12:49.000000,user20,Workday,view,1825,375.1,3961954a-04fd-4f3f-9b6d-42a7ea2fd32d,e7cf9b59-1a95-4376-9ce7-59521cf3ad13
897755a8-0163-4b4b-8274-ec8cd118d03b,2025-10-25 13:13:00.000000,user49,SAP,download,1813,55.1,a77f8c9f-40d9-421d-9c07-739b907fecc4,
f99a92b9-ad1a-4ab3-bd65-d00f7914fda4,2025-10-25 13:25:20.000000,user20,GitHub,upload,2814,49.84,3961954a-04fd-4f3f-9b6d-42a7ea2fd32d,4e5f8157-56bd-42e6-be82-b61ecdfb666c
d9d28ee3-b363-4924-8eb5-0468bdec69df,2025-10-25 13:26:55.000000,user20,Workday,upload,2398,405.4,3961954a-04fd-4f3f-9b6d-42a7ea2fd32d,4e5f8157-56bd-42e6-be82-b61ecdfb666c
ba2954af-4f3d-4e1c-926e-6790b3fcd937,2025-10-25 13:41:52.000000,user36,Workday,download,358,130.83,2dd3a2a0-1b5d-4329-a558-364bdd95cf49,b09652bf-7cae-4394-8179-65991dabd0a4
a133daee-869e-4c65-9df8-b9a173598d06,2025-10-25 14:29:51.000000,user36,SAP,upload,621,29.91,2dd3a2a0-1b5d-4329-a558-364bdd95cf49,80af903e-90ac-4904-bfab-6d1fe8545a24
606b601a-6ed3-4328-b3de-3ef89c15f4fb,2025-10-25 14:29:54.000000,user32,GitHub,modify,842,122.22,8caafa53-7e59-4e40-ae69-34e29b915613,d499216e-6b34-4b22-8d23-01502be31083
074949ab-1cfb-446e-8b20-080064d21a21,2025-10-25 14:38:48.000000,user7,GitHub,upload,1203,462.34,8292ac9e-06f5-440a-aef2-f0b2e962aaf5,
ecc3dde3-6aac-49bc-b940-6c8b7876e034,2025-10-25 14:54:57.000000,user49,SAP,download,2672,8.72,7057cd7e-afc0-4f8a-9003-21adf1a8e922,
c937f6c8-77b1-4061-9906-d72016475560,2025-10-25 15:00:18.000000,user49,Snowflake,modify,36,254.57,a77f8c9f-40d9-421d-9c07-739b907fecc4,
a3d47844-34d5-4e9d-a870-a4cc5ba8da57,2025-10-25 15:05:08.000000,user26,Snowflake,modify,3417,335.97,67ad23e0-eaee-43f9-9374-0d883a268c1e,d593038b-c884-4eb3-9ba7-b886d14d7c2e
f4aae91c-1463-4f01-8b4d-fa96ae0f83d1,2025-10-25 15:25:08.000000,user32,Snowflake,view,786,222.02,8caafa53-7e59-4e40-ae69-34e29b915613,
eabdcded-a33c-4c1c-a881-ccba7f0db169,2025-10-25 15:33:42.000000,user24,Snowflake,download,266,227.77,27b55f40-ac25-4a23-b54b-e649c6888166,05ab8665-9ba5-4f59-a3a0-ad56b715d38f
e13ad43e-5aff-4555-8a95-5ac52a85f286,2025-10-25 15:41:19.000000,user7,Salesforce,modify,3482,167.24,8292ac9e-06f5-440a-aef2-f0b2e962aaf5,
d58bd168-64d0-43f7-809e-c6bf30985115,2025-10-25 15:45:53.000000,user41,Snowflake,view,3348,64.0,a6f84e70-b2ea-4e58-9543-c1df33d12838,2577634d-f874-4150-89af-b967463fca91
d3ceeb0a-92d9-4c72-9156-b6c3abb34e98,2025-10-25 16:06:26.000000,user41,Jira,view,2133,87.88,a6f84e70-b2ea-4e58-9543-c1df33d12838,
ed25191e-b1c8-466a-89fb-8841d48fd7e5,2025-10-25 16:11:58.000000,user12,SAP,download,2826,27.49,a4633ef6-e7b7-4c9a-8a29-e674d7060fa8,6aabf794-05b9-4c48-8442-99139fc97c81
6e2ce59e-a2a5-44a5-b800-3a82d82e6211,2025-10-25 16:23:08.000000,user41,SAP,view,609,443.29,a6f84e70-b2ea-4e58-9543-c1df33d12838,
585f8f8e-7426-4ea0-a307-0c3b1fcf562f,2025-10-25 16:45:31.000000,user13,Databricks,view,334,136.78,84cfc37c-64ee-4d7b-96ec-19563012696a,
1729751d-4702-49aa-93ea-c5397ef24a9e,2025-10-25 16:50:12.000000,user36,SAP,download,2131,151.15,2dd3a2a0-1b5d-4329-a558-364bdd95cf49,
a1e5820c-2a8e-4835-b476-e2f6c57707ef,2025-10-25 16:52:01.000000,user7,Jira,upload,1879,481.92,8292ac9e-06f5-440a-aef2-f0b2e962aaf5,
6f3a0442-7c6c-43a2-b012-6511eb67539d,2025-10-25 16:53:26.000000,user15,SAP,modify,3325,182.74,7e05aee7-8b82-4e06-ae72-02f63383d6f7,cdc79272-b601-4476-a796-0b32b4656855
aab65382-7c7a-4bc7-8509-e5eb26d3fab9,2025-10-25 16:57:44.000000,user7,Jira,upload,2897,108.17,8292ac9e-06f5-440a-aef2-f0b2e962aaf5,
7ed0df67-6505-44fe-af3d-2fc5c7cd8e1a,2025-10-25 17:40:19.000000,user26,SAP,upload,3289,200.9,67ad23e0-eaee-43f9-9374-0d883a268c1e,
c276b63b-787d-4e07-af32-85a4ed6ef5e9,2025-10-25 17:49:13.000000,user36,SAP,view,2856,296.96,2dd3a2a0-1b5d-4329-a558-364bdd95cf49,
d07f90a8-bcb1-4361-a062-41d647fe9954,2025-10-25 18:02:58.000000,user23,Salesforce,download,2327,25.61,3613d930-4688-4a5b-a5c4-6a529573e196,7178f43c-59c7-4c7b-ab22-b62b34b9a955
cae3c9d8-466a-4935-84c8-4ef970a9af89,2025-10-25 18:04:02.000000,user49,Jira,modify,3062,302.25,a77f8c9f-40d9-421d-9c07-739b907fecc4,8eed878c-c6cc-49c2-9966-aa4d9176ba88
ea444a66-0fb9-432d-b1a6-aa639a006439,2025-10-25 18:15:39.000000,user21,SAP,view,2284,354.21,a4da6187-1b36-49eb-8f70-c67216988cbd,0e082e8b-b6fe-4b3e-beca-4feaeba7651d
15002a3d-7a08-4b8f-bf9a-2f7149bfc90f,2025-10-25 19:12:58.000000,user33,Snowflake,modify,2641,450.76,e3dbe7c2-97b8-4e5f-a2e0-ef054636b9a2,
b43f7924-e00e-492b-9457-2abaaa536b1a,2025-10-25 19:44:38.000000,user26,Snowflake,view,1673,19.47,67ad23e0-eaee-43f9-9374-0d883a268c1e,5e2b1b47-b4ed-47fe-b1c2-f3ebbbd02a02
0ca1dd1d-7de9-4bdb-b9f1-e442867d202f,2025-10-25 19:49:02.000000,user37,Jira,view,2048,464.54,1b919659-e000-4256-b80d-c02709b7d19e,951ac8f2-d9d9-481a-ae43-df01758bc9a2
5fe432aa-d32f-40bb-ad31-6a1d76b54211,2025-10-25 19:58:08.000000,user12,Jira,view,1923,139.36,a4633ef6-e7b7-4c9a-8a29-e674d7060fa8,6aabf794-05b9-4c48-8442-99139fc97c81
a306920e-13d0-4dab-a389-554da6a8f61e,2025-10-25 19:59:44.000000,user6,Snowflake,download,1513,224.87,50143f8d-530f-4272-adc1-d0413e79c75f,29e73c4d-2921-4a3e-b7a3-b8ab3b14a5a0
2855362d-1c64-4980-9b8b-b37c675becb5,2025-10-25 20:02:14.000000,user12,Salesforce,view,799,199.16,a4633ef6-e7b7-4c9a-8a29-e674d7060fa8,6aabf794-05b9-4c48-8442-99139fc97c81
fd6f82c0-68d0-41c6-ab5d-d087932a56d5,2025-10-25 20:09:33.000000,user49,Workday,upload,3290,399.0,7057cd7e-afc0-4f8a-9003-21adf1a8e922,8eed878c-c6cc-49c2-9966-aa4d9176ba88
f0d01fa8-233f-4fc5-bf00-ac5ff2024bf8,2025-10-25 20:11:58.000000,user49,Jira,download,219,366.42,a77f8c9f-40d9-421d-9c07-739b907fecc4,69643a0d-af4f-44ea-9a28-a7ed58e098de
3cf51022-6bff-4b9e-afe6-aab42f0cb5f9,2025-10-25 20:24:57.000000,user47,GitHub,view,560,127.57,6f198e40-12b7-410b-a2e8-2bc9f5a5359b,
4d3bab8b-da3b-40cd-bb85-2048f25df7a6,2025-10-25 20:34:45.000000,user37,Databricks,modify,805,44.3,1b919659-e000-4256-b80d-c02709b7d19e,7cf88bf6-9aab-4ca7-83e1-f637c8ff2d9d
3cefea40-2339-4c40-8b5d-d5cb5f12de1c,2025-10-25 20:37:18.000000,user6,Salesforce,view,609,432.55,50143f8d-530f-4272-adc1-d0413e79c75f,
3091c842-f5dc-47b7-a2ec-0629963ef913,2025-10-25 20:49:03.000000,user37,SAP,download,2349,289.52,1b919659-e000-4256-b80d-c02709b7d19e,951ac8f2-d9d9-481a-ae43-df01758bc9a2
403ba7dd-9178-48d3-b7b9-7f6e5f65c67b,2025-10-25 22:00:27.000000,user47,SAP,upload,885,120.29,6f198e40-12b7-410b-a2e8-2bc9f5a5359b,
e350561a-e660-4d65-9c1f-1f0c1044d2e7,2025-10-25 22:25:04.000000,user48,SAP,download,2800,317.88,977cdaba-77d1-4a34-be4c-12b817a9898f,
f4bca2f3-a929-4cf3-aa29-8f1afecc7afd,2025-10-25 22:26:49.000000,user48,GitHub,download,3095,414.53,977cdaba-77d1-4a34-be4c-12b817a9898f,
811d5edb-b7f9-4303-ab55-812d1d281926,2025-10-25 22:46:32.000000,user6,Salesforce,modify,3126,252.24,50143f8d-530f-4272-adc1-d0413e79c75f,8920d329-190c-4281-8363-6c207e82825a
741bc26d-6b70-4d50-8534-6b16285f932f,2025-10-25 23:02:01.000000,user37,Snowflake,view,697,367.47,1b919659-e000-4256-b80d-c02709b7d19e,0a98e4d6-606a-49fb-9b7e-74dd21a77842
b1155b46-c39c-4bd4-8a9c-3b3ea12b7dbf,2025-10-25 23:24:11.000000,user47,Workday,download,3159,416.53,6f198e40-12b7-410b-a2e8-2bc9f5a5359b,d6de783a-8c3d-4581-a0e1-683af840b183
e2e25086-14c6-4e14-88d4-ea27aa4cb8b3,2025-10-25 23:43:51.000000,user43,Jira,upload,3586,170.8,07ca3f9d-86e8-4f76-9368-c7379bcc0057,
86ce6cd1-03ba-429e-8fc4-4eb7dfca1906,2025-10-25 23:47:00.000000,user21,Databricks,download,3289,2.72,a4da6187-1b36-49eb-8f70-c67216988cbd,
99bc80e4-5840-4262-82bf-2f0b517ee230,2025-10-26 00:00:02.000000,user36,GitHub,view,3135,102.41,4ae5b5b2-1afb-41d2-8d74-b0a0f3e93995,b09652bf-7cae-4394-8179-65991dabd0a4
3047c787-1b32-48e6-b5a5-08c6dd1c3c63,2025-10-26 00:35:45.000000,user6,Jira,upload,1414,459.22,50143f8d-530f-4272-adc1-d0413e79c75f,29e73c4d-2921-4a3e-b7a3-b8ab3b14a5a0
302ab652-356a-4214-abdd-65ae011b7337,2025-10-26 00:36:20.000000,user48,Jira,view,68,194.5,977cdaba-77d1-4a34-be4c-12b817a9898f,
9c54608b-8826-413b-9105-286056558b4d,2025-10-26 02:02:12.000000,user43,Workday,download,3001,401.19,07ca3f9d-86e8-4f76-9368-c7379bcc0057,
6981fd15-a0fa-40e7-b270-7038ad49a0f1,2025-10-26 02:10:49.000000,user36,Jira,upload,1919,75.78,4ae5b5b2-1afb-41d2-8d74-b0a0f3e93995,b09652bf-7cae-4394-8179-65991dabd0a4
a53932f9-db07-4b4f-a637-ff2d305e4bce,2025-10-26 02:13:25.000000,user47,Databricks,view,1444,205.99,0d7e9957-8cfb-4e20-8a83-b9e1cdd3e48e,d6de783a-8c3d-4581-a0e1-683af840b183
a729256a-fea6-44d0-80e8-08bfdbcaa4db,2025-10-26 02:15:09.000000,user10,Workday,modify,1494,62.48,c79ce59f-63c0-48b8-a842-5b30e1fe28b7,b020f5ef-0f58-4e3a-ac57-33b8d9bd22c7
088360dc-f7ab-4867-861b-9a0b399dddc3,2025-10-26 02:15:23.000000,user47,Snowflake,download,1067,270.89,6f198e40-12b7-410b-a2e8-2bc9f5a5359b,5700cae1-3fcb-43fd-8045-cf86217de7a9
c0287638-3af1-44ca-ab09-6551b367b775,2025-10-26 02:19:33.000000,user50,GitHub,upload,3318,239.18,ea3061d2-8d80-4aea-9c19-1abfc38e081b,
ada886fb-0337-46fa-949e-b69f1e84072a,2025-10-26 02:42:35.000000,user21,Workday,upload,1069,266.0,01fb985c-0072-4a0a-8029-af7e7696ef34,
36e267c6-2c13-44b0-8414-8b9f8fee15d9,2025-10-26 02:52:45.000000,user40,SAP,modify,3575,476.98,06b9d2cc-63bc-4b99-8470-8d0ead31113b,
0d62b2f4-7599-4650-a5e6-1a01248f481d,2025-10-26 03:08:51.000000,user10,Workday,download,315,335.37,c79ce59f-63c0-48b8-a842-5b30e1fe28b7,
2b7d1329-72b3-4b05-9e48-8478e79dcd5b,2025-10-26 03:09:35.000000,user40,Jira,view,2589,384.0,06b9d2cc-63bc-4b99-8470-8d0ead31113b,
f32b5506-b455-42a0-a068-ba4214e2ea0e,2025-10-26 03:14:00.000000,user36,Databricks,modify,1616,341.88,4ae5b5b2-1afb-41d2-8d74-b0a0f3e93995,
ada8644a-5d86-4d74-8c6f-f743019561a2,2025-10-26 03:27:39.000000,user40,Jira,download,2471,187.92,06b9d2cc-63bc-4b99-8470-8d0ead31113b,
4ad90943-6962-43df-b4bf-e3a1c4d02485,2025-10-26 03:47:31.000000,user43,Salesforce,upload,2214,429.53,07ca3f9d-86e8-4f76-9368-c7379bcc0057,
2ea306ef-45fe-4f35-8429-b512ddfb4d2a,2025-10-26 03:49:29.000000,user35,Databricks,view,1050,443.97,92a71eae-52af-4bb5-b3ab-c105bf64f17f,d320074d-1f8d-4a8d-9be0-5d38efb2846e
9c563e7b-7c17-4ae1-aa3f-7fa72e641bde,2025-10-26 04:02:21.000000,user48,Snowflake,download,3144,118.93,977cdaba-77d1-4a34-be4c-12b817a9898f,
1e339978-a7e5-4288-a488-e1b6615af685,2025-10-26 04:19:45.000000,user2,SAP,view,1663,306.37,e8618880-a32d-42f0-b9b9-a76ef1665963,
d83e4ebc-a24c-48ee-80f2-18b450d49c64,2025-10-26 04:22:35.000000,user43,Snowflake,upload,1615,10.75,07ca3f9d-86e8-4f76-9368-c7379bcc0057,
5cdbc6eb-fef8-43e2-a4a3-db7f12ac2713,2025-10-26 04:35:09.000000,user50,Snowflake,download,2389,236.86,ea3061d2-8d80-4aea-9c19-1abfc38e081b,f3c0d464-4948-4d9f-b157-ad50e7728df2
7db62999-bac2-4c96-8a0e-2decc7b974f0,2025-10-26 04:42:21.000000,user50,Snowflake,download,2464,389.95,ea3061d2-8d80-4aea-9c19-1abfc38e081b,f3c0d464-4948-4d9f-b157-ad50e7728df2
842b39a5-8e2d-4f09-9a1e-f5f2be9645bc,2025-10-26 04:51:54.000000,user17,Jira,upload,3067,209.01,4223701c-2663-4b39-bb83-762124ef858d,05aad117-c96c-4b0a-94e1-be69227939d8
df526fad-bf99-4fb5-920b-b86c6e255fa4,2025-10-26 05:29:01.000000,user41,Salesforce,view,1357,124.54,58827cbe-286e-4f8e-b4b0-02460e16ed9b,
3f1231a0-c841-4e0f-aaf3-c87585f4c7b7,2025-10-26 05:34:38.000000,user11,Salesforce,view,1959,3.24,de1326d7-df4f-4d31-ad56-f6ac347e37a2,5362b7a8-b5c7-4d77-8476-38ee2d8b5a3d
23515745-254c-419f-b6e3-22896f33bb55,2025-10-26 05:37:36.000000,user2,Snowflake,download,2348,492.47,e8618880-a32d-42f0-b9b9-a76ef1665963,
9301ca31-0cd6-4156-90ac-3d1cfc918b8a,2025-10-26 05:49:31.000000,user15,Workday,modify,2241,405.74,44f56b2b-50d9-42de-b33c-d1e2cebb7a3b,
c142500b-df63-46cb-9cdc-ec5d01d0b813,2025-10-26 05:57:49.000000,user40,Snowflake,modify,2157,66.98,06b9d2cc-63bc-4b99-8470-8d0ead31113b,
74b51601-13cf-4af8-a38c-97bff6f4327f,2025-10-26 06:13:23.000000,user11,Databricks,modify,3022,351.95,de1326d7-df4f-4d31-ad56-f6ac347e37a2,5362b7a8-b5c7-4d77-8476-38ee2d8b5a3d
796346e5-ceae-4e2c-b655-1e035ffea703,2025-10-26 06:31:01.000000,user10,Databricks,view,1696,270.28,c79ce59f-63c0-48b8-a842-5b30e1fe28b7,30f8db48-b936-4be4-bb40-c5a55095e394
4e399042-91f6-4238-8fd7-ef353415d8f6,2025-10-26 06:51:45.000000,user25,Databricks,download,942,249.0,a6c04091-8685-4673-9fe3-0617d20fff40,f1ec4e04-5372-4d8a-ad2e-3e8e813410ca
fd987076-a310-4982-aac3-914324b797f2,2025-10-26 07:20:25.000000,user2,GitHub,upload,1582,12.26,e8618880-a32d-42f0-b9b9-a76ef1665963,
a0c8e9dc-9ebf-4415-8e9c-4d4ae16f08fd,2025-10-26 07:25:13.000000,user10,GitHub,modify,701,116.68,c79ce59f-63c0-48b8-a842-5b30e1fe28b7,
dad12232-bf44-474f-a468-717df701ec17,2025-10-26 07:25:33.000000,user2,Salesforce,upload,1023,241.71,e8618880-a32d-42f0-b9b9-a76ef1665963,c7eb3396-3b92-48f5-a887-07c4ee0ae05f
e87a1365-391f-4bb7-b485-1da5a4ac277c,2025-10-26 07:29:33.000000,user41,Databricks,view,506,480.96,58827cbe-286e-4f8e-b4b0-02460e16ed9b,db54061e-7e8b-4fda-961a-ac932084ff43
eaa608d6-ab2f-4663-8ec5-bcb3f01ee18a,2025-10-26 07:38:40.000000,user15,Jira,download,1298,150.91,44f56b2b-50d9-42de-b33c-d1e2cebb7a3b,71ba483e-4317-420c-a13e-33f3a27365eb
5a4317f4-0b70-4ebb-b0b8-8d3d029bd376,2025-10-26 07:42:17.000000,user10,Databricks,view,3256,72.41,c79ce59f-63c0-48b8-a842-5b30e1fe28b7,
6e02e811-6e74-4ee2-83ea-d3b602cf1fb5,2025-10-26 07:48:58.000000,user35,Salesforce,upload,2324,201.24,92a71eae-52af-4bb5-b3ab-c105bf64f17f,d320074d-1f8d-4a8d-9be0-5d38efb2846e
f6e1f03f-396d-4f49-a51c-f30774297c67,2025-10-26 07:55:54.000000,user2,Jira,download,1353,389.49,e8618880-a32d-42f0-b9b9-a76ef1665963,c7eb3396-3b92-48f5-a887-07c4ee0ae05f
2cefc46f-ada8-4ca6-bded-4ffe9009be76,2025-10-26 08:22:18.000000,user16,GitHub,download,1730,66.67,0dee6c66-32ca-480e-bb1e-accd4339c9fe,
96195ea3-a048-492e-b355-865f87f6a69d,2025-10-26 08:27:07.000000,user11,Databricks,download,1308,169.9,de1326d7-df4f-4d31-ad56-f6ac347e37a2,5362b7a8-b5c7-4d77-8476-38ee2d8b5a3d
d3675d5e-f08e-4f60-931d-a901f9a83f1f,2025-10-26 08:55:16.000000,user3,SAP,view,2346,216.71,fa35dc9a-bbbf-4f19-a29d-f43411f7d065,3d19837a-c819-4fc5-aeed-111e85b2177b
7f5fc544-1828-418d-81d4-9a0ce588ce1b,2025-10-26 08:58:29.000000,user19,Salesforce,modify,3118,238.83,d2f58b13-8835-48ef-bc3a-45a76104b53b,
dd73730b-300b-4577-a540-526c842c4612,2025-10-26 09:04:30.000000,user15,Databricks,download,861,413.36,44f56b2b-50d9-42de-b33c-d1e2cebb7a3b,cdc79272-b601-4476-a796-0b32b4656855
e4c4892d-9146-4782-88f4-9c1c13c62639,2025-10-26 09:34:18.000000,user41,Databricks,upload,1394,400.56,58827cbe-286e-4f8e-b4b0-02460e16ed9b,
76843fad-f774-4518-97eb-4c99bba57995,2025-10-26 09:36:39.000000,user19,Snowflake,modify,2281,362.19,d2f58b13-8835-48ef-bc3a-45a76104b53b,d379d841-2571-4487-84cb-60cf215d14df
daae05d5-e05e-474c-9854-2a54f848ca82,2025-10-26 09:36:46.000000,user41,Workday,view,1078,84.19,58827cbe-286e-4f8e-b4b0-02460e16ed9b,
6d7b88ed-4c54-4ad1-a3d1-8b8ff182faaf,2025-10-26 09:46:18.000000,user10,Workday,download,371,141.93,47ab58de-6858-4f78-9b04-2aa07a8f8514,30f8db48-b936-4be4-bb40-c5a55095e394
9fc865cd-291c-484b-9f15-4ab1d33de5c7,2025-10-26 10:01:32.000000,user17,Jira,view,2001,267.74,3f03ccc9-8b52-4761-94ea-cd6c9af054cb,
addd50eb-9e3f-4584-b8a8-68ccbbe8b299,2025-10-26 10:08:47.000000,user36,Salesforce,modify,2727,432.58,747c3078-7024-4c8c-a0fb-d4f1cd773d4f,b09652bf-7cae-4394-8179-65991dabd0a4
dfd2b655-c595-46bc-be94-53b305af3be9,2025-10-26 10:17:34.000000,user15,Workday,upload,2354,181.78,44f56b2b-50d9-42de-b33c-d1e2cebb7a3b,ed51d483-4921-415b-a0da-e0550109e071
b0fb01c0-3eba-4dc2-91df-dc87a8549509,2025-10-26 10:28:38.000000,user41,Jira,download,2259,199.05,58827cbe-286e-4f8e-b4b0-02460e16ed9b,
a2608866-cb55-429f-b20a-b58421b5981e,2025-10-26 10:34:07.000000,user10,Workday,download,1399,415.41,47ab58de-6858-4f78-9b04-2aa07a8f8514,
2c23e152-8933-4011-9541-6c7151dfad3b,2025-10-26 10:35:39.000000,user4,Databricks,modify,1673,243.23,10e4f644-13b0-40ca-96bf-dae8a513b6af,e9acb8dc-11af-4ad8-94dc-1b6fd2bb69fd
6ce1aba9-dbf3-4698-b65b-4debf2068911,2025-10-26 10:50:32.000000,user17,Workday,view,1486,86.39,3f03ccc9-8b52-4761-94ea-cd6c9af054cb,53eb2470-ba66-4ff5-9bf3-a6036ab5abb3
80ab50a4-7fc4-4aeb-96e7-6fb36842e6ce,2025-10-26 11:51:10.000000,user4,Jira,view,3288,44.87,10e4f644-13b0-40ca-96bf-dae8a513b6af,e9acb8dc-11af-4ad8-94dc-1b6fd2bb69fd
9a92ebad-740e-428b-9774-d97b5fb192fd,2025-10-26 12:09:08.000000,user19,SAP,modify,2344,225.53,d2f58b13-8835-48ef-bc3a-45a76104b53b,c4c20f60-5934-42d2-b3a6-68be730a140e
e69196c6-df32-426d-8466-4b83ed2783a3,2025-10-26 12:11:34.000000,user50,SAP,upload,3552,152.85,dacd5955-02fe-404f-ad63-a6e24ccfa09f,f3c0d464-4948-4d9f-b157-ad50e7728df2
70c1bdd3-6d51-4f23-8bc8-a60823523259,2025-10-26 12:13:59.000000,user9,SAP,download,995,380.1,cc5550f5-b9d3-4541-82c4-8cbf8ecf90eb,f7f082aa-22ff-4499-b8de-2910f5c99df9
60da01c6-0088-4779-a7a6-e2d6c3d7ab5a,2025-10-26 12:15:16.000000,user9,Workday,upload,781,150.21,cc5550f5-b9d3-4541-82c4-8cbf8ecf90eb,285b9f7c-851c-43d9-98c4-a29939c3551a
81bf1c3d-a9cd-4bc7-9e98-8c298ee08a23,2025-10-26 12:20:51.000000,user11,GitHub,upload,1531,473.61,de1326d7-df4f-4d31-ad56-f6ac347e37a2,b6818fc6-5371-4bc5-92be-7aa3cd1765a9
71680081-7d0b-4114-9e4a-07ba5c1e0748,2025-10-26 12:37:37.000000,user8,Jira,download,2874,389.82,75d03dbd-dc91-493d-a01f-e630405245fd,7f87cd67-a4cc-4db4-b723-7735af8ec4b1
f412eb1b-18f6-4feb-be80-a63d44a2f1a8,2025-10-26 12:38:49.000000,user9,Salesforce,modify,2868,35.97,cc5550f5-b9d3-4541-82c4-8cbf8ecf90eb,b67adbb1-c83d-4400-adcc-be26c44f33a2
77058b97-6355-4716-bb33-2a992d425a3d,2025-10-26 12:43:36.000000,user8,Salesforce,modify,165,111.19,75d03dbd-dc91-493d-a01f-e630405245fd,c6d66ac6-92de-4c90-8ec3-ed962205cfb2
84e22cec-d981-492f-98d1-38b7711f331b,2025-10-26 12:51:07.000000,user4,Databricks,modify,2851,278.14,10e4f644-13b0-40ca-96bf-dae8a513b6af,
9ed8764b-4bcb-43ac-8b99-ebbc2051ef6a,2025-10-26 13:31:28.000000,user50,Workday,upload,942,447.27,dacd5955-02fe-404f-ad63-a6e24ccfa09f,
4e1094a9-52c4-4029-b2c2-b266783ebbbf,2025-10-26 13:35:18.000000,user4,SAP,upload,637,233.91,38038cfe-3d43-479a-a998-800f5346fb8a,
325d5bc7-dedb-463d-b609-396685acc1a4,2025-10-26 13:40:09.000000,user10,GitHub,upload,1351,405.47,47ab58de-6858-4f78-9b04-2aa07a8f8514,1c51181e-a3fa-45cb-bad5-7de71970c000
8d62430f-1df2-4a17-8e32-3804b5fbf3bc,2025-10-26 14:02:39.000000,user4,Snowflake,download,785,409.98,38038cfe-3d43-479a-a998-800f5346fb8a,
6fe81ada-c3be-48ab-a513-03dd69f58459,2025-10-26 14:07:55.000000,user17,GitHub,upload,729,412.79,3f03ccc9-8b52-4761-94ea-cd6c9af054cb,8fba1cc0-ed98-4402-bf99-afe91cc015ed
0a8181d5-8769-4e0b-aaa1-98e814e3fd55,2025-10-26 14:24:13.000000,user3,Jira,modify,143,309.1,fa35dc9a-bbbf-4f19-a29d-f43411f7d065,
b15cb72e-a3eb-4cb2-9eba-5faacb512165,2025-10-26 14:30:03.000000,user28,Workday,modify,920,489.47,ba29620a-4ab7-449b-88c3-d1eb99bf7b86,
5b18fdb1-1d08-4853-ae8d-756a100ecc03,2025-10-26 14:39:40.000000,user50,Salesforce,download,1512,238.8,dacd5955-02fe-404f-ad63-a6e24ccfa09f,f3c0d464-4948-4d9f-b157-ad50e7728df2
000e2d38-d9a0-4c9a-b23e-5d86a63d4c04,2025-10-26 14:54:55.000000,user17,Salesforce,modify,856,7.69,3f03ccc9-8b52-4761-94ea-cd6c9af054cb,05aad117-c96c-4b0a-94e1-be69227939d8
0fa71706-6e6d-46f4-99ec-4f7e1036a191,2025-10-26 15:09:24.000000,user4,SAP,upload,3430,315.14,38038cfe-3d43-479a-a998-800f5346fb8a,e9acb8dc-11af-4ad8-94dc-1b6fd2bb69fd
f177017f-ea8b-42ec-bef9-799174a831f6,2025-10-26 15:21:34.000000,user20,Snowflake,view,2910,485.72,14748ab2-6eee-4f78-891e-f5bd77c3a053,4e5f8157-56bd-42e6-be82-b61ecdfb666c
7136f72d-e74b-4395-b593-9e58ec88a01a,2025-10-26 15:36:17.000000,user31,Salesforce,modify,2995,352.96,4a62d27e-e9a6-49bc-bb6b-865a4ac8eb3d,f08634f1-d84e-4db9-85f2-283d0c58861f
54420309-c8af-4f9a-baaf-d9595673afe1,2025-10-26 15:36:26.000000,user3,Salesforce,view,2573,317.5,fa35dc9a-bbbf-4f19-a29d-f43411f7d065,2adbf33c-7222-4936-b576-eb0d44d3d244
08c13b05-84aa-46ab-9d8e-ad3ab6ebfdce,2025-10-26 16:10:16.000000,user16,Snowflake,download,2893,177.81,1bd14850-223c-4637-ba2d-861637d894cd,394e941a-eb5b-47f1-9000-384f5851e633
d32ee8c4-fd3b-43da-aa77-152bc521dd07,2025-10-26 16:36:44.000000,user35,Jira,download,237,313.62,e7248223-f357-4d2b-bd47-a1d5e60aee41,d320074d-1f8d-4a8d-9be0-5d38efb2846e
7d6f38c9-c643-4aa0-a491-c52f756ef733,2025-10-26 16:39:33.000000,user4,GitHub,download,3578,164.8,38038cfe-3d43-479a-a998-800f5346fb8a,e9acb8dc-11af-4ad8-94dc-1b6fd2bb69fd
ce493ef6-fb17-44f0-9538-310788b02ff4,2025-10-26 16:52:42.000000,user9,Salesforce,download,679,193.35,cc5550f5-b9d3-4541-82c4-8cbf8ecf90eb,285b9f7c-851c-43d9-98c4-a29939c3551a
8aee0fa9-9306-407e-82af-c6e5a20964fd,2025-10-26 16:53:55.000000,user50,Jira,modify,3108,129.68,dacd5955-02fe-404f-ad63-a6e24ccfa09f,
69cb8a8d-7536-4d79-bbab-a9facdb3cffc,2025-10-26 17:12:29.000000,user31,Jira,modify,3478,369.04,4a62d27e-e9a6-49bc-bb6b-865a4ac8eb3d,9d319081-fa17-4ebb-9222-6579bbccd83e
9ac1748a-1ede-45e5-ab3c-7e241286ceed,2025-10-26 17:25:28.000000,user31,SAP,upload,751,321.01,4a62d27e-e9a6-49bc-bb6b-865a4ac8eb3d,4c01fc74-1a84-43b1-acb2-dd228eae6280
461f1fdf-363b-47e3-8d43-04791eca9b16,2025-10-26 17:44:45.000000,user17,Jira,view,3571,420.51,50f30d67-4c53-4483-a9d5-eb1d88a17354,8fba1cc0-ed98-4402-bf99-afe91cc015ed
8cdc7cad-5f0b-4932-afaa-46f0647cac44,2025-10-26 18:06:38.000000,user20,Snowflake,modify,1136,464.12,9e060691-eeeb-4973-b783-1b88c5a6c1a9,4e5f8157-56bd-42e6-be82-b61ecdfb666c
acceef19-c4b7-44e9-8f03-8fcf5f0e6e09,2025-10-26 18:15:26.000000,user4,Snowflake,view,2627,33.82,38038cfe-3d43-479a-a998-800f5346fb8a,
dab41732-f8cd-486f-9084-9eac5d12afc5,2025-10-26 18:15:31.000000,user28,Salesforce,download,2833,208.3,ba29620a-4ab7-449b-88c3-d1eb99bf7b86,53c810ba-f7d2-45b4-9eb3-14ee943ece9e
23cd7da3-bc68-4815-abf0-c329b4cec5e6,2025-10-26 18:54:54.000000,user28,Jira,upload,700,79.8,ba29620a-4ab7-449b-88c3-d1eb99bf7b86,53c810ba-f7d2-45b4-9eb3-14ee943ece9e
593fc932-3f89-4116-a4bd-fd91ed414423,2025-10-26 20:08:43.000000,user20,Jira,upload,73,22.31,14748ab2-6eee-4f78-891e-f5bd77c3a053,
a80daae7-1055-4663-8ad3-ab92d1534ce5,2025-10-26 20:40:54.000000,user20,GitHub,modify,3565,297.97,14748ab2-6eee-4f78-891e-f5bd77c3a053,e7cf9b59-1a95-4376-9ce7-59521cf3ad13
3b8405d3-191c-4af9-80a0-876f3efc1ef9,2025-10-26 20:42:04.000000,user20,Workday,modify,3068,151.3,14748ab2-6eee-4f78-891e-f5bd77c3a053,2d739fb0-5a1b-4bc7-ab27-6a1a2921319d
c38b90f8-3fc9-4243-844f-d8f122bab187,2025-10-27 01:53:46.000000,user36,SAP,download,2436,10.59,6eb221b1-3f1f-4708-b6e4-d21ccc3b5067,
16c10c18-2903-4546-b8d7-f0639f96c9e9,2025-10-27 02:01:15.000000,user36,SAP,modify,3270,495.68,6eb221b1-3f1f-4708-b6e4-d21ccc3b5067,
37147b00-6590-400f-8275-87bf8ac14bfb,2025-10-27 04:43:25.000000,user23,Jira,view,1527,473.66,6596a3f5-86a8-471b-81db-3c9a1f3884b5,7178f43c-59c7-4c7b-ab22-b62b34b9a955
1c5db9b6-b99b-4344-b0aa-d9a291473056,2025-10-27 04:46:22.000000,user36,GitHub,download,841,124.81,5d72a47d-e98a-49b6-8b54-d0d4c22f8123,80af903e-90ac-4904-bfab-6d1fe8545a24
3d4bd222-b750-4441-a467-8ffe9258ed90,2025-10-27 05:19:59.000000,user35,Workday,upload,2368,113.09,1ca45242-267a-433d-9da7-868c5e63cc0c,d320074d-1f8d-4a8d-9be0-5d38efb2846e
5f52bed7-b3c3-4ebd-b76b-43288328c852,2025-10-27 05:43:42.000000,user29,Databricks,download,674,28.43,69d8c7d9-56dc-46f0-b16d-27424d505e54,abf2f8a5-ad48-48c7-84c1-ca097da1e4c4
de0f5a75-bc19-4ba5-b684-c1c7be504fbd,2025-10-27 06:30:19.000000,user8,Workday,view,569,161.05,c22fc042-d71c-4690-971c-8a71b12fa1e8,c6d66ac6-92de-4c90-8ec3-ed962205cfb2
bdbc86e4-8b11-45f9-843c-bfda9e89d8e6,2025-10-27 06:40:43.000000,user23,Jira,view,544,125.02,6596a3f5-86a8-471b-81db-3c9a1f3884b5,7178f43c-59c7-4c7b-ab22-b62b34b9a955
529fccdb-a4a2-4d34-86bc-d1c6723ca8af,2025-10-27 07:16:20.000000,user29,Databricks,upload,3135,238.35,69d8c7d9-56dc-46f0-b16d-27424d505e54,abf2f8a5-ad48-48c7-84c1-ca097da1e4c4
0e97c822-ec36-406d-83c8-2021026e4e39,2025-10-27 07:33:58.000000,user36,Databricks,modify,236,91.21,5d72a47d-e98a-49b6-8b54-d0d4c22f8123,b09652bf-7cae-4394-8179-65991dabd0a4
38246bef-5085-4deb-bc79-af47d092dfda,2025-10-27 07:59:32.000000,user11,SAP,upload,117,175.3,800b10fb-1b15-4b5a-ad0e-0bdb92c79be8,
6f5a4eba-478e-401d-ab5b-ab007f50aed5,2025-10-27 08:55:45.000000,user43,Jira,view,3081,205.85,f84988f1-d814-40b6-be45-284d4b88b752,
db9c8a7d-60c1-4895-b354-6938d8409dc8,2025-10-27 09:37:18.000000,user8,GitHub,view,1149,76.79,c22fc042-d71c-4690-971c-8a71b12fa1e8,bd0a371c-614d-4102-9be6-993308df75c8
c0faae11-cc08-48d2-a17c-7ec7c42901a5,2025-10-27 10:26:57.000000,user36,Snowflake,modify,1038,10.83,5d72a47d-e98a-49b6-8b54-d0d4c22f8123,
05cb6228-4a9b-4134-bfae-acea1b5eebc1,2025-10-27 11:17:16.000000,user10,Salesforce,download,2081,404.53,3eff200c-bf52-4e53-9157-fed2e6a1dde7,2090defb-2e0b-42d6-8ae8-5789cd5e86a2
266c44c9-29cb-450a-93f0-e95cad226698,2025-10-27 11:19:58.000000,user11,Jira,view,1394,346.31,800b10fb-1b15-4b5a-ad0e-0bdb92c79be8,
9fc6f0df-8ae0-4afd-a234-f01a79c92d02,2025-10-27 11:38:46.000000,user43,Jira,download,329,157.02,f84988f1-d814-40b6-be45-284d4b88b752,ab46a1b3-faa6-482d-9df1-3989e8a221f4
64cbb8f8-ea72-4814-9c86-687384b24af9,2025-10-27 12:29:02.000000,user11,GitHub,upload,3151,487.08,800b10fb-1b15-4b5a-ad0e-0bdb92c79be8,423c984e-e471-41d8-9520-6c2b9048f7f0
8c5e5f23-5081-4c6f-8f4e-385dad0e0fbe,2025-10-27 12:31:37.000000,user8,GitHub,download,1281,36.53,c22fc042-d71c-4690-971c-8a71b12fa1e8,c6d66ac6-92de-4c90-8ec3-ed962205cfb2
bb981e27-7f41-43c9-8ccb-f7cf439652af,2025-10-27 12:40:16.000000,user41,Workday,download,3031,48.93,450aceb7-7c07-45da-af7f-3ee6bee60ffe,
5928a6ed-124e-4f86-afb7-621c46f59383,2025-10-27 12:42:17.000000,user43,Databricks,modify,1167,205.38,f84988f1-d814-40b6-be45-284d4b88b752,
d2d5f051-cc14-4bb6-accd-88b5c90bab6d,2025-10-27 13:00:38.000000,user11,Jira,view,2431,46.48,800b10fb-1b15-4b5a-ad0e-0bdb92c79be8,
eb3e4b8a-8e37-4cd0-bc49-90227c122e5d,2025-10-27 13:09:25.000000,user34,SAP,view,2736,296.01,509c7d17-d60a-4761-8202-05a2dd88e29a,
e6a78d2c-e49d-4b00-8b18-8c37e905ebad,2025-10-27 13:32:03.000000,user11,GitHub,download,526,447.17,800b10fb-1b15-4b5a-ad0e-0bdb92c79be8,
7b086b3e-da09-4f2b-9687-c4e15d54c8ba,2025-10-27 14:03:46.000000,user20,Jira,modify,2619,97.38,80290888-3740-4eea-b84d-d4d0105e0075,2d739fb0-5a1b-4bc7-ab27-6a1a2921319d
52abae5f-352d-43f8-a1ee-e21ffba2c6ca,2025-10-27 14:37:56.000000,user50,GitHub,download,216,176.2,cf064979-ad8f-4457-9b57-273f3a74109e,f3c0d464-4948-4d9f-b157-ad50e7728df2
ccd38f89-209f-43a9-b8c0-9acb2fac5298,2025-10-27 14:57:34.000000,user20,Snowflake,download,2142,112.41,80290888-3740-4eea-b84d-d4d0105e0075,2d739fb0-5a1b-4bc7-ab27-6a1a2921319d
ec144112-1bff-40ce-bd7b-2add0ee8d7c5,2025-10-27 15:05:23.000000,user31,Workday,upload,1410,161.3,b18324d3-4bea-4778-a492-1071304bedd3,980e07e4-d144-4108-ba59-fa5c2a10374a
efeceb01-5d61-4207-b42d-9678d4c45174,2025-10-27 15:35:53.000000,user43,Salesforce,view,1810,190.08,65540c38-84e9-490f-b160-5d7833eb4cca,ab46a1b3-faa6-482d-9df1-3989e8a221f4
32b354e5-2787-43c8-9207-9454522e152e,2025-10-27 15:37:13.000000,user50,Snowflake,view,581,175.4,cf064979-ad8f-4457-9b57-273f3a74109e,f3c0d464-4948-4d9f-b157-ad50e7728df2
5568fbb9-0adb-4af9-8bb6-e15cd2060ae4,2025-10-27 15:46:52.000000,user34,Workday,modify,1587,239.84,509c7d17-d60a-4761-8202-05a2dd88e29a,
1a222d63-75b2-40ff-85dd-7a15f9a969f9,2025-10-27 15:47:53.000000,user8,Databricks,view,1699,483.48,e43bda35-30ae-4dfe-a0b4-1bc70871f886,025a888d-be8d-4821-9e43-4e112d04c058
a8ba3321-5c79-443a-828d-12357a8a10dc,2025-10-27 15:57:52.000000,user10,Jira,download,346,153.73,3eff200c-bf52-4e53-9157-fed2e6a1dde7,2090defb-2e0b-42d6-8ae8-5789cd5e86a2
89d3a152-5e14-4ae7-b009-fa69a8c4cfd8,2025-10-27 15:58:45.000000,user50,Snowflake,view,2593,328.25,cf064979-ad8f-4457-9b57-273f3a74109e,
310cea1a-464f-4504-98e2-97059d72f2e0,2025-10-27 16:07:48.000000,user10,Snowflake,view,3082,382.97,3eff200c-bf52-4e53-9157-fed2e6a1dde7,b020f5ef-0f58-4e3a-ac57-33b8d9bd22c7
549d9399-b3d8-468d-9236-60e02a72dc08,2025-10-27 16:11:47.000000,user20,Salesforce,modify,1716,231.26,80290888-3740-4eea-b84d-d4d0105e0075,
c704c70e-7e3f-4924-afa2-238ee9ba21cb,2025-10-27 16:27:55.000000,user43,SAP,upload,2963,216.86,f84988f1-d814-40b6-be45-284d4b88b752,
aea3a832-93fd-49ca-add0-332445e0cf41,2025-10-27 17:30:36.000000,user34,Databricks,download,671,412.24,509c7d17-d60a-4761-8202-05a2dd88e29a,d9d3c543-c613-4ed5-ae94-38df532eaf29
ad8ce96a-d55f-4e75-80ba-c6705ba21353,2025-10-27 17:37:09.000000,user38,GitHub,modify,1311,79.54,9da11379-84f0-4ae7-b642-6d69d867c345,b9bfb837-92c4-48d5-8711-ee04b399e0f8
78f42830-49f0-48ba-b457-b4d04b507674,2025-10-27 18:10:42.000000,user19,Databricks,download,2911,238.93,c6f71f7b-68da-4850-a7a7-e0f07fa82dd3,c4c20f60-5934-42d2-b3a6-68be730a140e
426589ad-2f21-41bd-9aac-6afd65e454f2,2025-10-27 18:13:12.000000,user31,Salesforce,download,583,155.62,b18324d3-4bea-4778-a492-1071304bedd3,54051b9c-148f-4394-9326-d32b45df1e5c
550fa826-6ea2-434e-a94f-c99038a3fbf8,2025-10-27 18:32:08.000000,user20,Workday,upload,452,321.13,80290888-3740-4eea-b84d-d4d0105e0075,4e5f8157-56bd-42e6-be82-b61ecdfb666c
20aabee6-2684-4cd5-a378-2818aaea0297,2025-10-27 18:39:23.000000,user19,Workday,download,471,186.22,c6f71f7b-68da-4850-a7a7-e0f07fa82dd3,c4c20f60-5934-42d2-b3a6-68be730a140e
04f3628e-c551-48ac-99d2-5653c80e6dea,2025-10-27 18:51:08.000000,user31,Jira,view,2233,297.35,1e459fd0-73fc-4a68-973d-76f4e6ffda65,54051b9c-148f-4394-9326-d32b45df1e5c
a0fb8588-b494-485b-9854-74cbe2581921,2025-10-27 18:56:21.000000,user31,Workday,view,618,132.05,b18324d3-4bea-4778-a492-1071304bedd3,4c01fc74-1a84-43b1-acb2-dd228eae6280
6031727e-fee6-469f-852c-3bac4a5c9f0a,2025-10-27 19:10:56.000000,user34,Snowflake,upload,1752,465.55,509c7d17-d60a-4761-8202-05a2dd88e29a,d9d3c543-c613-4ed5-ae94-38df532eaf29
750d62d5-5a60-4745-bd9a-5bffdcb96103,2025-10-27 19:14:38.000000,user50,Workday,download,878,498.46,cf064979-ad8f-4457-9b57-273f3a74109e,
059ce470-7589-427e-a75c-9fa202a8f91b,2025-10-27 19:38:06.000000,user20,Snowflake,modify,233,384.55,80290888-3740-4eea-b84d-d4d0105e0075,
2154634e-48b4-45b0-9f7a-c233f2e0feb2,2025-10-27 20:17:46.000000,user50,Snowflake,upload,3154,246.22,cf064979-ad8f-4457-9b57-273f3a74109e,f3c0d464-4948-4d9f-b157-ad50e7728df2
957f2ce4-118c-4318-b157-9b5235dfb3e6,2025-10-27 20:29:36.000000,user35,Workday,upload,1048,263.55,f51c219d-cb3b-42b1-8fc4-7e394dbe43bd,d320074d-1f8d-4a8d-9be0-5d38efb2846e
96558ae8-6be0-45e0-a51e-3a91bb9dd55f,2025-10-27 20:33:24.000000,user31,GitHub,view,2107,496.77,b18324d3-4bea-4778-a492-1071304bedd3,980e07e4-d144-4108-ba59-fa5c2a10374a
65c783c1-ad6e-4103-8698-94f565c48713,2025-10-27 20:49:30.000000,user3,SAP,modify,1501,50.79,cbafef35-b8ab-4259-ada6-3843b12e5008,90c28396-dcce-4d1d-a926-3b230fd7c348
cb261b6d-43d2-4f15-8d3b-d23aeddcaf61,2025-10-27 21:07:07.000000,user31,Salesforce,modify,2356,423.47,b18324d3-4bea-4778-a492-1071304bedd3,9d319081-fa17-4ebb-9222-6579bbccd83e
b8ce9974-9382-4440-811e-8dd6d887c91c,2025-10-27 21:30:36.000000,user2,GitHub,view,1554,191.74,2df133e8-ea2a-460f-b037-6606fe56c7bd,
1ac14da6-9b27-4aaa-bb4c-4e57c759a373,2025-10-27 21:30:38.000000,user19,Snowflake,download,2058,344.07,c6f71f7b-68da-4850-a7a7-e0f07fa82dd3,c4c20f60-5934-42d2-b3a6-68be730a140e
f6d7675e-ed92-41ef-a53b-1254ac83de2b,2025-10-27 21:57:58.000000,user3,GitHub,upload,1722,377.54,cbafef35-b8ab-4259-ada6-3843b12e5008,90c28396-dcce-4d1d-a926-3b230fd7c348
0b1774c1-369e-4165-bb0e-1778f948ed92,2025-10-27 22:28:55.000000,user31,SAP,modify,1058,268.81,bead554a-6c26-427e-b569-6e4fd97381f6,980e07e4-d144-4108-ba59-fa5c2a10374a
0fa200b6-c229-436c-8034-6b6f1cf4d014,2025-10-27 23:43:40.000000,user2,Databricks,upload,352,329.99,2df133e8-ea2a-460f-b037-6606fe56c7bd,c7eb3396-3b92-48f5-a887-07c4ee0ae05f
969635c7-058a-4aba-bd08-d4afc3b91ca9,2025-10-28 00:11:17.000000,user2,Workday,upload,448,461.59,2df133e8-ea2a-460f-b037-6606fe56c7bd,c7eb3396-3b92-48f5-a887-07c4ee0ae05f
a1756212-d9c3-4254-bb24-2210b54692a0,2025-10-28 00:35:14.000000,user13,SAP,view,1109,394.21,55fbec13-319e-4dfa-aea6-ba8c201b5a10,35785ccd-3d5d-4130-a2f7-2b857d6d8e1e
e6db982a-7087-4357-a07a-f1275461ebe6,2025-10-28 00:56:28.000000,user13,Databricks,download,991,231.55,55fbec13-319e-4dfa-aea6-ba8c201b5a10,
772dd777-9ae4-4c6a-a44b-af383897594d,2025-10-28 01:03:55.000000,user3,Snowflake,download,2862,486.86,cbafef35-b8ab-4259-ada6-3843b12e5008,
dbd60496-174d-49a6-a54c-a9b5b07fde8c,2025-10-28 01:13:06.000000,user2,Databricks,modify,1053,19.64,2df133e8-ea2a-460f-b037-6606fe56c7bd,c7eb3396-3b92-48f5-a887-07c4ee0ae05f
61a1b59d-108f-45ee-9a2f-d9992e5a90e0,2025-10-28 01:14:58.000000,user24,Workday,modify,920,289.98,058026f8-875d-4071-962e-f515c9a0235c,765a447d-23f3-420f-8ccc-869682af644d
a4591a0b-6329-4f7e-b5db-1da7fe386169,2025-10-28 01:17:12.000000,user31,Workday,upload,1270,152.16,bead554a-6c26-427e-b569-6e4fd97381f6,
6c2923ff-1294-4f56-ad21-62998fabe74f,2025-10-28 01:55:54.000000,user13,Snowflake,view,2213,16.75,55fbec13-319e-4dfa-aea6-ba8c201b5a10,026f55cc-4f85-45d9-b9f3-ce5cdb78a909
829f6e89-1189-4648-bb66-c6cf4478fa65,2025-10-28 02:03:07.000000,user7,Workday,view,2083,284.36,1abf32b3-e71f-4e68-a17a-b5c352b9ced7,
a48e209d-49d2-4707-9213-2c49ad6184aa,2025-10-28 02:41:48.000000,user17,Workday,upload,3154,455.3,3b9c69f2-e687-4315-9a52-af563327b49d,7da284e1-50c0-4acb-a50e-f58b3cf62ddd
519fceaf-5826-4d33-8107-c32c4ea7fd05,2025-10-28 02:44:05.000000,user2,GitHub,modify,1882,389.22,2df133e8-ea2a-460f-b037-6606fe56c7bd,c7eb3396-3b92-48f5-a887-07c4ee0ae05f
b16f6ef7-6fd4-4c37-ab96-7c863b8e6e89,2025-10-28 02:52:27.000000,user13,Workday,view,2142,52.72,ceca6702-77a3-4b25-911e-f4b31894f7f8,026f55cc-4f85-45d9-b9f3-ce5cdb78a909
d97ed761-f141-48e7-9d27-b196ef87d68a,2025-10-28 03:05:43.000000,user20,Databricks,upload,2635,58.81,1d1fc716-bb4a-4ced-b1ce-12ef9a596b36,e7cf9b59-1a95-4376-9ce7-59521cf3ad13
90cfa915-6931-4bed-9adb-ab9d4c729c1f,2025-10-28 03:08:45.000000,user31,Jira,view,2420,278.88,bead554a-6c26-427e-b569-6e4fd97381f6,980e07e4-d144-4108-ba59-fa5c2a10374a
87c8ea92-5472-4113-9b4c-93899b13e8bc,2025-10-28 04:21:07.000000,user24,Snowflake,upload,314,207.0,058026f8-875d-4071-962e-f515c9a0235c,
51464e0b-1a3f-47fc-967a-47459baca6c1,2025-10-28 04:41:58.000000,user13,SAP,download,56,192.23,55fbec13-319e-4dfa-aea6-ba8c201b5a10,
6dccf9e8-aed0-4f13-af69-c3607d9150f6,2025-10-28 04:58:20.000000,user17,Workday,modify,1904,164.73,3b9c69f2-e687-4315-9a52-af563327b49d,9812fce7-161c-40de-a265-28aedb30a13f
2ad22c00-5b1b-4690-91bf-eeeedf5700e6,2025-10-28 05:36:02.000000,user20,SAP,upload,3275,24.84,1d1fc716-bb4a-4ced-b1ce-12ef9a596b36,4e5f8157-56bd-42e6-be82-b61ecdfb666c
c5a64dc7-6353-42eb-a50b-02b72566c865,2025-10-28 05:37:33.000000,user31,GitHub,modify,1970,196.06,bead554a-6c26-427e-b569-6e4fd97381f6,4c01fc74-1a84-43b1-acb2-dd228eae6280
18d6c9bd-87d1-44ff-9573-241d5114e9e9,2025-10-28 06:04:20.000000,user9,Salesforce,download,2667,166.81,4322d633-184d-46f1-9b34-fdef380a5a5d,b67adbb1-c83d-4400-adcc-be26c44f33a2
5cf22b0d-7a9c-40b8-b204-b3d50e5e7f65,2025-10-28 06:26:37.000000,user36,Jira,upload,1087,309.5,4dfa8bf1-363a-4386-8016-8ac23f9638f9,
4e38c308-4a87-4e30-8cbc-686369aea1b1,2025-10-28 06:37:26.000000,user17,Workday,download,2186,107.13,3b9c69f2-e687-4315-9a52-af563327b49d,05aad117-c96c-4b0a-94e1-be69227939d8
4edda178-e384-4875-9274-cdbee42f9668,2025-10-28 06:47:54.000000,user17,Snowflake,download,3002,134.6,3b9c69f2-e687-4315-9a52-af563327b49d,1e10a6e9-47dd-47f3-91e5-b5362171ec0e
4084b27d-0cf6-4918-8c2e-38061e3c5bf9,2025-10-28 06:50:38.000000,user36,GitHub,modify,297,351.71,7eeb9015-d708-46ad-b62d-39c6bd4a8e20,b09652bf-7cae-4394-8179-65991dabd0a4
d74c7b0d-ba0e-4ad8-aee6-4517279b5927,2025-10-28 07:25:07.000000,user4,Jira,view,133,494.13,19ec2a28-7ae8-4b08-9bf6-c75072ba763c,e9acb8dc-11af-4ad8-94dc-1b6fd2bb69fd
a27792e1-1c2d-4ccc-a43e-d8cbe24df8c4,2025-10-28 07:39:37.000000,user34,Workday,modify,3034,158.35,203dce82-3d0d-46f2-9693-17f54691602f,42643768-1052-4048-8a66-9cba91088789
8d5bae84-c751-4e4f-95b6-d3e0019a7848,2025-10-28 08:08:49.000000,user13,GitHub,download,1706,280.54,ceca6702-77a3-4b25-911e-f4b31894f7f8,026f55cc-4f85-45d9-b9f3-ce5cdb78a909
f65f194c-a0d2-48dc-bbda-00a874990132,2025-10-28 08:13:35.000000,user21,Snowflake,download,466,287.29,afcfabb4-85e8-4be9-bf71-f104d2a3a4c8,
aed91385-4f94-4a54-be46-a2a08c7bfcee,2025-10-28 08:14:59.000000,user13,GitHub,view,215,111.0,ceca6702-77a3-4b25-911e-f4b31894f7f8,
2e88a995-11bc-4a5c-a42b-f92d347924bc,2025-10-28 09:24:52.000000,user4,Jira,upload,2164,200.6,19ec2a28-7ae8-4b08-9bf6-c75072ba763c,7f4bd8f8-adf3-4efa-97ff-77c5dbf502c8
f96bad86-064d-4765-b4df-8c335a7ae06a,2025-10-28 09:46:24.000000,user36,Jira,view,2505,471.34,4dfa8bf1-363a-4386-8016-8ac23f9638f9,752a2a70-b568-4984-aaa5-3caea848cbd2
8ac3f9de-ae3f-449b-8fce-4ea5bc96c6f3,2025-10-28 09:58:05.000000,user13,Salesforce,view,1308,5.84,ceca6702-77a3-4b25-911e-f4b31894f7f8,
15dc4e58-0011-45d1-a8dc-32885d17c71a,2025-10-28 10:02:26.000000,user21,Workday,view,1849,264.37,afcfabb4-85e8-4be9-bf71-f104d2a3a4c8,977d04d1-e85b-4b15-b742-03fad1963760
1a478062-1add-4fe1-8a4b-fadc016d3a23,2025-10-28 10:03:42.000000,user14,Jira,upload,394,93.73,c387b76e-7313-440d-8c0e-9b49509b6c5b,e729330a-e56c-4456-9106-846fa620239a
90a6c88d-ef8d-46a2-9ecb-68f71c5db812,2025-10-28 10:15:31.000000,user14,Snowflake,view,3443,193.27,c387b76e-7313-440d-8c0e-9b49509b6c5b,bd4f4977-d6d5-4fbf-b61a-4069e21339a2
1f7106bb-a001-4594-bfcf-b9fc0bdc08f7,2025-10-28 10:16:03.000000,user20,GitHub,upload,1874,20.24,1d1fc716-bb4a-4ced-b1ce-12ef9a596b36,e7cf9b59-1a95-4376-9ce7-59521cf3ad13
1a88191e-bb7d-453e-b640-8c13fdc86121,2025-10-28 10:22:55.000000,user36,Jira,modify,388,343.04,7eeb9015-d708-46ad-b62d-39c6bd4a8e20,b09652bf-7cae-4394-8179-65991dabd0a4
afda4678-faa1-41b2-bae6-ffef7b789782,2025-10-28 11:44:34.000000,user22,Workday,view,1304,308.98,7f5d4c62-45b1-4f10-a09b-8680e913e70d,2c49bfdc-1aa5-431d-806e-ac6b4168dfcd
a1117142-8dab-4f7b-870f-f837e5390ffc,2025-10-28 11:50:30.000000,user21,Workday,upload,1398,424.75,b89caac3-08ae-4c33-a424-95eb1ec714aa,2264efba-5781-4db7-a183-b63bad14b142
b3d6ad57-99f8-4b62-8206-7ee9d14366a3,2025-10-28 12:09:36.000000,user21,Jira,upload,1562,470.12,b89caac3-08ae-4c33-a424-95eb1ec714aa,9f750530-56b5-46a3-abeb-3924a38bce0b
18164055-b902-49f5-b96d-af3bf4082b81,2025-10-28 12:11:29.000000,user41,Databricks,upload,3494,263.5,42acacfa-c673-4366-a448-305e1246736a,
e35763f6-b783-4f97-aa07-04a70c1ddac8,2025-10-28 12:14:37.000000,user4,Workday,upload,2113,126.91,19ec2a28-7ae8-4b08-9bf6-c75072ba763c,7f4bd8f8-adf3-4efa-97ff-77c5dbf502c8
64aa2596-5c6a-477e-a47f-ac2a15626d48,2025-10-28 12:17:02.000000,user34,GitHub,view,1986,436.48,c7ca91c8-9739-4260-af43-bafcd8eab217,d9d3c543-c613-4ed5-ae94-38df532eaf29
7f5dd374-6971-4872-92a5-028efedeb287,2025-10-28 13:13:13.000000,user34,SAP,modify,1549,375.31,c7ca91c8-9739-4260-af43-bafcd8eab217,d9d3c543-c613-4ed5-ae94-38df532eaf29
05771847-a507-4898-9809-987ae3bf1977,2025-10-28 13:15:03.000000,user21,Databricks,modify,2756,331.33,b89caac3-08ae-4c33-a424-95eb1ec714aa,977d04d1-e85b-4b15-b742-03fad1963760
61f36a0e-9c64-455b-b17a-3a6f8812128d,2025-10-28 13:34:04.000000,user41,SAP,modify,1148,253.78,42acacfa-c673-4366-a448-305e1246736a,
e49000ac-724f-48a5-8c72-192a874871cf,2025-10-28 13:48:27.000000,user34,Workday,download,2524,195.87,c7ca91c8-9739-4260-af43-bafcd8eab217,
64a45c54-36ef-45ee-afdf-39801c476046,2025-10-28 13:56:57.000000,user4,Databricks,download,183,194.86,19ec2a28-7ae8-4b08-9bf6-c75072ba763c,7f4bd8f8-adf3-4efa-97ff-77c5dbf502c8
597cb039-dcee-4930-af62-08d9342d53df,2025-10-28 14:11:04.000000,user21,SAP,download,1312,287.49,afcfabb4-85e8-4be9-bf71-f104d2a3a4c8,
c4094192-65cf-4c26-ad01-41293364e839,2025-10-28 14:18:27.000000,user41,Databricks,download,2969,56.72,42acacfa-c673-4366-a448-305e1246736a,db54061e-7e8b-4fda-961a-ac932084ff43
c13710be-91af-41ca-bb6c-f411320a9277,2025-10-28 14:28:56.000000,user21,Snowflake,download,2021,474.89,afcfabb4-85e8-4be9-bf71-f104d2a3a4c8,1442b6c8-f6c3-4711-88b0-a33d51a45316
3c800857-b8c0-47c6-b48b-e058c8f77bfa,2025-10-28 14:46:39.000000,user22,Jira,view,3382,106.35,7f5d4c62-45b1-4f10-a09b-8680e913e70d,
22469fb9-48e9-4864-abad-8468eb10f7fb,2025-10-28 15:09:11.000000,user41,Databricks,view,1891,109.01,42acacfa-c673-4366-a448-305e1246736a,dab95aa7-2bbf-4790-8689-a9a42b2dde74
cc017ea1-d7d2-4574-9117-0551233f01e2,2025-10-28 15:20:44.000000,user20,SAP,upload,1507,243.51,c58d6576-ae42-49ff-b194-d61d32f84093,4e5f8157-56bd-42e6-be82-b61ecdfb666c
5d121e56-1112-4a38-aa9c-35d80c618511,2025-10-28 15:24:10.000000,user20,Salesforce,download,93,51.71,c58d6576-ae42-49ff-b194-d61d32f84093,4e5f8157-56bd-42e6-be82-b61ecdfb666c
a21a3ee5-ef58-42bc-ac4b-be9c58dd062e,2025-10-28 16:00:57.000000,user26,Salesforce,view,1378,12.9,d53bab82-17d2-420c-9d88-7b556c442403,d593038b-c884-4eb3-9ba7-b886d14d7c2e
86195f1c-fdbd-4957-84c7-c5bf398024db,2025-10-28 16:06:20.000000,user34,SAP,view,1018,137.47,c7ca91c8-9739-4260-af43-bafcd8eab217,d9d3c543-c613-4ed5-ae94-38df532eaf29
339f3723-e5ce-4422-9a1d-fbc8a6f320bb,2025-10-28 16:13:21.000000,user26,Snowflake,view,2761,41.02,d53bab82-17d2-420c-9d88-7b556c442403,043a7bd6-8544-453b-a3d9-ea0e83ed065a
2c7515a4-27ad-4146-bad4-ab1f752c459a,2025-10-28 16:49:28.000000,user41,Databricks,download,2728,406.22,42acacfa-c673-4366-a448-305e1246736a,2577634d-f874-4150-89af-b967463fca91
0960116b-44b7-4d8a-8a3d-2bfa6d0811b3,2025-10-28 16:58:34.000000,user21,GitHub,view,727,461.03,b89caac3-08ae-4c33-a424-95eb1ec714aa,2264efba-5781-4db7-a183-b63bad14b142
4ecf68f8-c290-4add-b4dc-43566ae6c357,2025-10-28 16:58:45.000000,user20,SAP,download,1658,476.93,c58d6576-ae42-49ff-b194-d61d32f84093,e7cf9b59-1a95-4376-9ce7-59521cf3ad13
8d5d04dd-f378-4b77-94b4-9f44425dfe5a,2025-10-28 18:30:09.000000,user26,Workday,download,818,281.36,d53bab82-17d2-420c-9d88-7b556c442403,043a7bd6-8544-453b-a3d9-ea0e83ed065a
061dbe53-9ca5-4aa5-b087-a03847760ef3,2025-10-28 19:29:14.000000,user34,Databricks,view,2967,61.6,c7ca91c8-9739-4260-af43-bafcd8eab217,42643768-1052-4048-8a66-9cba91088789
e845fcea-22b8-4e87-9e06-d49aa8f6dddf,2025-10-28 19:30:00.000000,user20,Workday,modify,602,11.47,bc40b76c-471c-465d-8e38-ef0082cb2e01,e7cf9b59-1a95-4376-9ce7-59521cf3ad13
b3c45147-bd43-45f9-bece-d0be677c7481,2025-10-28 19:57:54.000000,user20,SAP,download,2518,120.13,bc40b76c-471c-465d-8e38-ef0082cb2e01,e7cf9b59-1a95-4376-9ce7-59521cf3ad13
0c42120f-11f1-48ad-920c-f985932e256d,2025-10-28 20:10:52.000000,user20,Salesforce,download,3396,144.43,bc40b76c-471c-465d-8e38-ef0082cb2e01,
5c70c39d-7478-4695-b881-4b1a5e8d4119,2025-10-28 20:21:39.000000,user20,Salesforce,modify,1056,331.04,c58d6576-ae42-49ff-b194-d61d32f84093,
b2a8182c-f352-4192-a404-9370e0cdbd9c,2025-10-28 20:26:15.000000,user38,SAP,modify,2727,90.66,800700c5-6b33-4e46-acc2-7ef34c1ebec0,
ca3f82a3-5dfa-4d0f-b96e-b3185d419b23,2025-10-28 20:44:48.000000,user38,Databricks,download,2418,130.76,800700c5-6b33-4e46-acc2-7ef34c1ebec0,3aef07c2-c775-41fd-b9b2-cdf12b9d4a94
11a10530-0a89-4f7d-b954-f85a5a46a229,2025-10-28 21:48:46.000000,user26,Databricks,view,3533,116.26,d53bab82-17d2-420c-9d88-7b556c442403,043a7bd6-8544-453b-a3d9-ea0e83ed065a
e0c18a5a-53eb-4cd6-8bfa-29420f87b0bd,2025-10-28 21:53:24.000000,user26,SAP,view,370,409.17,d53bab82-17d2-420c-9d88-7b556c442403,
b17b1699-1b44-4b83-ac57-ffaa0a80035b,2025-10-28 22:12:26.000000,user15,SAP,modify,2602,495.94,f0259de7-c0bc-4507-8554-bc688f3c5a9d,cdc79272-b601-4476-a796-0b32b4656855
e1979d3c-530e-4f6b-bf02-36b287395364,2025-10-28 22:17:29.000000,user49,GitHub,view,2508,354.06,98fb8a4c-78b2-40ac-8390-bbeda64e2c88,8eed878c-c6cc-49c2-9966-aa4d9176ba88
eac4d88c-d396-42fa-bc52-d047a784c9e3,2025-10-28 22:18:51.000000,user38,Databricks,modify,3231,289.13,800700c5-6b33-4e46-acc2-7ef34c1ebec0,20c02a7b-356e-45af-8e98-9c8f5131fba2
7a7bb882-9e53-4335-9a7a-29046b9a78c0,2025-10-28 22:36:53.000000,user20,SAP,modify,3423,15.5,bc40b76c-471c-465d-8e38-ef0082cb2e01,4e5f8157-56bd-42e6-be82-b61ecdfb666c
249fde7e-7439-4740-bd9f-bbbb00fe64de,2025-10-28 22:40:37.000000,user47,Salesforce,upload,326,268.06,02bf1fbd-2ba4-43fc-aa96-cef313e0cc76,5700cae1-3fcb-43fd-8045-cf86217de7a9
9447defb-dabe-4abd-92aa-ce76bece00a4,2025-10-28 22:51:06.000000,user20,Salesforce,view,1725,423.96,bc40b76c-471c-465d-8e38-ef0082cb2e01,4e5f8157-56bd-42e6-be82-b61ecdfb666c
822732cb-2138-41b5-a11e-85d2e3026b8b,2025-10-28 22:56:44.000000,user38,Databricks,download,3327,227.65,800700c5-6b33-4e46-acc2-7ef34c1ebec0,3aef07c2-c775-41fd-b9b2-cdf12b9d4a94
650f9420-be30-437c-9181-00c648f85bd0,2025-10-28 23:03:22.000000,user31,Salesforce,modify,2713,382.13,c364a020-9187-4cb6-81d7-89001c320e6e,
157f0e1f-9ebd-4fa2-bc4f-cf25446ebdd6,2025-10-28 23:05:35.000000,user49,SAP,download,1948,385.01,f7e84d99-b95c-40ed-b896-c465b215c402,69643a0d-af4f-44ea-9a28-a7ed58e098de
7f0b3971-144a-44e1-9d44-86196edd4a54,2025-10-28 23:15:45.000000,user22,Snowflake,upload,1329,351.54,8925ea22-3594-417d-83df-b9ab029f7e42,51c56aef-2c7e-49ba-96b8-569a16df96b7
8b2d80af-96b9-43d9-b03c-36f52f4c5fbc,2025-10-28 23:28:14.000000,user42,Salesforce,download,1067,414.97,e7429166-b8c0-46c4-996e-2b47c5f15538,4d30ffa7-3086-413f-ab81-ff4a34fafd3a
a332f18e-8481-456c-aa00-00e263130648,2025-10-28 23:31:25.000000,user15,Snowflake,view,1110,332.99,f0259de7-c0bc-4507-8554-bc688f3c5a9d,
e2a15eb0-e008-4cfa-8c27-f2d0be597279,2025-10-28 23:50:33.000000,user15,Workday,download,1988,64.8,f0259de7-c0bc-4507-8554-bc688f3c5a9d,
90c9e7f3-c114-417d-964f-3847fcbcc3c3,2025-10-29 00:02:18.000000,user49,GitHub,upload,2830,260.6,98fb8a4c-78b2-40ac-8390-bbeda64e2c88,
7358b12e-1e1f-46ae-84a6-79f73aa55984,2025-10-29 00:09:22.000000,user5,SAP,modify,870,104.79,f50a9fea-f560-49e4-984f-140dc6f54041,484016ce-7d8c-41f2-8210-b3481061a88a
28e32e79-c9d4-4c2b-a3ca-f72140ac8c9b,2025-10-29 00:33:57.000000,user5,Jira,download,3564,216.11,f50a9fea-f560-49e4-984f-140dc6f54041,
5dd71d78-7210-4b7c-9dee-8a4e7280345c,2025-10-29 00:56:22.000000,user42,Snowflake,view,2557,225.15,e7429166-b8c0-46c4-996e-2b47c5f15538,4d30ffa7-3086-413f-ab81-ff4a34fafd3a
32569ed3-03a7-4689-9554-fbcc96698d8e,2025-10-29 00:58:02.000000,user47,Databricks,download,1649,362.7,02bf1fbd-2ba4-43fc-aa96-cef313e0cc76,5700cae1-3fcb-43fd-8045-cf86217de7a9
7c3e5369-886f-40e6-b788-770bd879eb78,2025-10-29 01:02:23.000000,user33,Snowflake,view,2132,58.3,0e46a7bf-d138-4bdf-83bc-d9f16e647f99,20b72f3b-7c7b-47cf-a5ae-eddf4ac6d161
c2eea616-e680-44db-9921-8f5c8326bd66,2025-10-29 01:09:38.000000,user15,Workday,view,3160,340.52,f0259de7-c0bc-4507-8554-bc688f3c5a9d,cdc79272-b601-4476-a796-0b32b4656855
f228bb03-b835-44ef-9c59-f3f544615efd,2025-10-29 01:10:56.000000,user15,GitHub,upload,2998,210.08,f0259de7-c0bc-4507-8554-bc688f3c5a9d,
3c71dfd0-4fe5-418e-87c9-38436cc29e77,2025-10-29 01:12:01.000000,user49,Workday,view,334,155.25,98fb8a4c-78b2-40ac-8390-bbeda64e2c88,25164d57-00b3-4fce-9b29-610dad70bedd
5f56e869-c77c-4cb0-b4da-a9c3e45bdc73,2025-10-29 01:25:58.000000,user49,Databricks,upload,787,453.59,98fb8a4c-78b2-40ac-8390-bbeda64e2c88,4cee5891-d2d2-40af-b68d-88326854505d
8742ddec-1066-4e0b-9d41-bc5ebd96bedc,2025-10-29 01:28:08.000000,user28,Snowflake,download,2796,109.07,a4093582-fe07-4892-a378-0c43f68a5fd5,0e45d4cf-4dba-40b9-b289-a70419d79683
38b79970-b721-4da4-a83d-c9e97e797b73,2025-10-29 01:53:29.000000,user28,Snowflake,modify,1073,360.19,a4093582-fe07-4892-a378-0c43f68a5fd5,
62680662-a95a-4437-a1f2-e3d1dc8fc02f,2025-10-29 01:57:39.000000,user47,Snowflake,upload,1628,476.9,02bf1fbd-2ba4-43fc-aa96-cef313e0cc76,d6de783a-8c3d-4581-a0e1-683af840b183
498d583d-f72a-45ab-a25a-5dfcc7795fd4,2025-10-29 02:26:11.000000,user33,Snowflake,modify,1743,6.36,0e46a7bf-d138-4bdf-83bc-d9f16e647f99,cacd43fd-a4c2-4c17-b6da-5a761100dd79
366665da-ffa1-43e8-97b0-4e772938f39f,2025-10-29 02:34:49.000000,user28,Jira,view,924,355.53,a4093582-fe07-4892-a378-0c43f68a5fd5,
6236cb30-5f91-43f3-a281-f4a60f2d18d8,2025-10-29 02:51:00.000000,user47,Snowflake,download,2891,444.5,02bf1fbd-2ba4-43fc-aa96-cef313e0cc76,779be8b0-ffaa-4ea2-9026-3f735c61170d
5aa41d34-1187-496a-9602-6f0714f30de8,2025-10-29 02:54:27.000000,user14,Workday,modify,3509,478.39,b8e58950-5a45-4a2b-8bc8-be0457cf4d9c,
a35ee726-42ce-4f9f-83bd-ae6d3355ae31,2025-10-29 03:05:19.000000,user14,Snowflake,modify,3084,327.44,b8e58950-5a45-4a2b-8bc8-be0457cf4d9c,bd4f4977-d6d5-4fbf-b61a-4069e21339a2
62d21d36-57a3-46d6-9b50-ef1462cbaa72,2025-10-29 03:11:04.000000,user49,Workday,download,3170,352.03,98fb8a4c-78b2-40ac-8390-bbeda64e2c88,
f68be5c7-8fd5-422d-8695-a4f6907f040d,2025-10-29 03:17:00.000000,user42,GitHub,upload,2261,175.12,e7429166-b8c0-46c4-996e-2b47c5f15538,4d30ffa7-3086-413f-ab81-ff4a34fafd3a
bc98cbc2-e87e-4388-8ba6-5e4e7db0a830,2025-10-29 03:18:45.000000,user8,SAP,view,2036,204.2,314c1a5f-84c2-4638-8d83-39c11c2a621b,6a3c0c1d-5ffb-49d6-9f28-7c2114fcd9ce
4643fa43-24c7-48b7-a6c2-164e691a09ac,2025-10-29 03:22:09.000000,user3,Jira,download,3151,444.12,4dc2cde4-92eb-41d3-bf78-033bb27be9ed,bebfdd56-4049-4ea5-adff-0229cdfa1c24
1535454b-5e69-4113-ae54-1ced2cc9654a,2025-10-29 03:30:37.000000,user42,Workday,view,191,444.1,e7429166-b8c0-46c4-996e-2b47c5f15538,4d30ffa7-3086-413f-ab81-ff4a34fafd3a
31efec6f-149a-4442-8101-9d524386c4f3,2025-10-29 03:37:32.000000,user33,SAP,modify,557,215.21,0e46a7bf-d138-4bdf-83bc-d9f16e647f99,20b72f3b-7c7b-47cf-a5ae-eddf4ac6d161
7923561f-3b27-452a-bf2a-ee2c0bdfd983,2025-10-29 03:48:26.000000,user47,Salesforce,view,733,461.22,02bf1fbd-2ba4-43fc-aa96-cef313e0cc76,5700cae1-3fcb-43fd-8045-cf86217de7a9
c8f5d888-6aa8-4be6-a152-c68169050762,2025-10-29 03:49:55.000000,user33,GitHub,upload,404,342.53,0e46a7bf-d138-4bdf-83bc-d9f16e647f99,20b72f3b-7c7b-47cf-a5ae-eddf4ac6d161
d29147c3-2d6e-44cc-a3a4-79d50e53f111,2025-10-29 03:50:25.000000,user5,SAP,upload,2641,279.75,f50a9fea-f560-49e4-984f-140dc6f54041,658bc845-297b-4b04-9018-4421a3ee93bd
ce58eda4-8c7f-4219-9370-89bc622f90a5,2025-10-29 03:57:54.000000,user14,SAP,upload,2826,72.03,b8e58950-5a45-4a2b-8bc8-be0457cf4d9c,e729330a-e56c-4456-9106-846fa620239a
6b0c66a6-995b-4cc4-81a1-183b1d6c8d3e,2025-10-29 04:44:21.000000,user38,GitHub,view,1331,409.24,c8e75963-b41c-4f34-bd29-b5e54d7f14d0,b9bfb837-92c4-48d5-8711-ee04b399e0f8
dd2ed0fa-f35c-483a-96c6-e49797d329ea,2025-10-29 05:22:35.000000,user8,Snowflake,view,1625,50.7,314c1a5f-84c2-4638-8d83-39c11c2a621b,c6d66ac6-92de-4c90-8ec3-ed962205cfb2
bab03f29-a743-417b-be32-864386e8901d,2025-10-29 05:28:55.000000,user42,Salesforce,modify,370,86.71,e7429166-b8c0-46c4-996e-2b47c5f15538,
1115c446-9362-4839-99c1-1fe879427e4a,2025-10-29 06:16:04.000000,user28,Workday,upload,2032,426.5,a4093582-fe07-4892-a378-0c43f68a5fd5,277d01ee-e4b2-411e-b4a4-68912d419654
293902af-43dc-497c-9c9b-f808979433da,2025-10-29 06:27:53.000000,user5,GitHub,download,1050,17.0,f50a9fea-f560-49e4-984f-140dc6f54041,658bc845-297b-4b04-9018-4421a3ee93bd
da758253-5a16-4350-a06a-d53d76a97ca5,2025-10-29 06:37:35.000000,user33,GitHub,modify,2889,123.03,5595b08a-8081-47c8-b49c-112cfc4f26ad,
7094d74f-50cb-44b2-a1a3-b791fd52f3df,2025-10-29 06:37:42.000000,user33,GitHub,modify,1897,324.31,5595b08a-8081-47c8-b49c-112cfc4f26ad,cacd43fd-a4c2-4c17-b6da-5a761100dd79
71dfdd2c-3a0c-46e4-b2a4-eb21854be419,2025-10-29 07:56:02.000000,user33,Databricks,upload,3086,435.31,5595b08a-8081-47c8-b49c-112cfc4f26ad,3e2a0fde-5a35-4959-8381-469791213585
a7bb60cc-b8e0-4ddf-9f4e-8fccd55407fb,2025-10-29 08:20:39.000000,user8,SAP,upload,1218,394.6,314c1a5f-84c2-4638-8d83-39c11c2a621b,a3b477cd-e51a-4ab7-b263-c5e202647f6d
6363aacd-0643-401c-9a29-fa43b390dec1,2025-10-29 08:50:23.000000,user38,Workday,modify,2142,2.79,c8e75963-b41c-4f34-bd29-b5e54d7f14d0,
99bfbcb4-2b0c-45d5-bc25-f8941fbc859a,2025-10-29 09:19:13.000000,user14,Jira,upload,3334,103.15,b8e58950-5a45-4a2b-8bc8-be0457cf4d9c,e729330a-e56c-4456-9106-846fa620239a
861bb93d-d856-4a61-bb86-789cff7ee971,2025-10-29 09:47:22.000000,user22,SAP,download,935,62.86,d2c30f42-499a-417a-9432-a9f6612767b0,51c56aef-2c7e-49ba-96b8-569a16df96b7
2b167b95-ba93-44de-9865-9bc5803d3330,2025-10-29 10:40:23.000000,user8,SAP,upload,67,125.12,314c1a5f-84c2-4638-8d83-39c11c2a621b,6a3c0c1d-5ffb-49d6-9f28-7c2114fcd9ce
631b745c-71b9-445e-83fe-dbd77509f9f2,2025-10-29 10:46:18.000000,user2,Snowflake,upload,2730,464.25,003fab36-16d6-45b4-afc6-7bc4469b8765,
6c0f2816-3d07-4743-bee5-3746d733f651,2025-10-29 10:56:12.000000,user33,GitHub,view,2894,425.57,5595b08a-8081-47c8-b49c-112cfc4f26ad,20b72f3b-7c7b-47cf-a5ae-eddf4ac6d161
aca0fafe-a8f3-4da4-a360-037e6c30e668,2025-10-29 11:16:57.000000,user47,Snowflake,view,1380,388.37,b9c27d80-5ac2-4300-9ae1-88438295ac84,d6de783a-8c3d-4581-a0e1-683af840b183
bb170b0b-8a87-45e7-8a31-906ebc3b2874,2025-10-29 12:29:05.000000,user33,Snowflake,modify,530,165.62,5595b08a-8081-47c8-b49c-112cfc4f26ad,3e2a0fde-5a35-4959-8381-469791213585
e227a4bf-afce-498d-ac7c-18ec7375b6b3,2025-10-29 13:08:56.000000,user10,Salesforce,modify,58,343.74,6a3b4660-201c-46fc-97fb-64dfc06d9cde,2090defb-2e0b-42d6-8ae8-5789cd5e86a2
90cdbc00-8f12-4b85-a448-af233cdb6244,2025-10-29 13:17:33.000000,user13,GitHub,upload,2736,365.69,c2a809c2-0cd6-466d-99cc-df78afba6b5e,
cfcc6c2a-7f1e-41da-ada6-b0c3a89a4e07,2025-10-29 13:17:47.000000,user47,SAP,download,3449,91.61,b9c27d80-5ac2-4300-9ae1-88438295ac84,779be8b0-ffaa-4ea2-9026-3f735c61170d
4125d6af-a38b-4a86-a7d7-69880f2229fd,2025-10-29 13:30:03.000000,user3,Databricks,download,2935,261.32,8267b2dd-b52c-44b4-a9c4-bbc463ea4aa7,bebfdd56-4049-4ea5-adff-0229cdfa1c24
d976aefa-9ba3-4684-aa0b-411ab359836e,2025-10-29 14:07:09.000000,user2,Jira,view,468,340.63,003fab36-16d6-45b4-afc6-7bc4469b8765,c7eb3396-3b92-48f5-a887-07c4ee0ae05f
8da080e1-a75c-48cd-bbd4-21c5bb8a8e38,2025-10-29 14:09:50.000000,user2,Jira,upload,1361,383.76,003fab36-16d6-45b4-afc6-7bc4469b8765,
74a9c92f-8855-4469-b440-52f1213471fc,2025-10-29 14:52:43.000000,user41,Snowflake,modify,367,491.6,f4314ea2-72ff-4cce-96e9-c77094de8bc4,dab95aa7-2bbf-4790-8689-a9a42b2dde74
5ab58bab-f009-433b-8801-82bd0868dd11,2025-10-29 15:06:50.000000,user46,SAP,view,3092,123.96,6bf4f03c-c4a6-4b91-a024-a4181d2ed9b9,aa7e2cc4-be86-4748-a5e4-51c8bf7091f8
2d25bd53-9fd1-4a6d-853e-9b4bb058bef1,2025-10-29 15:12:03.000000,user41,Snowflake,upload,1499,401.37,f4314ea2-72ff-4cce-96e9-c77094de8bc4,55307558-5c1b-4689-bee1-b2b3089a369d
cb306b51-1858-4099-bdef-14258bb5d3c4,2025-10-29 15:22:14.000000,user13,Snowflake,upload,3046,396.93,c2a809c2-0cd6-466d-99cc-df78afba6b5e,
982f685d-9f2d-4397-b450-aefa7bd87c5e,2025-10-29 15:32:49.000000,user46,Workday,modify,895,260.91,6bf4f03c-c4a6-4b91-a024-a4181d2ed9b9,aa7e2cc4-be86-4748-a5e4-51c8bf7091f8
e0aca628-7e96-468c-b4ba-fc6c5b804153,2025-10-29 16:37:55.000000,user2,Snowflake,upload,2203,285.65,003fab36-16d6-45b4-afc6-7bc4469b8765,c7eb3396-3b92-48f5-a887-07c4ee0ae05f
45abd5fa-82e6-4e99-bdaf-cf584861e3b6,2025-10-29 16:58:47.000000,user46,Salesforce,upload,3424,73.62,6bf4f03c-c4a6-4b91-a024-a4181d2ed9b9,
a65c9508-e84a-46a2-8f91-b090dfed6739,2025-10-29 17:06:43.000000,user41,Jira,view,3457,272.24,f4314ea2-72ff-4cce-96e9-c77094de8bc4,2577634d-f874-4150-89af-b967463fca91
c848257e-0b25-44be-955c-3cef4501c86c,2025-10-29 17:33:52.000000,user2,Snowflake,upload,3137,166.35,003fab36-16d6-45b4-afc6-7bc4469b8765,c7eb3396-3b92-48f5-a887-07c4ee0ae05f
afa5cb05-a2c1-460f-9fb6-6a0f8eae1f44,2025-10-29 17:35:07.000000,user41,Workday,modify,759,304.97,f4314ea2-72ff-4cce-96e9-c77094de8bc4,
c156f7d0-080f-43c2-933d-5da5eb5fa8f0,2025-10-29 17:52:36.000000,user10,GitHub,modify,2386,234.24,da226d9c-9cc5-4f87-b986-b2286c82c849,
1090427b-3d0e-4759-bec9-093a22563eea,2025-10-29 17:54:53.000000,user47,Databricks,download,2652,385.82,a34704a6-fb63-42bb-83f8-bad02a1651a2,
2b1772bd-fcae-439d-acb7-11b1c8561ff0,2025-10-29 18:33:43.000000,user19,Workday,upload,1051,171.1,d3db338e-681f-421b-9f1f-6deff35fb44c,d379d841-2571-4487-84cb-60cf215d14df
49c01722-03d6-44c2-9a63-ed9363ea1207,2025-10-29 18:53:11.000000,user47,Jira,download,2411,452.91,a34704a6-fb63-42bb-83f8-bad02a1651a2,d6de783a-8c3d-4581-a0e1-683af840b183
d7915118-712f-4001-b86f-e8cc73eb5fbc,2025-10-29 18:55:10.000000,user3,Salesforce,modify,1145,229.79,8267b2dd-b52c-44b4-a9c4-bbc463ea4aa7,3d19837a-c819-4fc5-aeed-111e85b2177b
2fc372ad-8ede-47a6-a133-44fc905f77a6,2025-10-29 18:57:15.000000,user47,Workday,upload,3232,139.07,a34704a6-fb63-42bb-83f8-bad02a1651a2,779be8b0-ffaa-4ea2-9026-3f735c61170d
15948131-5b75-4268-965c-deedf4b6c904,2025-10-29 19:14:50.000000,user10,Snowflake,view,1956,119.37,da226d9c-9cc5-4f87-b986-b2286c82c849,2090defb-2e0b-42d6-8ae8-5789cd5e86a2
99f4fe44-976a-40eb-82ae-21725663cd39,2025-10-29 19:29:22.000000,user47,GitHub,download,3431,177.97,a34704a6-fb63-42bb-83f8-bad02a1651a2,d6de783a-8c3d-4581-a0e1-683af840b183
2b6a2c1f-193d-44eb-b06d-adfd505af886,2025-10-29 19:35:09.000000,user10,Workday,download,2129,326.33,da226d9c-9cc5-4f87-b986-b2286c82c849,2090defb-2e0b-42d6-8ae8-5789cd5e86a2
7e3bd8f3-3861-43ef-81da-3c4f9f35a434,2025-10-29 20:10:40.000000,user46,Salesforce,modify,1940,53.46,6bf4f03c-c4a6-4b91-a024-a4181d2ed9b9,aa7e2cc4-be86-4748-a5e4-51c8bf7091f8
8cd0b4bc-3c42-47ff-ac56-2a953a2d3c24,2025-10-29 20:25:44.000000,user19,SAP,download,1381,208.9,d3db338e-681f-421b-9f1f-6deff35fb44c,c4c20f60-5934-42d2-b3a6-68be730a140e
29d1183c-9ada-47d8-917b-56c9a0b2e892,2025-10-29 20:34:27.000000,user47,SAP,upload,3591,400.19,a34704a6-fb63-42bb-83f8-bad02a1651a2,779be8b0-ffaa-4ea2-9026-3f735c61170d
645a854f-179c-4c4e-a284-7bfbc19262c6,2025-10-29 22:17:09.000000,user40,Snowflake,modify,2939,179.11,f83864c9-1cce-46d0-b04f-6080d585b10d,6d69470a-ac7a-452b-9bda-077b61264b5e
fcd44221-2e82-4136-9bac-2b63b6a660ed,2025-10-29 22:55:35.000000,user14,Databricks,upload,2823,383.15,cf5631bd-6ce0-4782-837c-711049e73e75,bd4f4977-d6d5-4fbf-b61a-4069e21339a2
314fe95c-a62d-4e7f-9daf-81c284f4370a,2025-10-29 23:30:21.000000,user19,Databricks,upload,2596,318.78,d3db338e-681f-421b-9f1f-6deff35fb44c,
bba4c675-9ba7-41e2-9809-0bd0fe357bdd,2025-10-29 23:51:32.000000,user14,Snowflake,download,2701,335.29,ecee407c-3d17-44dc-af63-257ecd6237ff,e729330a-e56c-4456-9106-846fa620239a
f8fae5bf-2067-4f29-9429-0265dc28dab7,2025-10-29 23:56:23.000000,user14,GitHub,view,2659,313.58,ecee407c-3d17-44dc-af63-257ecd6237ff,e729330a-e56c-4456-9106-846fa620239a
28ad12b0-ec7b-4414-b942-360f4a030eb3,2025-10-30 00:28:20.000000,user40,Databricks,upload,2874,335.81,f83864c9-1cce-46d0-b04f-6080d585b10d,6d69470a-ac7a-452b-9bda-077b61264b5e
bd406dc6-afc1-4bed-8a98-3b23ee366126,2025-10-30 00:37:03.000000,user40,GitHub,download,668,131.98,f83864c9-1cce-46d0-b04f-6080d585b10d,
16bd3ff6-55f0-484e-a9db-d153b7126c53,2025-10-30 00:49:36.000000,user19,Jira,upload,3404,109.82,d3db338e-681f-421b-9f1f-6deff35fb44c,1a621056-d1e3-4527-8fb8-36383826e144
cb52ae14-9daa-4ee1-8de2-0853c2af8603,2025-10-30 00:53:16.000000,user43,SAP,view,2630,74.59,c6c4cd9c-6333-41bc-875f-7b34a247443b,ab46a1b3-faa6-482d-9df1-3989e8a221f4
cfce5e27-0eb0-4d96-a24c-dac02343901b,2025-10-30 00:57:47.000000,user21,Databricks,view,197,206.13,1a318193-6b4c-409d-af8c-b074fcefd7b4,2264efba-5781-4db7-a183-b63bad14b142
d758fffb-468c-4f37-9083-2f0f572409d4,2025-10-30 01:02:05.000000,user14,Jira,download,414,440.2,ecee407c-3d17-44dc-af63-257ecd6237ff,bd4f4977-d6d5-4fbf-b61a-4069e21339a2
9932cbb4-467f-40da-ae51-1c1c89139fda,2025-10-30 01:25:01.000000,user19,Jira,download,1520,253.63,d3db338e-681f-421b-9f1f-6deff35fb44c,d379d841-2571-4487-84cb-60cf215d14df
e717e751-642d-4513-958a-489fe837201e,2025-10-30 01:49:40.000000,user14,Salesforce,modify,638,96.18,cf5631bd-6ce0-4782-837c-711049e73e75,bd4f4977-d6d5-4fbf-b61a-4069e21339a2
0f4ce3ea-66b0-4a80-aa51-37e590ebd245,2025-10-30 02:06:22.000000,user21,Jira,upload,1117,468.57,1a318193-6b4c-409d-af8c-b074fcefd7b4,977d04d1-e85b-4b15-b742-03fad1963760
c1045095-1de0-4494-adeb-116cd2220fc2,2025-10-30 03:43:04.000000,user14,GitHub,upload,85,118.91,cf5631bd-6ce0-4782-837c-711049e73e75,
dd4b29ce-0711-406c-918e-ce343027c1c7,2025-10-30 03:49:55.000000,user14,Workday,modify,3394,342.0,cf5631bd-6ce0-4782-837c-711049e73e75,e729330a-e56c-4456-9106-846fa620239a
0f035b6e-aaa8-4888-abe6-26467baf7983,2025-10-30 03:53:06.000000,user40,Databricks,modify,1127,241.55,f83864c9-1cce-46d0-b04f-6080d585b10d,3fc68a79-0378-4a04-ad13-338646489999
3874582b-e588-4a18-82ba-68d040e1907d,2025-10-30 03:54:33.000000,user32,Snowflake,modify,721,434.78,4289426e-17fb-41ab-9b1b-42ee16850fc4,
b38351c0-be3d-4fbf-b1c5-966c4da880c1,2025-10-30 04:25:44.000000,user1,SAP,view,737,20.3,4fd03c1c-5865-462a-9886-4ae359358967,
ed613857-c1f8-484e-ae7d-337316ae5ba4,2025-10-30 05:02:36.000000,user21,Workday,download,3303,196.42,1a318193-6b4c-409d-af8c-b074fcefd7b4,0e082e8b-b6fe-4b3e-beca-4feaeba7651d
80a96420-34e9-4a67-8d83-1a3fdd7d87c5,2025-10-30 05:25:58.000000,user48,Jira,modify,1767,445.01,f91291c7-1197-4a31-92cc-c4588e491b48,
a9ef67e5-d851-4bdd-a850-94377b7f6026,2025-10-30 05:39:36.000000,user46,GitHub,upload,239,63.91,c1dc455e-c53a-4174-953e-e2b4df81fab8,
32f9f611-abc3-43dc-a677-de40665fbd03,2025-10-30 05:42:14.000000,user1,GitHub,upload,2535,17.55,4fd03c1c-5865-462a-9886-4ae359358967,5ec3fbb0-8551-48bd-bbae-aa6d14c5f1ff
58b74869-e807-4956-9758-034eeb4de5f5,2025-10-30 05:55:45.000000,user9,Salesforce,modify,2702,232.19,6450c640-a7c6-4c73-8fe7-48d4a4c67488,
84b3d2c3-8b88-422a-b1ab-0518bb494beb,2025-10-30 06:04:08.000000,user43,Workday,view,3481,209.82,c6c4cd9c-6333-41bc-875f-7b34a247443b,
eb145680-fbff-440f-99b8-19f99150edc3,2025-10-30 06:25:30.000000,user46,Jira,view,2076,249.71,c1dc455e-c53a-4174-953e-e2b4df81fab8,aa7e2cc4-be86-4748-a5e4-51c8bf7091f8
f97e72eb-85dd-4ad2-93ec-766c75a1664d,2025-10-30 06:56:29.000000,user48,Databricks,view,1106,339.51,f91291c7-1197-4a31-92cc-c4588e491b48,
410d9f9e-dfad-4d9c-9934-a9c2cb5aa104,2025-10-30 06:57:06.000000,user48,Salesforce,modify,2873,371.17,f91291c7-1197-4a31-92cc-c4588e491b48,
153844d6-58ba-4808-bb9c-3442c07eaff3,2025-10-30 07:04:47.000000,user32,Databricks,modify,1672,343.82,ad65c308-2065-473c-b1e9-b997828a8101,
37e3a561-7229-40a1-b5d9-940c84577f47,2025-10-30 07:13:37.000000,user1,SAP,view,1670,52.99,4fd03c1c-5865-462a-9886-4ae359358967,
02d5160f-3e62-4cc2-b0a2-564165cef31c,2025-10-30 07:47:11.000000,user46,SAP,view,1081,186.12,c1dc455e-c53a-4174-953e-e2b4df81fab8,aa7e2cc4-be86-4748-a5e4-51c8bf7091f8
dca79422-bb92-4f80-a7c3-0da1dc85798c,2025-10-30 08:19:59.000000,user48,SAP,modify,643,31.97,f91291c7-1197-4a31-92cc-c4588e491b48,
e19812a8-f8df-493c-b7fe-c6059f16d45b,2025-10-30 08:37:14.000000,user46,GitHub,download,1242,142.36,c1dc455e-c53a-4174-953e-e2b4df81fab8,aa7e2cc4-be86-4748-a5e4-51c8bf7091f8
63270041-a7ed-4963-a390-2448d6877906,2025-10-30 08:55:38.000000,user31,Jira,view,3576,28.77,55da3679-ce59-45fd-84ff-3c9513cfe58f,54051b9c-148f-4394-9326-d32b45df1e5c
7e946039-7ca2-4c09-a27e-145b532bca75,2025-10-30 09:07:37.000000,user38,Salesforce,view,1222,130.08,df2f04f6-4b54-45c2-ab6b-f278a7a823a0,
633bcfab-694f-44e0-be07-9efc12bb7a64,2025-10-30 09:15:06.000000,user9,Databricks,modify,2439,367.61,e09b1ad4-ff03-4c9a-81ec-fa5ffdf05c3f,b67adbb1-c83d-4400-adcc-be26c44f33a2
70e39bba-2876-4c86-a2e4-8948e9db935d,2025-10-30 09:41:16.000000,user9,Snowflake,download,776,364.33,e09b1ad4-ff03-4c9a-81ec-fa5ffdf05c3f,285b9f7c-851c-43d9-98c4-a29939c3551a
46e6dc75-7fc0-43bf-a384-8aa4baa3db04,2025-10-30 09:42:16.000000,user46,Workday,modify,980,323.44,c1dc455e-c53a-4174-953e-e2b4df81fab8,aa7e2cc4-be86-4748-a5e4-51c8bf7091f8
74eb126a-e1de-4afd-b8ba-77c7f0c2fdfe,2025-10-30 09:45:59.000000,user9,Snowflake,download,822,76.21,6450c640-a7c6-4c73-8fe7-48d4a4c67488,
fc5fc7b9-9015-4f06-aa0f-6a23d825cc91,2025-10-30 09:52:37.000000,user9,Salesforce,download,3262,84.09,6450c640-a7c6-4c73-8fe7-48d4a4c67488,b67adbb1-c83d-4400-adcc-be26c44f33a2
86e249aa-66ba-4728-bea3-c31bdba58a19,2025-10-30 10:30:15.000000,user18,GitHub,upload,2345,237.3,cfffc39b-0d4a-4e02-89be-3b8567794706,a617ba9c-c2bf-40a7-bca0-c69cf7b2b07a
961e4e40-cc2b-4ee4-8eb8-655a76a047ee,2025-10-30 10:45:41.000000,user32,Jira,upload,87,221.32,ad65c308-2065-473c-b1e9-b997828a8101,d0f71308-4deb-490b-845d-011dfd1992e5
7d2b57ad-987e-4f83-a122-92c549e90737,2025-10-30 10:48:52.000000,user50,Workday,view,2679,213.87,bb020791-7c18-4c40-8fe6-899794b9dc00,f3c0d464-4948-4d9f-b157-ad50e7728df2
8e56f171-bf84-4eb1-99b9-ff393e51073d,2025-10-30 10:51:23.000000,user1,SAP,download,127,458.93,4fd03c1c-5865-462a-9886-4ae359358967,5ec3fbb0-8551-48bd-bbae-aa6d14c5f1ff
d8b8b195-2b9e-41e5-86db-67be17c03579,2025-10-30 10:56:37.000000,user25,Jira,view,2907,60.13,03a9fb80-1eee-4246-bc6d-c0b170729bf3,291d2c05-cd99-483a-bba0-0acb49052869
17804075-b430-4d8d-a9dc-34ab3a1b9afa,2025-10-30 11:00:35.000000,user18,Snowflake,view,2800,235.02,cfffc39b-0d4a-4e02-89be-3b8567794706,051600c1-228e-4e7c-8fb4-1528d68dbe28
adc6fe26-8ce0-4903-9ac2-83dc2537c38b,2025-10-30 11:05:26.000000,user9,SAP,view,354,490.44,6450c640-a7c6-4c73-8fe7-48d4a4c67488,b67adbb1-c83d-4400-adcc-be26c44f33a2
a45f07e8-23c3-4e48-a630-69d5f6d9fca0,2025-10-30 11:12:00.000000,user32,Databricks,upload,665,200.04,ad65c308-2065-473c-b1e9-b997828a8101,d0f71308-4deb-490b-845d-011dfd1992e5
f70f8c69-5fa2-49f4-9f6b-8aa31a927cd8,2025-10-30 11:21:47.000000,user9,Snowflake,view,3512,169.25,e09b1ad4-ff03-4c9a-81ec-fa5ffdf05c3f,285b9f7c-851c-43d9-98c4-a29939c3551a
15544fd8-88e0-4139-83dc-fedaaec9ef84,2025-10-30 11:31:10.000000,user8,Workday,upload,2634,32.99,9c7c216c-178b-4141-bb1f-3da344202428,025a888d-be8d-4821-9e43-4e112d04c058
d6b9be0e-939d-4e24-a094-2f1fd3eb1593,2025-10-30 11:35:49.000000,user9,Workday,view,1322,143.75,6450c640-a7c6-4c73-8fe7-48d4a4c67488,f7f082aa-22ff-4499-b8de-2910f5c99df9
deee0dea-d7a9-413c-abf8-ecabee3ac978,2025-10-30 11:41:47.000000,user38,Salesforce,upload,592,370.59,df2f04f6-4b54-45c2-ab6b-f278a7a823a0,3aef07c2-c775-41fd-b9b2-cdf12b9d4a94
db4f3c73-1d40-48b2-ba44-6a714ed3fd87,2025-10-30 11:50:50.000000,user25,SAP,upload,370,419.39,03a9fb80-1eee-4246-bc6d-c0b170729bf3,f1ec4e04-5372-4d8a-ad2e-3e8e813410ca
cae3a848-fec9-4fd8-be69-d6b2433bb60f,2025-10-30 12:01:06.000000,user9,SAP,modify,2397,460.01,e09b1ad4-ff03-4c9a-81ec-fa5ffdf05c3f,
552915dd-908b-4a39-98fe-731ca3dd993f,2025-10-30 12:33:48.000000,user8,Jira,view,1400,194.21,9c7c216c-178b-4141-bb1f-3da344202428,bd0a371c-614d-4102-9be6-993308df75c8
ea4b23d1-ef40-4da3-805b-78c7fe98b479,2025-10-30 13:01:08.000000,user8,Databricks,view,2856,419.83,9c7c216c-178b-4141-bb1f-3da344202428,2d77766c-f5b5-40ed-b9c0-9a402a1abe7e
a3f385d2-abf6-4a06-9721-f10f0dd971a4,2025-10-30 13:03:40.000000,user21,GitHub,view,1822,14.4,75d02654-ca73-40cc-9b6d-206f509de39a,894a8cad-be5e-40a8-b5b2-579ba04398eb
38de11e9-ee44-4255-b254-1cdfed7d00cf,2025-10-30 13:19:44.000000,user43,GitHub,download,1131,324.56,b1e9ff3b-bbae-4de8-a9cc-b02a80aa878e,7962a4f2-0143-4d08-910b-9e5b6038413e
eb4bd11c-ef41-477d-90ba-f6c5c2c8596a,2025-10-30 13:20:27.000000,user7,Jira,download,2687,52.63,d842087e-ba54-4797-8454-59dc2a789ef1,
66255a0d-3789-4c9a-94cc-ba2a1a7f61e6,2025-10-30 13:34:48.000000,user32,Jira,view,612,452.54,ad65c308-2065-473c-b1e9-b997828a8101,
79b7893b-e06b-4956-801d-85e5a1ecdb9d,2025-10-30 13:46:38.000000,user50,Databricks,upload,1918,109.54,bb020791-7c18-4c40-8fe6-899794b9dc00,
2ed1af48-1a4d-4a0c-9ba1-1a2502a0a70a,2025-10-30 13:51:53.000000,user25,Databricks,upload,576,278.77,03a9fb80-1eee-4246-bc6d-c0b170729bf3,c1433c5b-09f3-4c09-9e21-ed18bd950db6
5210bd8c-fed2-466e-bb84-02789586b966,2025-10-30 13:53:56.000000,user32,Jira,upload,1990,234.58,ad65c308-2065-473c-b1e9-b997828a8101,07556446-9271-49e3-ade7-308df49a6e81
0e6a7adc-1354-446a-bf6c-f78058ffed8f,2025-10-30 13:54:08.000000,user50,Jira,modify,2875,314.19,bb020791-7c18-4c40-8fe6-899794b9dc00,
9c97f68f-f882-488f-bba9-17a613e77cdd,2025-10-30 14:34:56.000000,user34,Snowflake,upload,956,113.24,a95b911a-dbb2-4b43-995b-24e80b545ce3,
55158e14-0645-470e-94c2-757602c11dfc,2025-10-30 15:23:43.000000,user38,SAP,download,2020,436.24,cf03da5a-de73-407b-a3f9-97859bf7aef2,3ce61ba1-75b8-4ebb-96dd-e20da65442bf
adbe399c-db0a-4ebc-9c73-b9333775cecb,2025-10-30 15:40:00.000000,user18,Salesforce,download,1885,349.99,cfffc39b-0d4a-4e02-89be-3b8567794706,f7a1ec62-3d79-4656-bcaa-5c34ede63120
32bdaff9-565f-4222-8244-265985888138,2025-10-30 15:46:07.000000,user25,Salesforce,view,2556,278.63,03a9fb80-1eee-4246-bc6d-c0b170729bf3,291d2c05-cd99-483a-bba0-0acb49052869
b904e917-ba3f-40b6-b5c7-ab7f9e7a9a1b,2025-10-30 16:01:29.000000,user4,Salesforce,upload,2550,362.07,0597a2bd-833f-4224-a160-be7ddcdcaa63,
41df4dd5-1ad6-4d0b-85ad-d57adfa8ddc3,2025-10-30 16:03:38.000000,user16,Snowflake,upload,3218,359.68,a9c99361-7507-4141-8ebb-0cebb3bd3a88,be8f51ce-eb26-4959-972d-00979150cf6c
146f356d-d5ea-4b9b-a3b2-d531590d2a2b,2025-10-30 16:17:45.000000,user18,Jira,view,2773,27.8,cfffc39b-0d4a-4e02-89be-3b8567794706,
4faee495-16a6-44b0-b67c-cd1f17d682ed,2025-10-30 16:48:48.000000,user45,GitHub,modify,1449,76.52,61387dff-a8ef-4d5b-b36b-360863787dc1,
e5427c76-6390-483f-8fae-a8bafb816e02,2025-10-30 17:49:01.000000,user18,SAP,upload,145,363.53,cfffc39b-0d4a-4e02-89be-3b8567794706,051600c1-228e-4e7c-8fb4-1528d68dbe28
4c5e89dc-9694-4ead-a574-e94defe03c26,2025-10-30 18:01:01.000000,user19,Snowflake,modify,1006,229.83,5d03ed74-12b6-48a3-917f-40ac9fdf923f,8bcf9ce9-4768-4c59-aa77-ee47f46f68d6
5ac96119-1142-4d41-a655-1318a4dea60a,2025-10-30 18:09:50.000000,user43,Snowflake,view,78,494.89,b1e9ff3b-bbae-4de8-a9cc-b02a80aa878e,ab46a1b3-faa6-482d-9df1-3989e8a221f4
86b87e11-a628-4c6f-b48d-1028042bb972,2025-10-30 18:31:51.000000,user45,Jira,upload,2467,433.67,61387dff-a8ef-4d5b-b36b-360863787dc1,252c74b3-f2ca-4dbf-a402-3cb95bcb79b3
7f18a37c-d436-40f1-b41d-872321f881ce,2025-10-30 18:44:28.000000,user45,Workday,upload,2770,324.57,61387dff-a8ef-4d5b-b36b-360863787dc1,252c74b3-f2ca-4dbf-a402-3cb95bcb79b3
28513bf3-857e-482e-93ac-723d5430ba96,2025-10-30 19:13:07.000000,user19,Jira,download,1583,267.25,5d03ed74-12b6-48a3-917f-40ac9fdf923f,
c9fc60ec-9fe0-41a2-b70a-2eb31d874d15,2025-10-30 20:07:14.000000,user4,Workday,download,1263,299.76,0597a2bd-833f-4224-a160-be7ddcdcaa63,
9c1922b6-51cf-41b6-a691-4986988e2d19,2025-10-30 20:12:32.000000,user40,Salesforce,download,886,92.15,87a95794-e70f-4f1f-8af7-c9405ed3e2f3,3fc68a79-0378-4a04-ad13-338646489999
e6c99ded-c815-4f8d-962d-ec0eec0ca72f,2025-10-30 20:18:03.000000,user4,GitHub,view,2141,30.1,0597a2bd-833f-4224-a160-be7ddcdcaa63,7f4bd8f8-adf3-4efa-97ff-77c5dbf502c8
d07009b3-6580-44a3-829f-24a1e28c9b38,2025-10-30 20:27:52.000000,user15,Jira,modify,2695,138.22,a5a350e0-7b16-42b5-a49e-39a7c3c348b6,
da856c26-a3d5-4bb8-9bc4-7226da78b11c,2025-10-30 20:36:12.000000,user40,Snowflake,view,2901,259.52,771639c5-6f35-4493-8df0-0d45e0f1747b,
40ba9e5b-1d17-4ef4-af7b-f37e63b0e161,2025-10-30 20:41:00.000000,user15,Jira,view,2078,333.34,a5a350e0-7b16-42b5-a49e-39a7c3c348b6,671f84c6-52ba-4269-9b2f-9b87faef5ea2
84210c07-83ac-4297-8cc2-e1a489ecfd61,2025-10-30 21:17:12.000000,user40,GitHub,modify,1837,368.58,87a95794-e70f-4f1f-8af7-c9405ed3e2f3,
b1fb3de4-43e0-41f1-b29a-3963e17272a3,2025-10-30 21:20:36.000000,user34,Snowflake,modify,635,328.66,8bd848bc-cee3-4b75-8b41-f5ed8736845c,
cedd0091-9e5a-4dfc-9a80-d9a3d2dfdfe5,2025-10-30 21:20:47.000000,user34,GitHub,modify,3399,287.65,8bd848bc-cee3-4b75-8b41-f5ed8736845c,d9d3c543-c613-4ed5-ae94-38df532eaf29
61f47ad8-b50a-424f-bcab-0c96d23d1097,2025-10-30 21:51:08.000000,user34,Workday,upload,1957,485.9,8bd848bc-cee3-4b75-8b41-f5ed8736845c,
0a779217-0f33-498c-8af6-b1ef6f8ef87b,2025-10-30 22:07:46.000000,user19,Workday,view,3460,265.57,5d03ed74-12b6-48a3-917f-40ac9fdf923f,1a621056-d1e3-4527-8fb8-36383826e144
d54b4303-d831-4ae5-935c-d40e8d5091dc,2025-10-30 22:27:53.000000,user40,SAP,view,2790,178.39,87a95794-e70f-4f1f-8af7-c9405ed3e2f3,6d69470a-ac7a-452b-9bda-077b61264b5e
12f3048c-8195-4258-a913-3cbb7fd57937,2025-10-30 22:28:13.000000,user19,Workday,modify,3586,222.63,5d03ed74-12b6-48a3-917f-40ac9fdf923f,
b81190de-6ca4-4fdd-9870-d57f63d80e54,2025-10-31 00:36:17.000000,user1,Snowflake,upload,1790,40.18,842a24b0-4c47-4999-837b-3e749cdc8dc2,5ec3fbb0-8551-48bd-bbae-aa6d14c5f1ff
55e83224-1725-49af-9522-92c6a5426fab,2025-10-31 00:44:25.000000,user30,Jira,upload,2473,111.96,345dc892-a970-4a5b-85c2-533198d60804,52f11624-e766-4d14-a725-b3ca5bb6ac77
66e6c68a-76d9-4ee9-8ba7-8b84785563ae,2025-10-31 00:57:06.000000,user37,Databricks,modify,1733,497.37,34f32307-6d51-48b2-87ee-9c6f1bf4e452,951ac8f2-d9d9-481a-ae43-df01758bc9a2
95964ebe-d157-40f8-a078-20353ef2b527,2025-10-31 00:59:34.000000,user1,Jira,view,2003,360.81,842a24b0-4c47-4999-837b-3e749cdc8dc2,5ec3fbb0-8551-48bd-bbae-aa6d14c5f1ff
e4f0425c-b6eb-4bdb-8063-e9022b06b3e0,2025-10-31 01:04:40.000000,user34,Salesforce,download,2744,466.28,8bd848bc-cee3-4b75-8b41-f5ed8736845c,d9d3c543-c613-4ed5-ae94-38df532eaf29
23104d82-906b-4392-b4b1-5971d15f4b6d,2025-10-31 03:15:40.000000,user37,Workday,upload,313,118.56,34f32307-6d51-48b2-87ee-9c6f1bf4e452,
7d2e1d97-fcfe-4388-813d-60f35e0f7073,2025-10-31 03:51:08.000000,user1,GitHub,download,1279,193.91,842a24b0-4c47-4999-837b-3e749cdc8dc2,
cf06e1fe-e1e9-484c-af03-ceeca76ee61c,2025-10-31 03:57:40.000000,user43,Workday,upload,1439,400.5,f2c209bd-609f-4630-b92f-36a36cf1f1a2,ab46a1b3-faa6-482d-9df1-3989e8a221f4
2bb6c482-358c-464f-91cf-dc79a141631b,2025-10-31 05:04:33.000000,user43,Databricks,download,1856,432.27,f2c209bd-609f-4630-b92f-36a36cf1f1a2,
cf1c8fe2-25b3-4b1e-ad06-f2b2333103fb,2025-10-31 05:11:03.000000,user34,Jira,view,2971,305.27,8bd848bc-cee3-4b75-8b41-f5ed8736845c,
e324accd-eeb5-4416-9a1a-a8bdcb4adf03,2025-10-31 05:41:21.000000,user37,GitHub,upload,1171,165.37,34f32307-6d51-48b2-87ee-9c6f1bf4e452,a417c8aa-10f4-4149-ac0d-5e38a83f0690
25c45b41-f1e4-4d1f-b9c9-f4454a08d110,2025-10-31 06:32:39.000000,user2,Jira,upload,1018,124.79,cfb37792-cce6-4220-97ed-015580e27735,c7eb3396-3b92-48f5-a887-07c4ee0ae05f
89cee42b-0be2-4e6e-bdc3-f071b8781af5,2025-10-31 06:33:12.000000,user37,Salesforce,download,2445,496.58,34f32307-6d51-48b2-87ee-9c6f1bf4e452,
22bc59a6-0aad-4fc5-975b-643222f0d243,2025-10-31 07:36:31.000000,user16,Workday,upload,3256,148.01,7bc00be7-5c46-4537-8e10-700d3c179507,
8d822995-1a01-493e-afe7-8613b7bf7c1d,2025-10-31 08:08:43.000000,user47,Databricks,download,1393,332.08,14df93f7-9b2b-472d-8347-3ed81237c200,9f042912-bee0-42d2-9ad8-e9edaa335511
8f9c755e-09d8-4bea-8e1a-09728fac5b2f,2025-10-31 08:25:52.000000,user2,Jira,view,316,490.61,cfb37792-cce6-4220-97ed-015580e27735,c7eb3396-3b92-48f5-a887-07c4ee0ae05f
70f04d78-eb2d-4ba3-aa7e-77f4555fe7d5,2025-10-31 09:16:35.000000,user2,Workday,upload,980,51.97,cfb37792-cce6-4220-97ed-015580e27735,c7eb3396-3b92-48f5-a887-07c4ee0ae05f
d082e907-367e-4eae-b722-7b371649ef55,2025-10-31 09:57:10.000000,user2,Databricks,modify,2902,460.88,cfb37792-cce6-4220-97ed-015580e27735,c7eb3396-3b92-48f5-a887-07c4ee0ae05f
3d2dbebe-82d0-4777-a855-579fd1f0da46,2025-10-31 11:40:42.000000,user18,Jira,modify,2143,301.8,7a62dcfe-e932-44fa-a737-402316a398dd,1c1057fe-1302-4398-a31e-fd2718487b67
1ce2535d-0b5b-40c6-ada2-3bddd5052866,2025-10-31 12:46:24.000000,user40,GitHub,download,1472,209.77,21e63a63-91b7-4177-8dc2-55af747da782,6d69470a-ac7a-452b-9bda-077b61264b5e
da59d451-5060-4258-af1d-837c4af61b9b,2025-10-31 14:07:25.000000,user2,Workday,download,145,328.96,cfb37792-cce6-4220-97ed-015580e27735,
b6b43252-665a-495a-92b4-b595dff1f34e,2025-10-31 14:36:19.000000,user40,Workday,download,306,268.91,21e63a63-91b7-4177-8dc2-55af747da782,3fc68a79-0378-4a04-ad13-338646489999
9469faca-85b1-4cf7-9760-e90d3c849c75,2025-10-31 14:59:31.000000,user32,Salesforce,download,2240,379.39,58317371-4539-4222-af99-e5cfa27922a9,f1f23ff4-fb26-4adf-93a8-b983d6dfe503
5d72232d-34e9-4582-ae14-357f693f83f8,2025-10-31 16:29:53.000000,user7,Workday,modify,3366,308.83,b0c02da6-a568-4441-9404-1ad4a6d5f1f6,
04bd372a-aa99-44ba-ae69-796099a89f64,2025-10-31 17:18:28.000000,user32,Databricks,view,888,272.26,413e2c65-bac9-492b-9e74-e1cf990ff7ba,
583f1ad5-1c47-4f24-990c-7541eb4dfade,2025-10-31 18:23:06.000000,user7,Snowflake,upload,661,23.18,b0c02da6-a568-4441-9404-1ad4a6d5f1f6,
dc66a63d-52d1-4589-ad7b-0dec9d4f790b,2025-10-31 18:32:47.000000,user49,Salesforce,upload,1627,295.08,68614119-c0fb-4e43-8c97-a17bf8da2982,
50ab216e-4d6b-48b6-b6b8-f5e6d36ffe85,2025-10-31 18:41:06.000000,user49,Databricks,upload,1803,163.73,68614119-c0fb-4e43-8c97-a17bf8da2982,8eed878c-c6cc-49c2-9966-aa4d9176ba88
983f885c-7630-4455-a975-8892611fd01f,2025-10-31 18:52:35.000000,user44,SAP,upload,1450,311.67,2fd27093-7f7f-4092-b337-59630d594f08,3be1af86-db4e-4bd9-ac89-72d47abbc4ee
0beef044-eeb3-48bd-8c0b-14cfbea4a477,2025-10-31 20:11:23.000000,user26,GitHub,upload,1413,145.89,014fc438-59ca-468c-aed9-429d2aaa7b40,d593038b-c884-4eb3-9ba7-b886d14d7c2e
01c41526-5192-4e57-ac4a-d421df4cc9dc,2025-10-31 20:25:57.000000,user49,Jira,download,2422,21.71,68614119-c0fb-4e43-8c97-a17bf8da2982,
2f9483bc-b0db-4b6f-b4f2-d7e1f3a1a8a4,2025-10-31 20:33:52.000000,user7,Databricks,modify,2867,420.51,b0c02da6-a568-4441-9404-1ad4a6d5f1f6,
7af9a7c4-a31c-4076-9a16-59e246cb8817,2025-10-31 20:44:08.000000,user6,Databricks,download,3097,240.78,8a13979a-cd2e-47df-b032-241e1904be8c,69bcda38-b872-4376-a01f-6ba49da86ce3
bd4f0ed9-b5e8-4f5b-bc64-b27cb4379231,2025-10-31 20:48:16.000000,user6,SAP,upload,792,236.13,8a13979a-cd2e-47df-b032-241e1904be8c,aba79c4c-2f79-46cb-b4f0-20ffda880963
6c3dae67-d437-4a55-abc7-c95536e751fe,2025-10-31 20:49:59.000000,user7,Jira,view,3276,367.06,b0c02da6-a568-4441-9404-1ad4a6d5f1f6,
cb78a407-56d5-4313-85b7-cf8dd57d350e,2025-10-31 21:06:42.000000,user21,Salesforce,view,1503,394.57,6816256c-1444-44ce-b507-7c78b567dabc,894a8cad-be5e-40a8-b5b2-579ba04398eb
c2086767-d4a7-44b9-b8e4-95974c66f4be,2025-10-31 21:11:36.000000,user27,Workday,modify,1119,319.23,d322f746-ef0d-409b-83a7-832aec6c189b,1f68baa5-53ee-4992-838e-2c30cac2725a
2945d5e9-6afb-4fe9-b78b-07771625d852,2025-10-31 21:29:45.000000,user12,Workday,download,2076,322.51,71fee01e-a145-4bc7-8cc7-a5e4e1852a3a,6aabf794-05b9-4c48-8442-99139fc97c81
3ea4be22-c914-4d40-abbd-8cf60be1b737,2025-10-31 21:36:34.000000,user26,Salesforce,download,1906,324.97,014fc438-59ca-468c-aed9-429d2aaa7b40,d593038b-c884-4eb3-9ba7-b886d14d7c2e
f398476c-7756-4495-bd15-d989a9aff80a,2025-10-31 21:39:33.000000,user6,Workday,upload,1822,485.0,8a13979a-cd2e-47df-b032-241e1904be8c,8920d329-190c-4281-8363-6c207e82825a
83633786-68ab-43c5-b9b0-3bf3cf1dbdc6,2025-10-31 21:51:53.000000,user49,Databricks,view,731,457.52,68614119-c0fb-4e43-8c97-a17bf8da2982,69643a0d-af4f-44ea-9a28-a7ed58e098de
30dcfb94-aa5e-4f7b-bd28-c27406fa7ed2,2025-10-31 21:57:07.000000,user26,Snowflake,upload,2934,82.45,014fc438-59ca-468c-aed9-429d2aaa7b40,
82b44735-2edc-4e7f-a998-72ec57df8303,2025-10-31 22:04:43.000000,user6,Snowflake,modify,642,4.14,8a13979a-cd2e-47df-b032-241e1904be8c,88dd69ee-eba2-462a-b055-8079846c2b0e
9ac7e1f8-d015-4280-86c6-274fb433f47e,2025-10-31 22:08:56.000000,user26,Workday,download,933,372.99,014fc438-59ca-468c-aed9-429d2aaa7b40,d593038b-c884-4eb3-9ba7-b886d14d7c2e
6f8db29d-4e7f-4eae-82e0-b1656db79f3a,2025-10-31 22:16:55.000000,user21,Workday,upload,1586,304.75,6816256c-1444-44ce-b507-7c78b567dabc,1442b6c8-f6c3-4711-88b0-a33d51a45316
904dddfe-0066-45de-bdad-c08474d6eea4,2025-10-31 22:32:10.000000,user4,SAP,upload,875,30.52,996bafa1-08df-4581-9dc7-02c4fa995409,e9acb8dc-11af-4ad8-94dc-1b6fd2bb69fd
0d15298c-11e4-4523-938b-da0f8384afb5,2025-10-31 23:01:08.000000,user46,Salesforce,view,2855,82.35,cc5e7717-be45-4194-a3be-0d21e36ea880,aa7e2cc4-be86-4748-a5e4-51c8bf7091f8
2d97a87c-9928-41e5-b0ae-b745fed7ef40,2025-10-31 23:15:18.000000,user49,Snowflake,modify,2604,427.4,68614119-c0fb-4e43-8c97-a17bf8da2982,98705348-e6fc-4f8e-9e6e-abab8cf695c7
e38284fa-3a64-40e2-bd4c-f1f585fdaabb,2025-10-31 23:25:08.000000,user4,Snowflake,modify,3550,477.65,996bafa1-08df-4581-9dc7-02c4fa995409,
4c0495e1-213a-4901-b880-70930bd68826,2025-10-31 23:38:57.000000,user7,SAP,modify,98,104.78,b0c02da6-a568-4441-9404-1ad4a6d5f1f6,
54526ad0-ea81-4bcb-a784-a2a4aac0becb,2025-10-31 23:40:05.000000,user46,SAP,download,2075,373.31,cc5e7717-be45-4194-a3be-0d21e36ea880,87929e36-fbe5-4efe-bf31-308ec7a3f55e
5bd66782-0163-4c4b-b0b0-4fae17bfa98f,2025-10-31 23:57:50.000000,user26,Databricks,upload,3371,462.31,014fc438-59ca-468c-aed9-429d2aaa7b40,
eef20d4a-67c9-4809-b1d0-793cc0ca813c,2025-10-31 23:59:52.000000,user21,GitHub,download,3591,322.82,6816256c-1444-44ce-b507-7c78b567dabc,1442b6c8-f6c3-4711-88b0-a33d51a45316
ae13ccbb-b512-4097-8d20-6ffc4aefbc2c,2025-11-01 00:36:26.000000,user12,GitHub,modify,1421,265.84,71fee01e-a145-4bc7-8cc7-a5e4e1852a3a,41d0d21f-6bc3-4544-8376-72be45279fa3
b13dcc4a-6625-460e-a967-38f3561ebe99,2025-11-01 01:01:39.000000,user12,Workday,upload,1997,122.12,71fee01e-a145-4bc7-8cc7-a5e4e1852a3a,
37d30469-5ebd-4ae5-97ab-94b25162f710,2025-11-01 02:05:15.000000,user46,Salesforce,download,2854,219.41,cc5e7717-be45-4194-a3be-0d21e36ea880,87929e36-fbe5-4efe-bf31-308ec7a3f55e
dc611a89-3272-4cbe-af6a-2601b5afa48f,2025-11-01 02:22:05.000000,user9,GitHub,modify,876,229.06,401b77fc-0c86-4c41-9e06-8089fb6a66d0,
d8ab981f-797d-4f37-84a9-6ab506c34597,2025-11-01 02:41:58.000000,user9,Workday,view,186,270.88,401b77fc-0c86-4c41-9e06-8089fb6a66d0,b67adbb1-c83d-4400-adcc-be26c44f33a2
1f2778ce-e7e0-41c4-a5e2-7ef9055d2334,2025-11-01 03:33:02.000000,user4,SAP,upload,683,211.45,996bafa1-08df-4581-9dc7-02c4fa995409,
1cabb625-4c2d-48a5-a2e9-67731eac2b6f,2025-11-01 03:39:30.000000,user4,Databricks,modify,2804,307.87,3f8ce358-501b-422c-aca5-6b906ffcdb9a,
c5238c43-ed2a-4614-91f9-dd908c0b4b76,2025-11-01 05:38:09.000000,user9,Databricks,upload,1767,275.31,401b77fc-0c86-4c41-9e06-8089fb6a66d0,285b9f7c-851c-43d9-98c4-a29939c3551a
7f9fb46a-d480-4cf5-ad97-3c3cd1afef38,2025-11-01 06:52:16.000000,user9,Databricks,download,403,433.71,401b77fc-0c86-4c41-9e06-8089fb6a66d0,285b9f7c-851c-43d9-98c4-a29939c3551a
487a2243-a80b-4a42-aa6a-177a6fb1b9fe,2025-11-01 09:33:01.000000,user50,SAP,modify,1969,315.71,90c42ce9-781c-4a02-a8f8-4351da384057,
b175e70b-3118-4977-90ce-d9c520d5f92e,2025-11-01 09:50:20.000000,user9,GitHub,download,1907,11.57,401b77fc-0c86-4c41-9e06-8089fb6a66d0,
a7c0e324-5447-463a-b0dc-439145b5529e,2025-11-01 10:02:05.000000,user2,Salesforce,modify,409,150.39,f103e6cb-2c9d-4eb1-bfda-034f43c1df50,
83d4c9cc-2a8b-42cf-8818-97f07ab1f39c,2025-11-01 10:02:37.000000,user29,Workday,view,865,400.16,59a04f32-e677-4ec7-baa6-03054be6e071,abf2f8a5-ad48-48c7-84c1-ca097da1e4c4
901d052f-7fcd-4208-afd9-1fcc47a8ffab,2025-11-01 10:03:49.000000,user29,Databricks,upload,1268,203.91,59a04f32-e677-4ec7-baa6-03054be6e071,abf2f8a5-ad48-48c7-84c1-ca097da1e4c4
13ae0db3-b8bf-42d1-b853-fdbf080a46ad,2025-11-01 10:29:21.000000,user47,Databricks,upload,2828,429.26,5b440a68-8e09-4f41-8695-02cd8350d83d,d6de783a-8c3d-4581-a0e1-683af840b183
f46544ee-eaab-47b1-b1e4-f4e586f03a1f,2025-11-01 10:44:50.000000,user41,GitHub,view,1433,162.78,b41d2377-f665-4508-abcc-eaf12ffbbef0,db54061e-7e8b-4fda-961a-ac932084ff43
213e8144-6efb-4bed-8c12-c4330a2c9a0c,2025-11-01 10:46:11.000000,user47,Snowflake,modify,3052,496.02,5b440a68-8e09-4f41-8695-02cd8350d83d,
3c7d3528-7c57-41cd-beb0-c36215a577e6,2025-11-01 10:46:53.000000,user23,GitHub,modify,505,384.23,592ef0d3-1112-4ddb-90ba-e6a520773cf2,7178f43c-59c7-4c7b-ab22-b62b34b9a955
f1af3f6d-d2b7-4fe6-bdff-636246327def,2025-11-01 11:21:36.000000,user23,Salesforce,view,2880,354.17,592ef0d3-1112-4ddb-90ba-e6a520773cf2,7178f43c-59c7-4c7b-ab22-b62b34b9a955
dba92410-1576-4cb9-9eac-74fc77fc7853,2025-11-01 11:35:24.000000,user6,Jira,modify,1921,214.33,4555a9a8-d5b9-4374-bb55-ebbc36be8a81,aba79c4c-2f79-46cb-b4f0-20ffda880963
7c44d7a0-930f-46cf-a208-6bf38fe20b5a,2025-11-01 11:48:07.000000,user47,Salesforce,modify,3195,218.82,5b440a68-8e09-4f41-8695-02cd8350d83d,5700cae1-3fcb-43fd-8045-cf86217de7a9
1847ed7e-0bfa-4046-8d0d-59a2c30ff128,2025-11-01 11:50:13.000000,user47,Salesforce,upload,399,88.84,5b440a68-8e09-4f41-8695-02cd8350d83d,d6de783a-8c3d-4581-a0e1-683af840b183
ca93ca62-b5c3-4cda-a58e-aeb022175d5d,2025-11-01 12:01:25.000000,user6,SAP,upload,1967,35.26,4555a9a8-d5b9-4374-bb55-ebbc36be8a81,
3f1db095-44ea-4bba-b6bc-82698031411f,2025-11-01 12:16:43.000000,user41,Snowflake,upload,1590,183.54,b41d2377-f665-4508-abcc-eaf12ffbbef0,
e5e2e8f0-4f98-4d69-97bb-f1b396919225,2025-11-01 12:28:36.000000,user2,Workday,upload,334,280.02,f103e6cb-2c9d-4eb1-bfda-034f43c1df50,
bff4aa20-8646-4263-8bc3-9145a3f14f8b,2025-11-01 12:46:01.000000,user23,Salesforce,view,2307,272.97,592ef0d3-1112-4ddb-90ba-e6a520773cf2,7178f43c-59c7-4c7b-ab22-b62b34b9a955
6407d89b-baf3-4172-8837-12f8a755510a,2025-11-01 13:16:31.000000,user41,Salesforce,upload,1477,480.4,b41d2377-f665-4508-abcc-eaf12ffbbef0,b3b12b98-ebff-4313-b226-7cde576c7ac7
16287789-4163-470a-9720-f9d0390e199e,2025-11-01 13:38:32.000000,user48,Jira,download,2033,27.86,efc3c899-7036-45d8-90f7-aea2187c3829,
637ea490-165f-4dd6-8b3b-2111a8bb5449,2025-11-01 13:39:22.000000,user50,GitHub,modify,275,402.11,90c42ce9-781c-4a02-a8f8-4351da384057,f3c0d464-4948-4d9f-b157-ad50e7728df2
86c5c24a-09da-4c48-9b8f-4bb1534f9fb4,2025-11-01 13:41:55.000000,user48,Workday,view,2799,288.28,efc3c899-7036-45d8-90f7-aea2187c3829,
2f7ef161-1eb0-4c2b-8290-16b34dfc39e9,2025-11-01 13:53:18.000000,user41,Salesforce,view,1844,58.25,b41d2377-f665-4508-abcc-eaf12ffbbef0,55307558-5c1b-4689-bee1-b2b3089a369d
ef328724-c8ba-4c87-8a06-28720c3d5c67,2025-11-01 14:33:42.000000,user23,Snowflake,view,1217,296.44,592ef0d3-1112-4ddb-90ba-e6a520773cf2,7178f43c-59c7-4c7b-ab22-b62b34b9a955
449e3d15-405f-4eb0-af8c-f7484fc8f4e2,2025-11-01 14:33:51.000000,user29,GitHub,download,2519,456.64,59a04f32-e677-4ec7-baa6-03054be6e071,abf2f8a5-ad48-48c7-84c1-ca097da1e4c4
446ff2d9-e70f-4aab-a4b5-6973f015bd71,2025-11-01 14:50:26.000000,user2,SAP,upload,566,369.8,f103e6cb-2c9d-4eb1-bfda-034f43c1df50,c7eb3396-3b92-48f5-a887-07c4ee0ae05f
2b6d472e-5a5b-4dda-a48a-78afb79d2478,2025-11-01 15:11:01.000000,user48,Salesforce,modify,415,221.69,efc3c899-7036-45d8-90f7-aea2187c3829,
f6aa9560-81e9-4e6d-bab0-efc66d9290df,2025-11-01 15:11:29.000000,user2,Databricks,view,1886,447.22,f103e6cb-2c9d-4eb1-bfda-034f43c1df50,
f19f3a17-9176-4bb8-bdd5-55711313a024,2025-11-01 15:43:24.000000,user47,GitHub,modify,1478,239.62,5b440a68-8e09-4f41-8695-02cd8350d83d,d6de783a-8c3d-4581-a0e1-683af840b183
6b828e64-821e-442a-8e83-e2298264c9e8,2025-11-01 16:08:47.000000,user50,Jira,modify,135,256.93,90c42ce9-781c-4a02-a8f8-4351da384057,f3c0d464-4948-4d9f-b157-ad50e7728df2
38666d46-79ae-4cd1-89fd-1292c0a91dd1,2025-11-01 16:12:01.000000,user2,Workday,view,1645,325.41,f103e6cb-2c9d-4eb1-bfda-034f43c1df50,c7eb3396-3b92-48f5-a887-07c4ee0ae05f
7b970b11-99d4-4154-8229-b538bd6d6064,2025-11-01 16:46:56.000000,user9,Snowflake,upload,2156,237.9,5ed2fe95-9835-420a-9254-7e21bb3f06a7,
98b15c38-e142-4fbf-a8d7-7adc7dfeb380,2025-11-01 17:19:14.000000,user13,Snowflake,view,1444,297.31,557d1162-c10f-442f-837a-b2d553cd3283,35785ccd-3d5d-4130-a2f7-2b857d6d8e1e
178b2f41-3585-4a5a-87fe-540448c62d14,2025-11-01 17:38:01.000000,user48,Databricks,view,2777,109.26,efc3c899-7036-45d8-90f7-aea2187c3829,
5ea187c4-b83b-4044-b9d7-57a36e8f4c55,2025-11-01 18:12:10.000000,user35,Workday,view,488,120.35,da2580d6-0fe8-4f3d-88c6-4186689095a9,2a2d79d2-328f-41ac-8589-0f41afa0160b
4497ab93-af61-4145-8b58-074bdf4b4127,2025-11-01 18:27:23.000000,user7,Snowflake,download,840,125.57,e4989de7-034e-46a4-bcd6-d6ecfb55f918,
466cb3fa-5c10-48bb-9a2b-dfafbb51df1e,2025-11-01 18:44:16.000000,user48,Jira,download,1267,404.98,efc3c899-7036-45d8-90f7-aea2187c3829,
9bdfb9ac-9a15-4b63-8657-54192f271c93,2025-11-01 19:19:39.000000,user13,Jira,modify,3557,358.14,557d1162-c10f-442f-837a-b2d553cd3283,35785ccd-3d5d-4130-a2f7-2b857d6d8e1e
bdf18833-6b9d-4ce3-ab62-edce7986f990,2025-11-01 19:48:19.000000,user35,Salesforce,view,2103,396.8,da2580d6-0fe8-4f3d-88c6-4186689095a9,d320074d-1f8d-4a8d-9be0-5d38efb2846e
028473d8-f22d-4a07-8160-88ff98043572,2025-11-01 19:49:35.000000,user7,Workday,view,3303,376.57,e4989de7-034e-46a4-bcd6-d6ecfb55f918,
8da65a09-9085-4326-9dd5-1b316bda2943,2025-11-01 19:51:13.000000,user43,Jira,upload,3106,351.97,8e05cdb0-2a29-4450-9523-823360461e64,7962a4f2-0143-4d08-910b-9e5b6038413e
5ed4084c-3aad-4052-846d-ee3796fefd0c,2025-11-01 19:57:51.000000,user49,Jira,view,909,459.75,8fefb131-1068-4700-a5bc-3aed9e38f20e,
785dc9ab-e6a4-4151-adda-9b52be489f86,2025-11-01 19:58:24.000000,user43,SAP,download,652,113.82,8e05cdb0-2a29-4450-9523-823360461e64,
35976d84-4424-4c5b-9996-bc8d0b390686,2025-11-01 20:19:05.000000,user35,Snowflake,download,378,6.66,da2580d6-0fe8-4f3d-88c6-4186689095a9,
95a0eb09-7087-4cbc-b810-4ae0c94a9a5e,2025-11-01 21:37:13.000000,user16,GitHub,view,2130,52.62,e8728b4b-f6bb-497e-9435-0cc1b932a453,394e941a-eb5b-47f1-9000-384f5851e633
969c869d-ab34-4e22-842c-caaa62a45429,2025-11-01 22:15:35.000000,user43,Salesforce,view,163,129.79,a3c73fa1-54b8-4b44-b0d2-10f281a643f7,ab46a1b3-faa6-482d-9df1-3989e8a221f4
f87f909d-fb58-4701-8405-a29fea602542,2025-11-01 22:23:03.000000,user43,Databricks,download,2334,420.75,a3c73fa1-54b8-4b44-b0d2-10f281a643f7,7962a4f2-0143-4d08-910b-9e5b6038413e
d58a2d9f-9540-4d26-a990-458fd60cd963,2025-11-01 22:36:46.000000,user16,Databricks,view,1669,114.76,e8728b4b-f6bb-497e-9435-0cc1b932a453,6616041d-beb3-4ba3-b1ab-8ae47fc271e7
af54e06d-f738-4f14-883e-acbcf02a1ff1,2025-11-01 22:37:05.000000,user7,Workday,view,2405,248.24,e4989de7-034e-46a4-bcd6-d6ecfb55f918,
aa432a33-c5a9-4402-b183-dbab3b9c77e6,2025-11-01 22:39:00.000000,user43,GitHub,upload,1722,211.12,a3c73fa1-54b8-4b44-b0d2-10f281a643f7,7962a4f2-0143-4d08-910b-9e5b6038413e
98c435e8-5cf5-4271-b154-ee276d2aa24d,2025-11-01 22:44:26.000000,user43,Snowflake,view,1322,385.5,8e05cdb0-2a29-4450-9523-823360461e64,ab46a1b3-faa6-482d-9df1-3989e8a221f4
7ff3e204-a6f4-4094-9dd3-639735644423,2025-11-01 23:02:05.000000,user20,SAP,modify,1026,234.59,fbd73b52-db39-4e89-a3ee-e72de44d4e39,4e5f8157-56bd-42e6-be82-b61ecdfb666c
2421eb19-5086-4489-98de-004aee20a376,2025-11-01 23:05:48.000000,user41,Snowflake,modify,1566,38.99,e6864919-0fff-491a-bab2-fe968c0f7f30,dab95aa7-2bbf-4790-8689-a9a42b2dde74
46122a9d-de1c-4b4d-a0ad-f29c674f9485,2025-11-01 23:06:40.000000,user20,GitHub,upload,2880,271.31,fbd73b52-db39-4e89-a3ee-e72de44d4e39,
94c2014d-4e89-41bd-ac71-a140f5d1fcac,2025-11-01 23:12:23.000000,user41,Snowflake,upload,1429,170.55,e6864919-0fff-491a-bab2-fe968c0f7f30,b3b12b98-ebff-4313-b226-7cde576c7ac7
98cb3f58-be27-48cf-b5fb-ca4f4215d3ac,2025-11-01 23:19:32.000000,user30,Salesforce,modify,1089,15.66,d0101239-9482-46b1-8ad7-1a17676dfdbe,
7eeaf0ae-c342-4170-beca-c09ede13769f,2025-11-01 23:32:12.000000,user41,SAP,download,310,37.27,e6864919-0fff-491a-bab2-fe968c0f7f30,
723832d0-a754-4150-aa78-0526faaed7d3,2025-11-01 23:38:40.000000,user9,GitHub,upload,2456,184.57,5ed2fe95-9835-420a-9254-7e21bb3f06a7,285b9f7c-851c-43d9-98c4-a29939c3551a
e38164d4-5d96-4007-ac94-4c12e9e0a541,2025-11-01 23:41:25.000000,user41,GitHub,modify,3067,199.72,e6864919-0fff-491a-bab2-fe968c0f7f30,
d900ea97-5b27-431d-a6c6-8f57eedd5128,2025-11-01 23:41:31.000000,user41,Workday,modify,2077,226.59,e6864919-0fff-491a-bab2-fe968c0f7f30,db54061e-7e8b-4fda-961a-ac932084ff43
614bd15c-87ae-4308-8fe7-c6e78ff2cb16,2025-11-01 23:42:18.000000,user20,Workday,download,793,71.93,fbd73b52-db39-4e89-a3ee-e72de44d4e39,
cd256e9c-7535-4c68-ae88-77b111d8ae1b,2025-11-01 23:44:29.000000,user13,Snowflake,view,2049,54.94,557d1162-c10f-442f-837a-b2d553cd3283,35785ccd-3d5d-4130-a2f7-2b857d6d8e1e
3a2f5cbd-34df-4e7d-8841-6f5827019219,2025-11-01 23:45:50.000000,user30,SAP,upload,3536,445.9,d0101239-9482-46b1-8ad7-1a17676dfdbe,66654235-d858-4378-ab5f-99600f3c230a
ae96b279-276e-4910-9727-d286af8a75be,2025-11-01 23:51:16.000000,user49,Databricks,upload,2284,472.83,8fefb131-1068-4700-a5bc-3aed9e38f20e,
0a9f436d-0cbd-4226-b7dd-463a2b1275f1,2025-11-02 00:13:40.000000,user43,Snowflake,download,136,417.79,8e05cdb0-2a29-4450-9523-823360461e64,ab46a1b3-faa6-482d-9df1-3989e8a221f4
2be0ff9c-1973-4829-a946-0e0a6627792e,2025-11-02 00:28:44.000000,user13,Databricks,download,3551,385.97,557d1162-c10f-442f-837a-b2d553cd3283,
ead2e6d5-b9ac-4abf-a6e8-5b7aed0d28dc,2025-11-02 00:40:28.000000,user16,Salesforce,download,1999,200.42,e8728b4b-f6bb-497e-9435-0cc1b932a453,6616041d-beb3-4ba3-b1ab-8ae47fc271e7
e1971094-9f45-46a9-8a2d-20e00fe17277,2025-11-02 00:54:20.000000,user44,Jira,download,1123,343.81,f126b6c9-9183-4f81-b376-cd61e65b290f,
a12b152a-6fe0-4cc6-8ba4-c3071a2a17c3,2025-11-02 00:59:40.000000,user8,Jira,download,168,8.78,330e3c13-7ee2-4d32-a6d8-d09d1474789d,
fc90c937-5ac8-4696-89ec-6cac33fec211,2025-11-02 01:00:28.000000,user44,Salesforce,upload,3461,339.91,f126b6c9-9183-4f81-b376-cd61e65b290f,ae991d53-f99a-4e5f-a629-8387fc24799e
e933c66d-ba55-4860-8aa6-39797df66db5,2025-11-02 01:24:02.000000,user21,Workday,upload,2793,205.73,2c9c1f1d-6e49-4e4a-9f24-9000a61b9b17,
5ec479bd-ac1e-4bb2-b7d4-4c5744490388,2025-11-02 01:41:01.000000,user49,Workday,view,896,310.48,8fefb131-1068-4700-a5bc-3aed9e38f20e,69643a0d-af4f-44ea-9a28-a7ed58e098de
7ba71186-2552-4bce-bd43-4c4d90c5b7a7,2025-11-02 02:42:14.000000,user21,Snowflake,view,409,300.89,2c9c1f1d-6e49-4e4a-9f24-9000a61b9b17,977d04d1-e85b-4b15-b742-03fad1963760
7da8f2c0-a563-4c31-852a-2ee188baa6b1,2025-11-02 03:08:35.000000,user39,SAP,upload,2885,375.88,96b8a433-25d7-46bd-b900-33923cd36aea,abb9c09f-2db4-4dc3-86f7-f3124393d59b
ace18cca-158e-4161-9e05-eee8afcf41b0,2025-11-02 03:19:53.000000,user16,GitHub,view,1544,220.27,e8728b4b-f6bb-497e-9435-0cc1b932a453,
bb0a1a61-0934-4257-bb14-023e1e7a42ff,2025-11-02 03:47:07.000000,user43,SAP,download,2945,133.61,a3c73fa1-54b8-4b44-b0d2-10f281a643f7,7962a4f2-0143-4d08-910b-9e5b6038413e
8310aed0-3f85-421c-a58f-9d203a319e2b,2025-11-02 04:21:10.000000,user43,Jira,download,2252,280.84,a3c73fa1-54b8-4b44-b0d2-10f281a643f7,ab46a1b3-faa6-482d-9df1-3989e8a221f4
d300a52e-5661-4f00-897b-b5bfabe7aaf3,2025-11-02 04:40:54.000000,user8,GitHub,upload,2541,374.67,330e3c13-7ee2-4d32-a6d8-d09d1474789d,
e8553850-648a-46c9-97c6-4723c01f58cf,2025-11-02 04:43:18.000000,user2,Snowflake,view,1729,483.45,90d6f6b2-38dc-4786-a8fc-133e331a0364,c7eb3396-3b92-48f5-a887-07c4ee0ae05f
c42030ad-f698-46a7-a9d3-2eb57f9b2ca6,2025-11-02 04:44:01.000000,user2,SAP,upload,3490,218.13,90d6f6b2-38dc-4786-a8fc-133e331a0364,
b8ae1f88-2705-4ba6-a721-fd1074a30284,2025-11-02 04:45:21.000000,user44,Databricks,download,3206,75.77,f126b6c9-9183-4f81-b376-cd61e65b290f,
5e7d6c10-e97b-44b3-b1da-71de5638eca2,2025-11-02 05:08:16.000000,user45,SAP,view,247,46.16,c4f3827e-70b6-48da-b08a-df9820880572,
ca6fcd67-f8ff-42cf-ac98-688143050fe2,2025-11-02 05:09:27.000000,user20,Databricks,upload,2636,328.4,a4ed2484-cb2a-4208-8782-3c76a4e229e0,e7cf9b59-1a95-4376-9ce7-59521cf3ad13
87b9662d-5abc-4cb7-9435-42ef3a279cf2,2025-11-02 05:10:59.000000,user44,SAP,modify,1629,399.12,f126b6c9-9183-4f81-b376-cd61e65b290f,79ae3bbe-b92e-49d0-a39b-f202ab802785
4147f528-ef5e-42e8-8eb1-0da7d7f7534c,2025-11-02 05:26:30.000000,user7,SAP,view,3453,262.82,79e68068-da89-4cf4-801d-68f7a2d92e73,
c40e9058-c998-49dc-9d7d-4822fadf183c,2025-11-02 05:31:13.000000,user3,SAP,upload,3550,203.29,4f5d2466-ad98-4f1a-99f8-2b84bcd8c411,90c28396-dcce-4d1d-a926-3b230fd7c348
a42a9670-eb00-4237-aaff-03828c0d6e69,2025-11-02 05:38:21.000000,user35,Snowflake,view,2027,364.13,95017a74-756e-45ab-97c0-d7ee8618654a,2a2d79d2-328f-41ac-8589-0f41afa0160b
7b260ae9-2f49-4b1a-9227-62d57958061f,2025-11-02 05:38:41.000000,user2,Workday,view,3068,376.03,90d6f6b2-38dc-4786-a8fc-133e331a0364,c7eb3396-3b92-48f5-a887-07c4ee0ae05f
ae577730-58a3-4832-9e8b-32867921948d,2025-11-02 05:38:55.000000,user30,Jira,upload,165,272.25,d0101239-9482-46b1-8ad7-1a17676dfdbe,8d6d0b8b-cb73-4338-987c-ae2958e30fdd
b18ca080-efd1-4e80-bed1-80597982e63a,2025-11-02 05:39:11.000000,user2,SAP,modify,197,428.36,019d1aea-0b0e-46bf-b7a4-5cec967ba219,
16ab413c-c89c-40e9-8e21-52fb8a5fedb1,2025-11-02 05:43:26.000000,user45,Jira,upload,3029,257.68,c4f3827e-70b6-48da-b08a-df9820880572,a137b113-2e9b-47f1-ae6a-972a79be58b8
ceb25dab-400b-4cd1-9e56-713150443f0e,2025-11-02 06:00:10.000000,user39,SAP,view,3372,205.24,96b8a433-25d7-46bd-b900-33923cd36aea,36d7039c-c2e1-431f-8738-4480b46025b3
bc70aa82-874a-4d9d-8404-71bab75d272e,2025-11-02 06:10:19.000000,user30,Databricks,upload,3373,264.32,d0101239-9482-46b1-8ad7-1a17676dfdbe,
68e1a9fc-06bb-415f-840b-0c2c10d36324,2025-11-02 06:11:23.000000,user21,Workday,upload,2618,343.31,2c9c1f1d-6e49-4e4a-9f24-9000a61b9b17,0e082e8b-b6fe-4b3e-beca-4feaeba7651d
2b87fcfa-5247-4c68-894c-fbeff7eab40f,2025-11-02 06:23:51.000000,user35,Snowflake,view,1261,466.58,95017a74-756e-45ab-97c0-d7ee8618654a,2a2d79d2-328f-41ac-8589-0f41afa0160b
6761eaca-e2d0-4fd5-b4e2-7e55120d4f7f,2025-11-02 06:39:10.000000,user8,GitHub,upload,2937,62.93,330e3c13-7ee2-4d32-a6d8-d09d1474789d,bd0a371c-614d-4102-9be6-993308df75c8
8802be3e-72ed-468a-858c-f249896f3ea2,2025-11-02 07:09:34.000000,user2,SAP,view,2685,496.42,90d6f6b2-38dc-4786-a8fc-133e331a0364,
ebcb290d-cbd8-471e-818a-fe714ad9de6b,2025-11-02 07:38:39.000000,user35,Snowflake,modify,277,379.37,95017a74-756e-45ab-97c0-d7ee8618654a,d320074d-1f8d-4a8d-9be0-5d38efb2846e
5254bf04-1109-48ab-8b5b-f70fdb5c7421,2025-11-02 07:45:55.000000,user2,Workday,modify,1313,357.1,019d1aea-0b0e-46bf-b7a4-5cec967ba219,
38db1267-af06-4349-b8cf-11085b51ff4e,2025-11-02 08:00:29.000000,user44,SAP,modify,2279,496.38,7017004d-b2e0-4422-b37c-af125762f050,3be1af86-db4e-4bd9-ac89-72d47abbc4ee
f7138255-9675-41cb-8360-1da5fd091c76,2025-11-02 08:01:58.000000,user7,Jira,upload,2640,228.72,79e68068-da89-4cf4-801d-68f7a2d92e73,
5c2fd022-220e-45e0-a8ce-5c0e76c87028,2025-11-02 08:10:55.000000,user28,Workday,upload,2787,431.88,c26417a3-da8d-4340-9ca0-1c779477018c,
6add8f78-bfb9-41f4-8760-3b05fa5e997a,2025-11-02 08:19:38.000000,user2,GitHub,modify,2592,353.1,019d1aea-0b0e-46bf-b7a4-5cec967ba219,
8fe95ac2-7319-400c-8cf7-453146d04b2e,2025-11-02 08:47:03.000000,user34,Databricks,view,3105,325.25,769625df-6447-47ea-9144-561930871722,
442c880d-1db5-4284-ba81-d9ec66c9bdbe,2025-11-02 09:02:57.000000,user28,Jira,download,2989,152.93,c26417a3-da8d-4340-9ca0-1c779477018c,387a8021-ba8a-44dd-aa52-83457c731d0e
5002b9a4-e316-465b-a1b3-8a5af55daa12,2025-11-02 09:27:42.000000,user35,Databricks,upload,2034,107.23,95017a74-756e-45ab-97c0-d7ee8618654a,2a2d79d2-328f-41ac-8589-0f41afa0160b
196498e5-cca0-4cfa-8f00-4962377b42e9,2025-11-02 09:28:55.000000,user7,Snowflake,modify,227,459.23,79e68068-da89-4cf4-801d-68f7a2d92e73,
962cbd8a-bca2-4219-84c9-f8cae310e8ad,2025-11-02 09:55:16.000000,user2,Salesforce,upload,2321,141.64,019d1aea-0b0e-46bf-b7a4-5cec967ba219,
913ca2ef-7573-41f0-bb2c-36a474986739,2025-11-02 10:02:22.000000,user13,Jira,upload,3206,380.54,fd1771ab-afd0-49d7-a46b-03c91743f477,026f55cc-4f85-45d9-b9f3-ce5cdb78a909
0ae4650c-a0bb-4b6a-bb58-3d18a803f0b1,2025-11-02 10:04:53.000000,user4,Salesforce,modify,825,68.87,3df50b6b-5454-4aa9-9cfe-97da77f7e581,7f4bd8f8-adf3-4efa-97ff-77c5dbf502c8
0a3908eb-dec5-46bd-96e6-663d9f93d72b,2025-11-02 10:14:15.000000,user4,Salesforce,upload,630,324.0,3df50b6b-5454-4aa9-9cfe-97da77f7e581,7f4bd8f8-adf3-4efa-97ff-77c5dbf502c8
76834ee6-8621-444e-b9f1-2b55ca2806e8,2025-11-02 10:15:55.000000,user34,SAP,download,1227,280.22,769625df-6447-47ea-9144-561930871722,
9e55303f-4c18-41f7-a41e-27a9d0b022f1,2025-11-02 10:29:00.000000,user13,Snowflake,view,823,154.36,fd1771ab-afd0-49d7-a46b-03c91743f477,35785ccd-3d5d-4130-a2f7-2b857d6d8e1e
b4d921c4-eaed-4679-8b2b-9e2eeb6a45b5,2025-11-02 10:38:39.000000,user4,GitHub,view,542,171.96,3df50b6b-5454-4aa9-9cfe-97da77f7e581,7f4bd8f8-adf3-4efa-97ff-77c5dbf502c8
8b304ea4-8306-48f9-b318-6660fb8887b8,2025-11-02 10:42:59.000000,user34,Workday,upload,2939,93.18,769625df-6447-47ea-9144-561930871722,
6201acec-02ea-447f-ab8b-05f35eed9535,2025-11-02 10:43:51.000000,user7,Workday,view,1429,259.31,79e68068-da89-4cf4-801d-68f7a2d92e73,
787ef30c-ff87-45b6-9f9f-f3b0d3475975,2025-11-02 10:50:28.000000,user34,SAP,modify,1425,121.88,769625df-6447-47ea-9144-561930871722,e4c02114-af61-4266-aea9-b42b2a9fc72c
57b4a4ab-580c-4cab-a851-a8881283fc58,2025-11-02 10:52:00.000000,user11,Salesforce,modify,702,19.26,a5e989a6-644c-45f6-93f6-35bfc8e4f9dd,
671c8898-6301-4580-9f97-0cf51e83a0e3,2025-11-02 10:55:24.000000,user28,Workday,modify,2086,52.38,c26417a3-da8d-4340-9ca0-1c779477018c,0e45d4cf-4dba-40b9-b289-a70419d79683
04bc85db-8f50-4b15-92df-16edaf6ad260,2025-11-02 11:08:50.000000,user3,Workday,modify,2651,107.42,4f5d2466-ad98-4f1a-99f8-2b84bcd8c411,
bd8d64dc-269d-40ce-bdb9-322969b1b2c0,2025-11-02 11:20:49.000000,user11,Salesforce,download,2952,352.82,a5e989a6-644c-45f6-93f6-35bfc8e4f9dd,5362b7a8-b5c7-4d77-8476-38ee2d8b5a3d
c23d59db-38a6-4a69-993e-859199fe5903,2025-11-02 11:33:10.000000,user13,GitHub,modify,1550,476.27,fd1771ab-afd0-49d7-a46b-03c91743f477,35785ccd-3d5d-4130-a2f7-2b857d6d8e1e
4f3c81fe-170f-4149-8726-0c7aecca8206,2025-11-02 11:37:41.000000,user13,Snowflake,modify,542,422.73,fd1771ab-afd0-49d7-a46b-03c91743f477,026f55cc-4f85-45d9-b9f3-ce5cdb78a909
cc4be463-2cae-45f5-9d46-2b0d6161f6c1,2025-11-02 11:38:59.000000,user28,SAP,modify,2551,205.51,c26417a3-da8d-4340-9ca0-1c779477018c,
78f7c478-dc9e-42c7-b601-0d77e230a2d5,2025-11-02 11:51:00.000000,user7,Salesforce,upload,613,327.84,728e7174-45b3-4aaf-a377-f43d0c0cb1d2,
85634289-1f70-4907-8121-fe1dd3edf66e,2025-11-02 11:59:14.000000,user44,SAP,download,1717,364.28,7017004d-b2e0-4422-b37c-af125762f050,79ae3bbe-b92e-49d0-a39b-f202ab802785
ec8ccb90-8d58-4d89-9d45-d8f646f4982c,2025-11-02 12:29:34.000000,user29,SAP,download,3407,383.64,ed96ff25-1118-4c75-b3ff-1d4ff5d299af,abf2f8a5-ad48-48c7-84c1-ca097da1e4c4
c6a4ff0a-7c3c-4f9a-9819-498b7a732cc3,2025-11-02 12:36:29.000000,user11,Salesforce,modify,1148,252.8,13f4e096-119a-44a8-a7ea-97db31098d08,
6e659366-ef87-4769-adbe-474c941e348e,2025-11-02 13:10:41.000000,user34,Snowflake,upload,839,96.35,6063ed60-efe9-4767-81ca-114a6f28305c,d9d3c543-c613-4ed5-ae94-38df532eaf29
ceba514f-61ad-4a8d-83f4-59a49f711471,2025-11-02 13:14:57.000000,user4,Snowflake,upload,3472,419.3,3df50b6b-5454-4aa9-9cfe-97da77f7e581,e9acb8dc-11af-4ad8-94dc-1b6fd2bb69fd
66380e1f-7b3c-47e7-a036-5fa4a6bf2cc4,2025-11-02 13:22:33.000000,user34,Jira,download,49,29.2,769625df-6447-47ea-9144-561930871722,
43c8b746-838c-46ce-8927-221eb68a13d4,2025-11-02 13:33:24.000000,user44,Salesforce,modify,474,384.5,7017004d-b2e0-4422-b37c-af125762f050,
cb6957d6-f886-4de5-a379-122b75f3dfbc,2025-11-02 13:39:46.000000,user29,Databricks,modify,2212,471.89,ed96ff25-1118-4c75-b3ff-1d4ff5d299af,abf2f8a5-ad48-48c7-84c1-ca097da1e4c4
89f12d0f-ed1f-4c63-a3c5-db93bd5b9450,2025-11-02 14:11:49.000000,user44,Workday,modify,1693,242.05,7017004d-b2e0-4422-b37c-af125762f050,813dc41d-86e7-4d70-9829-f1465deb894c
d8720d1e-35dd-473a-9de2-5f9833160730,2025-11-02 14:12:09.000000,user44,Jira,view,1708,154.41,7017004d-b2e0-4422-b37c-af125762f050,3be1af86-db4e-4bd9-ac89-72d47abbc4ee
e302071c-4518-4a62-a33b-f98b65d52375,2025-11-02 14:16:12.000000,user15,Snowflake,view,1860,24.27,bcc37c60-2830-4578-8f31-03a073268732,cdc79272-b601-4476-a796-0b32b4656855
d3279067-421a-4351-b1a3-b55ebefe073b,2025-11-02 14:58:24.000000,user13,Snowflake,modify,1821,487.51,fd1771ab-afd0-49d7-a46b-03c91743f477,026f55cc-4f85-45d9-b9f3-ce5cdb78a909
1c3d9ccd-5a62-485e-9c41-4b910845b64c,2025-11-02 15:00:43.000000,user26,Salesforce,upload,3132,291.25,4375a9b4-b272-4af9-b6bc-efa3a9c34e2f,043a7bd6-8544-453b-a3d9-ea0e83ed065a
798d15dc-48ef-496b-9d44-b4560c02dec5,2025-11-02 15:02:03.000000,user28,Jira,modify,1779,235.97,c26417a3-da8d-4340-9ca0-1c779477018c,53c810ba-f7d2-45b4-9eb3-14ee943ece9e
af3191e1-5e83-4864-a018-2d55b3cfdf30,2025-11-02 15:35:22.000000,user19,Databricks,view,935,302.01,474c2d6f-c247-4dbb-8b08-ca91582e162f,368f1022-14ec-4c73-a15d-201287d69868
7fda0f08-81e7-49c9-9489-b4acf988966e,2025-11-02 16:15:29.000000,user19,SAP,download,841,324.2,474c2d6f-c247-4dbb-8b08-ca91582e162f,
d40419fb-88f8-45ce-b6e5-7f8e5a0017f6,2025-11-02 16:29:48.000000,user34,Databricks,upload,2674,243.95,6063ed60-efe9-4767-81ca-114a6f28305c,e4c02114-af61-4266-aea9-b42b2a9fc72c
4020ab2c-daa2-4c28-bcc4-512570974c8f,2025-11-02 16:53:19.000000,user18,Jira,modify,655,52.48,02e653d7-43d1-4d29-82ac-c66e7b032689,f7a1ec62-3d79-4656-bcaa-5c34ede63120
22d0c0ea-d729-49eb-be2f-8c45b8fce448,2025-11-02 17:54:36.000000,user29,Jira,modify,3251,416.62,ed96ff25-1118-4c75-b3ff-1d4ff5d299af,abf2f8a5-ad48-48c7-84c1-ca097da1e4c4
51c2cfe3-55f8-490c-8f5c-70816ed0cd57,2025-11-02 18:45:29.000000,user26,SAP,download,2642,335.88,4375a9b4-b272-4af9-b6bc-efa3a9c34e2f,
73c7c06f-8689-4207-8e9b-1ab33d802677,2025-11-02 18:46:39.000000,user44,SAP,download,1241,185.4,000b93bf-5789-48b6-9b90-82317542483e,ae991d53-f99a-4e5f-a629-8387fc24799e
3d476d36-8ef6-4780-8a7d-e1699b4ccc19,2025-11-02 18:50:01.000000,user38,GitHub,download,1740,236.04,9bd1fd35-dfb0-42b9-a171-c23ba9bdb072,512bf92f-6267-44c7-a87d-c925b6a92065
f5237ca3-79c6-4e1c-931f-7507b14841f4,2025-11-02 18:58:10.000000,user44,Workday,view,1985,474.79,000b93bf-5789-48b6-9b90-82317542483e,3be1af86-db4e-4bd9-ac89-72d47abbc4ee
d541b5ea-c5f2-4cca-9b2d-ebf48b923eae,2025-11-02 18:58:15.000000,user29,Databricks,upload,3105,290.29,ed96ff25-1118-4c75-b3ff-1d4ff5d299af,abf2f8a5-ad48-48c7-84c1-ca097da1e4c4
8c54f011-0696-418f-beee-eefc5d633a9d,2025-11-02 19:16:27.000000,user44,GitHub,download,927,220.5,000b93bf-5789-48b6-9b90-82317542483e,
cc44dba5-af6f-41b0-bf63-f456d4054bd3,2025-11-02 19:38:10.000000,user44,Jira,modify,1812,145.39,000b93bf-5789-48b6-9b90-82317542483e,813dc41d-86e7-4d70-9829-f1465deb894c
1bf235da-8142-4d49-aaa8-27f47ff9c431,2025-11-02 19:48:04.000000,user34,SAP,modify,2214,141.18,6063ed60-efe9-4767-81ca-114a6f28305c,e4c02114-af61-4266-aea9-b42b2a9fc72c
dcf1587d-e6f8-4d15-a16b-3a66a4250d77,2025-11-02 19:51:54.000000,user19,GitHub,modify,1107,363.19,474c2d6f-c247-4dbb-8b08-ca91582e162f,368f1022-14ec-4c73-a15d-201287d69868
0bc7c7db-f5c0-46e6-9ff3-e89e2546c17c,2025-11-02 20:00:11.000000,user44,SAP,modify,422,184.46,000b93bf-5789-48b6-9b90-82317542483e,3be1af86-db4e-4bd9-ac89-72d47abbc4ee
dea084ae-83d3-4cf7-bdfb-ca85853f779f,2025-11-02 20:19:51.000000,user26,SAP,modify,358,347.0,4375a9b4-b272-4af9-b6bc-efa3a9c34e2f,d593038b-c884-4eb3-9ba7-b886d14d7c2e
16bd7e92-a75a-4a79-b666-1390cbb8375b,2025-11-02 20:30:53.000000,user18,Snowflake,view,976,264.34,02e653d7-43d1-4d29-82ac-c66e7b032689,051600c1-228e-4e7c-8fb4-1528d68dbe28
6bedd489-0596-407a-b2a9-8dfca8584bd4,2025-11-02 20:56:26.000000,user26,Workday,upload,3222,41.27,4375a9b4-b272-4af9-b6bc-efa3a9c34e2f,5e2b1b47-b4ed-47fe-b1c2-f3ebbbd02a02
903cf089-6c24-417c-a225-08578a552660,2025-11-02 21:02:19.000000,user26,Databricks,upload,77,198.67,4375a9b4-b272-4af9-b6bc-efa3a9c34e2f,
9890c090-7510-4314-ac19-3b7fe0dd8512,2025-11-02 21:16:02.000000,user19,SAP,download,869,360.19,360697f1-92bf-4567-b577-5fd2974571aa,
4d01262d-35dd-4ae0-8f9a-94929a2cbca0,2025-11-02 21:27:58.000000,user21,Snowflake,view,2406,62.8,b20643f2-1d75-44a0-8c4b-4375fd220299,894a8cad-be5e-40a8-b5b2-579ba04398eb
171b4616-5ac3-4de9-975e-65a891e9df57,2025-11-02 21:34:35.000000,user8,SAP,upload,842,38.17,b408c631-00d8-4702-a9ed-9c9bf77cee5f,
0c352f59-97f8-4fe7-b86c-2e6d87ab57f4,2025-11-02 21:52:12.000000,user8,Jira,download,937,341.77,b408c631-00d8-4702-a9ed-9c9bf77cee5f,
9571c057-7544-439d-a783-e2cc2b35b9d3,2025-11-02 22:04:41.000000,user8,Databricks,view,94,331.43,b408c631-00d8-4702-a9ed-9c9bf77cee5f,a3b477cd-e51a-4ab7-b263-c5e202647f6d
d9ed0172-b2d6-4473-a677-0acec8ff4a94,2025-11-02 22:42:25.000000,user34,Databricks,download,1238,103.74,4af9df28-e192-480c-ac08-34a2169e0ee6,
f3fb50e9-293c-4d9b-ae97-8bcef77166ae,2025-11-02 22:44:50.000000,user18,Salesforce,download,1040,72.02,02e653d7-43d1-4d29-82ac-c66e7b032689,67117661-27aa-4da4-b986-ab495f8f2687
310a7f76-029e-49e1-9a69-40bf67ff4824,2025-11-02 22:59:04.000000,user34,Salesforce,upload,1342,394.15,4af9df28-e192-480c-ac08-34a2169e0ee6,e4c02114-af61-4266-aea9-b42b2a9fc72c
c51943d9-f17b-4227-ab4a-308146a283d3,2025-11-02 23:42:51.000000,user34,Databricks,upload,2549,169.07,4af9df28-e192-480c-ac08-34a2169e0ee6,
9ab526d7-fa6b-47f9-8f1a-2acdcbb3738c,2025-11-03 00:07:29.000000,user21,GitHub,view,2013,495.87,b20643f2-1d75-44a0-8c4b-4375fd220299,9f750530-56b5-46a3-abeb-3924a38bce0b
7e46c0e5-60c9-4f19-aa24-8abac02bce65,2025-11-03 01:35:56.000000,user19,GitHub,download,1127,282.58,360697f1-92bf-4567-b577-5fd2974571aa,c4c20f60-5934-42d2-b3a6-68be730a140e
2e78c456-9983-4fb3-add0-27f640657d2e,2025-11-03 02:21:43.000000,user21,Salesforce,download,1653,360.28,b20643f2-1d75-44a0-8c4b-4375fd220299,82c70646-8a8e-4441-90fd-fe033f8d68ca
6fbaedf2-491f-4911-914b-d3e47fba8a98,2025-11-03 03:05:12.000000,user16,Workday,modify,2961,136.68,979d4c08-8a93-4e60-b481-8d630c7d9bf7,be8f51ce-eb26-4959-972d-00979150cf6c
37dc62fe-a55d-4290-8566-7af411fa07bd,2025-11-03 03:29:28.000000,user21,Databricks,modify,1723,155.46,b20643f2-1d75-44a0-8c4b-4375fd220299,894a8cad-be5e-40a8-b5b2-579ba04398eb
236fb6a8-abe5-4b76-aeee-6ff758276170,2025-11-03 03:44:52.000000,user21,Salesforce,modify,2751,235.05,b20643f2-1d75-44a0-8c4b-4375fd220299,1442b6c8-f6c3-4711-88b0-a33d51a45316
ce5f8467-c8fb-4144-abf2-6a8ac42ee9ef,2025-11-03 04:51:46.000000,user14,SAP,upload,2645,474.84,d3ca910a-a29f-48fa-9f4c-21caf88aa724,b839c83f-edb1-4675-8d5c-68b799853481
eb13b50c-fc72-4ca5-989d-a084c7879c51,2025-11-03 06:22:07.000000,user16,Salesforce,upload,3061,225.23,edd0fa63-7a99-4574-a151-9d877242034c,be8f51ce-eb26-4959-972d-00979150cf6c
402062b7-4cd6-4a97-bfea-9d78f7c1450b,2025-11-03 07:41:49.000000,user16,Snowflake,upload,565,251.09,edd0fa63-7a99-4574-a151-9d877242034c,394e941a-eb5b-47f1-9000-384f5851e633
f71d5260-c6c5-4b74-b8c6-e5d890cbe03c,2025-11-03 07:52:37.000000,user11,SAP,view,2485,99.72,baf6d630-8b5f-4b6b-aef6-b280041e6307,
746f1c56-caf1-47d5-9be5-02041db6c56a,2025-11-03 09:18:37.000000,user7,Salesforce,download,1178,197.25,57b4d6df-6bc3-42ef-af95-eaa393cfff01,
eeda897a-0e1b-40e1-a8dd-41471d8de205,2025-11-03 09:53:51.000000,user7,Jira,modify,3089,162.36,57b4d6df-6bc3-42ef-af95-eaa393cfff01,
b49dd83b-2a57-4960-b8a2-51af6e3d5c4a,2025-11-03 10:46:50.000000,user16,Jira,download,1442,459.28,edd0fa63-7a99-4574-a151-9d877242034c,be8f51ce-eb26-4959-972d-00979150cf6c
c8b3c687-dc91-45f0-a350-a6b98a9b06d3,2025-11-03 10:47:58.000000,user16,GitHub,download,3277,107.49,edd0fa63-7a99-4574-a151-9d877242034c,
00040f95-20ae-4fed-9ee0-fd3056c6cf45,2025-11-03 10:52:30.000000,user20,Salesforce,view,898,238.99,3f708985-dd4a-4328-9c9d-5da8d1216e1a,
1d3ec5c6-ed0b-4f32-8186-34c077e3fcdf,2025-11-03 11:10:33.000000,user7,Workday,download,2111,160.14,57b4d6df-6bc3-42ef-af95-eaa393cfff01,
8d98b1c9-bceb-4d6a-8612-5714d8405fa2,2025-11-03 11:20:52.000000,user7,SAP,upload,1622,17.06,4d564fcf-f347-42dd-bba0-bba0c2b35389,
f0b918c1-b42d-47c4-a57c-c3dd718d7e50,2025-11-03 11:33:23.000000,user7,GitHub,download,2577,146.08,4d564fcf-f347-42dd-bba0-bba0c2b35389,
7708fc9a-55b1-4771-b394-e810148afdf2,2025-11-03 11:36:52.000000,user20,Databricks,view,3357,169.68,3f708985-dd4a-4328-9c9d-5da8d1216e1a,2d739fb0-5a1b-4bc7-ab27-6a1a2921319d
f2adac2e-abcc-4897-a61a-61ab034a8e0a,2025-11-03 11:47:20.000000,user7,Snowflake,view,2164,273.4,4d564fcf-f347-42dd-bba0-bba0c2b35389,
f1b32d09-289a-4a27-af46-ecfbe4e860ad,2025-11-03 11:56:53.000000,user48,Workday,modify,1852,137.45,e117923f-8e26-4da4-a879-86d194961941,
2d40b4ff-58d8-466b-bc43-104b56e8d7ff,2025-11-03 12:14:10.000000,user17,Salesforce,view,1606,374.09,2ff06671-4882-4064-b702-fdaf329e1d75,
8021dd66-818b-472b-8a6f-0ac70f62e8fd,2025-11-03 12:16:32.000000,user30,Snowflake,upload,2529,474.01,5dc482b9-2d94-426c-98bd-e2152500900c,608b40df-7c5c-4a8c-8d06-e61f2d2befb1
d47e30ed-cae0-4657-bb72-a34ac289ac8f,2025-11-03 12:37:54.000000,user30,SAP,upload,178,438.67,5dc482b9-2d94-426c-98bd-e2152500900c,a74ca85e-b5fe-4711-933d-8c4567480df5
1c58bf97-bca9-4134-96a9-d49af845b3f5,2025-11-03 12:43:33.000000,user25,Snowflake,view,3416,107.39,0083454f-7d5a-4644-8359-87dd995732d8,291d2c05-cd99-483a-bba0-0acb49052869
ca5fe15f-3bef-4725-9476-7340431ddf04,2025-11-03 12:54:37.000000,user7,Jira,upload,754,498.38,4d564fcf-f347-42dd-bba0-bba0c2b35389,
ebcb4951-ea5b-4f78-a53b-b6b6490306d8,2025-11-03 13:08:59.000000,user17,Snowflake,view,157,35.22,2ff06671-4882-4064-b702-fdaf329e1d75,
3d05bc00-86ef-49c5-8912-5f05ceab317d,2025-11-03 13:13:53.000000,user20,Jira,view,2721,371.1,3f708985-dd4a-4328-9c9d-5da8d1216e1a,0e4fff21-48ce-4fe6-8b49-eaff3a4b88f7
24aa9a82-b530-4f59-8ba5-239b90649e46,2025-11-03 13:44:45.000000,user29,Jira,modify,2982,17.38,842b0a46-96df-4b70-9342-382367507e8b,abf2f8a5-ad48-48c7-84c1-ca097da1e4c4
4229a030-d929-49ce-a848-ae1a64b7d690,2025-11-03 13:48:13.000000,user35,Databricks,modify,1557,66.38,4794a848-48a4-47ab-9958-0294239a9ac7,d320074d-1f8d-4a8d-9be0-5d38efb2846e
10479859-85d4-474c-8c0a-5c1d5374cd08,2025-11-03 13:54:17.000000,user35,Workday,view,715,293.47,4794a848-48a4-47ab-9958-0294239a9ac7,d320074d-1f8d-4a8d-9be0-5d38efb2846e
6b75dc8d-ae76-4a9d-bb5b-4e4f9ce551f4,2025-11-03 14:31:50.000000,user29,GitHub,view,1621,200.31,842b0a46-96df-4b70-9342-382367507e8b,
07c95f7b-83ed-4dec-9356-83f2c2329724,2025-11-03 14:38:07.000000,user30,SAP,modify,3443,464.42,5dc482b9-2d94-426c-98bd-e2152500900c,8d6d0b8b-cb73-4338-987c-ae2958e30fdd
659ddab4-0f34-4926-85d5-dd77affdb210,2025-11-03 15:12:49.000000,user29,Jira,upload,330,215.23,842b0a46-96df-4b70-9342-382367507e8b,
f3b96821-664d-47c4-a8cb-fae1fb4030ae,2025-11-03 15:19:29.000000,user30,Salesforce,download,3286,330.47,5dc482b9-2d94-426c-98bd-e2152500900c,8d6d0b8b-cb73-4338-987c-ae2958e30fdd
9d6ce3c5-80fa-4253-af48-5be7f122e7bb,2025-11-03 15:28:20.000000,user7,Databricks,upload,3202,437.56,4d564fcf-f347-42dd-bba0-bba0c2b35389,
1c610ef7-bcdf-43fc-87e8-8079e2ad9e85,2025-11-03 15:59:54.000000,user35,Snowflake,view,3367,112.49,4794a848-48a4-47ab-9958-0294239a9ac7,2a2d79d2-328f-41ac-8589-0f41afa0160b
933a9c5d-2440-458e-a840-592d4a5dda97,2025-11-03 16:12:12.000000,user13,Databricks,view,3268,142.96,f3ef4f7c-a2d6-4956-85b3-e2c1d0c1c2d5,026f55cc-4f85-45d9-b9f3-ce5cdb78a909
a2f61d1d-038d-471d-91d7-342263765333,2025-11-03 16:31:20.000000,user34,Workday,download,54,259.91,e55beac4-2e27-42a8-ac86-363773721569,
e086c9cc-204b-4f4c-8fb4-31a20ceea7f6,2025-11-03 17:00:53.000000,user30,SAP,modify,3106,417.95,5dc482b9-2d94-426c-98bd-e2152500900c,
44ffe3ac-a0c4-4e30-86dc-9c6e9e45a693,2025-11-03 17:20:47.000000,user17,Salesforce,upload,2518,284.53,2ff06671-4882-4064-b702-fdaf329e1d75,
1cef4d04-f56c-4443-af17-5815f5ab452a,2025-11-03 17:30:45.000000,user35,SAP,view,203,394.13,4794a848-48a4-47ab-9958-0294239a9ac7,d320074d-1f8d-4a8d-9be0-5d38efb2846e
06138389-99b3-4899-ac16-6fcd838b3ea2,2025-11-03 17:35:16.000000,user29,Snowflake,view,2300,216.38,842b0a46-96df-4b70-9342-382367507e8b,abf2f8a5-ad48-48c7-84c1-ca097da1e4c4
ed9aacde-d197-4bfa-a8b6-98c3c29bf238,2025-11-03 17:44:13.000000,user20,SAP,upload,1468,276.07,3f708985-dd4a-4328-9c9d-5da8d1216e1a,0e4fff21-48ce-4fe6-8b49-eaff3a4b88f7
76a00ff4-8329-454d-80dc-1f4147786cd7,2025-11-03 18:41:59.000000,user34,Databricks,view,296,71.35,e55beac4-2e27-42a8-ac86-363773721569,d9d3c543-c613-4ed5-ae94-38df532eaf29
123929ac-8959-4743-86d9-622ecbeaf7e4,2025-11-03 18:43:56.000000,user25,Snowflake,modify,2450,110.78,0083454f-7d5a-4644-8359-87dd995732d8,d734d354-b970-4907-98e7-dc8af18d2176
ea2a602f-43f9-421b-9359-5861f81d875b,2025-11-03 18:51:15.000000,user25,Workday,upload,100,245.71,0083454f-7d5a-4644-8359-87dd995732d8,
76a44531-da37-42cf-a404-612912786a99,2025-11-03 19:10:50.000000,user17,Workday,download,417,481.59,2ff06671-4882-4064-b702-fdaf329e1d75,05aad117-c96c-4b0a-94e1-be69227939d8
685dfb51-cf14-4086-90a7-9a4701bf8fd7,2025-11-03 19:44:27.000000,user25,GitHub,upload,698,480.9,0083454f-7d5a-4644-8359-87dd995732d8,f1ec4e04-5372-4d8a-ad2e-3e8e813410ca
877f5781-5b6b-4077-afdf-06eb214d6567,2025-11-03 19:45:45.000000,user34,Workday,view,2852,445.09,e55beac4-2e27-42a8-ac86-363773721569,
74f72057-0154-4a75-afb5-da2d13ae0c77,2025-11-03 19:59:48.000000,user43,SAP,modify,3566,334.42,04956613-9835-4394-add9-b80f31335741,ab46a1b3-faa6-482d-9df1-3989e8a221f4
547191f7-0399-4fba-8393-e3a94bfc7723,2025-11-03 20:17:13.000000,user25,Jira,upload,2168,278.28,0083454f-7d5a-4644-8359-87dd995732d8,d734d354-b970-4907-98e7-dc8af18d2176
1b97495a-6be0-4524-9a06-6d63c0c30517,2025-11-03 20:32:08.000000,user32,Salesforce,download,2408,360.6,fffcf9f3-60a6-4425-a559-e47bd8413a67,
0f8d944f-48bb-4618-8435-f5b39248c2b7,2025-11-03 20:55:56.000000,user9,Snowflake,download,77,295.72,77b14b00-4c5a-4102-a2f1-f6c471c54fb1,f7f082aa-22ff-4499-b8de-2910f5c99df9
4691a965-4940-4aaf-a633-cf3317655547,2025-11-03 21:41:37.000000,user13,Salesforce,view,3494,11.06,f3ef4f7c-a2d6-4956-85b3-e2c1d0c1c2d5,35785ccd-3d5d-4130-a2f7-2b857d6d8e1e
72fcb75f-3a18-4c82-acee-0efe913534e9,2025-11-03 21:57:22.000000,user8,SAP,view,1219,310.53,fd1c89fd-1151-4a79-8018-d713a40acd33,7f87cd67-a4cc-4db4-b723-7735af8ec4b1
1c75ff44-081f-4b94-b717-b63dba3fdec4,2025-11-03 22:26:57.000000,user45,Salesforce,download,1813,4.93,7b120bb2-b173-4b3a-b360-a9d0678379bf,
8ed2e2ee-6fa6-49ea-9920-5724ef3909c6,2025-11-03 22:29:01.000000,user34,Salesforce,download,3553,274.24,e55beac4-2e27-42a8-ac86-363773721569,e4c02114-af61-4266-aea9-b42b2a9fc72c
d0f37672-3875-48fe-aa6c-7f13a1557f79,2025-11-03 22:55:39.000000,user45,Databricks,upload,3339,470.67,7b120bb2-b173-4b3a-b360-a9d0678379bf,723286fb-3162-4c12-ac8a-99f6a571f102
7a02ef87-066b-43bc-8a28-2316edd09aed,2025-11-03 23:04:24.000000,user34,SAP,download,3469,22.21,e55beac4-2e27-42a8-ac86-363773721569,d9d3c543-c613-4ed5-ae94-38df532eaf29
56fc9b94-6dfe-4f8d-b07e-244f550e0064,2025-11-03 23:04:54.000000,user35,GitHub,view,581,483.08,4a031bed-6cee-44cd-8b9a-3b81f55ad333,
6275d632-5b23-487b-8024-70da6951a07c,2025-11-03 23:11:06.000000,user32,Databricks,view,775,162.95,fffcf9f3-60a6-4425-a559-e47bd8413a67,14f6a1d6-a3fa-455d-8103-325bb3987e0d
d496bca9-2191-434f-8605-68e140aa1f86,2025-11-03 23:49:20.000000,user40,Workday,download,571,103.93,7a7ac540-3d93-4450-bb68-419b2562f106,6d69470a-ac7a-452b-9bda-077b61264b5e
0518ecad-d25f-45b2-b6dd-d4fee0e947e5,2025-11-04 00:10:28.000000,user35,Snowflake,download,1232,336.48,4a031bed-6cee-44cd-8b9a-3b81f55ad333,2a2d79d2-328f-41ac-8589-0f41afa0160b
82e308c2-6f35-4f83-a07d-2b75510da65e,2025-11-04 00:38:46.000000,user45,SAP,download,3394,342.22,7b120bb2-b173-4b3a-b360-a9d0678379bf,32ac0749-fa3a-4fb6-9207-a7c2ab3227d4
182b312b-b58c-4c21-8a7f-f5edc11a5fc6,2025-11-04 00:40:50.000000,user9,GitHub,upload,1661,216.67,77b14b00-4c5a-4102-a2f1-f6c471c54fb1,
b1e3fcfb-92f8-4752-ab01-0a6c94fa5c61,2025-11-04 00:45:50.000000,user9,Jira,view,1081,20.03,77b14b00-4c5a-4102-a2f1-f6c471c54fb1,b67adbb1-c83d-4400-adcc-be26c44f33a2
d15b9a57-8d5e-4c0d-8a5a-c1d48c07be82,2025-11-04 00:55:37.000000,user8,Databricks,view,422,195.98,fd1c89fd-1151-4a79-8018-d713a40acd33,
20188d9a-d506-4797-8c57-884a0ddef55f,2025-11-04 01:05:16.000000,user8,GitHub,view,2025,129.69,fd1c89fd-1151-4a79-8018-d713a40acd33,2d77766c-f5b5-40ed-b9c0-9a402a1abe7e
8f24221b-bf9d-4517-bb57-d28b58a6cd5d,2025-11-04 01:18:56.000000,user25,Salesforce,download,646,430.9,aa432059-e1f1-40af-b040-1acfabadf539,
7ee0e2d7-aad2-402c-a589-0eb02313fa1d,2025-11-04 01:25:41.000000,user9,GitHub,download,2339,163.52,77b14b00-4c5a-4102-a2f1-f6c471c54fb1,285b9f7c-851c-43d9-98c4-a29939c3551a
e7366093-7340-4491-9a1b-19dc6240f0b1,2025-11-04 01:45:58.000000,user9,GitHub,view,1725,414.02,77b14b00-4c5a-4102-a2f1-f6c471c54fb1,
815058dc-1d65-40b1-9170-f29fa8bbec46,2025-11-04 01:54:05.000000,user7,Databricks,modify,1423,76.53,04f24af5-9f01-4383-b386-8b6d741efde8,
d6f5e81a-1792-4a05-a31c-b789881766c7,2025-11-04 01:54:47.000000,user35,Jira,view,525,379.52,4a031bed-6cee-44cd-8b9a-3b81f55ad333,2a2d79d2-328f-41ac-8589-0f41afa0160b
19861ce8-8e46-44c0-b44c-1c4ad4912b6a,2025-11-04 02:15:41.000000,user35,Databricks,view,2139,136.83,3f19ed6d-f855-420d-ade1-17a73137bca4,d320074d-1f8d-4a8d-9be0-5d38efb2846e
20bc8afb-3a9b-4883-9e11-561877f9ab36,2025-11-04 02:23:17.000000,user8,Jira,download,3113,195.88,fd1c89fd-1151-4a79-8018-d713a40acd33,c6d66ac6-92de-4c90-8ec3-ed962205cfb2
7b14fbaa-112b-444c-a18d-3b8fb3b829d1,2025-11-04 03:01:09.000000,user35,GitHub,modify,1022,75.56,3f19ed6d-f855-420d-ade1-17a73137bca4,d320074d-1f8d-4a8d-9be0-5d38efb2846e
77a86712-be77-4abc-807c-d81cca8e36ec,2025-11-04 03:16:58.000000,user8,Jira,download,763,158.78,fd1c89fd-1151-4a79-8018-d713a40acd33,
00b23383-9f60-4a63-a008-d2c69dcc1ad6,2025-11-04 04:19:28.000000,user18,GitHub,modify,325,342.32,caea22c1-6231-4476-98aa-6d32fa9db003,f7a1ec62-3d79-4656-bcaa-5c34ede63120
999e9250-802a-4a4b-8c7d-e7716ca07beb,2025-11-04 04:19:31.000000,user31,Jira,download,1966,218.14,eb34c19c-5f6b-4e37-b944-c9ccb37ed64a,980e07e4-d144-4108-ba59-fa5c2a10374a
34039805-e46e-4aee-8b4d-d990214bbe3c,2025-11-04 04:33:48.000000,user46,Databricks,modify,409,109.29,d36564f3-3ade-4f2f-bcec-b0c5dcd7b498,
10d29bc5-9b2b-407c-8a06-823c7ded595a,2025-11-04 05:09:03.000000,user31,Databricks,modify,2122,481.13,eb34c19c-5f6b-4e37-b944-c9ccb37ed64a,980e07e4-d144-4108-ba59-fa5c2a10374a
15ee27e4-25ad-4571-853a-4dda988d2805,2025-11-04 05:10:34.000000,user45,Jira,view,541,198.52,7b120bb2-b173-4b3a-b360-a9d0678379bf,935ebcc1-35a6-4960-b0b3-360b25f69a8d
d8f0735c-113d-43ba-9e8b-22f86c27dbd9,2025-11-04 05:16:22.000000,user1,Jira,upload,3209,472.14,57978e54-7034-42cd-9681-6f8dcc7727c9,d37e9283-0c58-4092-beb7-9a53f76fd15f
3e242182-a591-48e4-b12f-869e71dc31dc,2025-11-04 05:20:11.000000,user46,SAP,download,3448,241.38,d36564f3-3ade-4f2f-bcec-b0c5dcd7b498,aa7e2cc4-be86-4748-a5e4-51c8bf7091f8
ad2259ca-0253-466c-b026-8f40a6911813,2025-11-04 05:30:12.000000,user44,SAP,modify,3001,55.39,6e75d20c-cb97-487f-baa2-bbc36e10e4a6,3be1af86-db4e-4bd9-ac89-72d47abbc4ee
8cf72146-3585-480f-a446-370d076663ce,2025-11-04 05:51:29.000000,user35,Snowflake,view,2506,43.51,3f19ed6d-f855-420d-ade1-17a73137bca4,
33a6661d-08a5-41b2-8594-0bd94cf34253,2025-11-04 05:52:14.000000,user18,Workday,download,353,361.76,caea22c1-6231-4476-98aa-6d32fa9db003,67117661-27aa-4da4-b986-ab495f8f2687
3411b09f-063a-4e0c-89ce-4b3bc008b708,2025-11-04 05:57:49.000000,user1,Salesforce,download,3350,109.31,57978e54-7034-42cd-9681-6f8dcc7727c9,d37e9283-0c58-4092-beb7-9a53f76fd15f
78f38db4-7704-4393-98d5-bd4c91132162,2025-11-04 06:19:41.000000,user31,Salesforce,modify,2243,273.44,eb34c19c-5f6b-4e37-b944-c9ccb37ed64a,
1dbf0268-58c4-4690-96e3-c508e1364fe1,2025-11-04 06:20:38.000000,user46,Workday,view,2087,55.42,d36564f3-3ade-4f2f-bcec-b0c5dcd7b498,
1c579fb5-260a-44f4-8f76-c688ed185041,2025-11-04 06:30:10.000000,user7,Workday,view,32,260.98,04f24af5-9f01-4383-b386-8b6d741efde8,
6bc6e481-f288-4904-a67d-bdae062661a4,2025-11-04 06:31:39.000000,user18,SAP,modify,1652,65.07,caea22c1-6231-4476-98aa-6d32fa9db003,
32c997b2-0c6d-4d02-be19-24bb7afec0d2,2025-11-04 06:52:42.000000,user35,Snowflake,download,766,54.89,3f19ed6d-f855-420d-ade1-17a73137bca4,2a2d79d2-328f-41ac-8589-0f41afa0160b
f861c5a7-b9ab-4160-9c58-2f020fe7cb33,2025-11-04 06:59:00.000000,user35,Snowflake,upload,3028,448.65,3f19ed6d-f855-420d-ade1-17a73137bca4,d320074d-1f8d-4a8d-9be0-5d38efb2846e
f26c2bb5-c7e2-4664-9980-56e87d8524ac,2025-11-04 07:00:16.000000,user40,SAP,upload,958,114.31,bd540582-652a-4d34-9a59-cd916ab5c3a1,
cabaddde-dc58-43a7-aeb0-e395e07fe2e1,2025-11-04 07:05:01.000000,user45,Snowflake,download,364,139.4,6cb16871-af20-440d-bb86-aadd38542f2e,ae4ce739-9812-4946-bf46-e05f0a5a95f5
8be15af0-ef5c-48e3-9f64-c0709238b038,2025-11-04 07:07:13.000000,user37,Workday,modify,1318,156.1,5d505c26-4d9d-42b2-a44c-8a01dd645d5c,a417c8aa-10f4-4149-ac0d-5e38a83f0690
782e618c-baf5-4dec-83ef-2f70f368745e,2025-11-04 07:33:04.000000,user45,Databricks,view,2467,398.05,6cb16871-af20-440d-bb86-aadd38542f2e,
442649e2-e86e-4ff7-8853-e0935668caa4,2025-11-04 07:36:45.000000,user46,Snowflake,modify,425,464.06,d36564f3-3ade-4f2f-bcec-b0c5dcd7b498,87929e36-fbe5-4efe-bf31-308ec7a3f55e
cc21cdf5-ca27-45a5-8238-3da02991c41c,2025-11-04 07:38:56.000000,user44,GitHub,view,3337,451.77,6e75d20c-cb97-487f-baa2-bbc36e10e4a6,ae991d53-f99a-4e5f-a629-8387fc24799e
992cfbbf-a1e1-4bb6-bc2f-d49bf7ecc2eb,2025-11-04 07:40:15.000000,user31,Salesforce,view,1386,23.99,eb34c19c-5f6b-4e37-b944-c9ccb37ed64a,54051b9c-148f-4394-9326-d32b45df1e5c
3f67fe54-b4ac-4c29-b867-d6e9a2e010d1,2025-11-04 07:41:13.000000,user45,GitHub,upload,2929,231.22,6cb16871-af20-440d-bb86-aadd38542f2e,935ebcc1-35a6-4960-b0b3-360b25f69a8d
6845da14-6dbc-444f-84b6-4265111ad32e,2025-11-04 07:59:58.000000,user40,GitHub,modify,1236,151.46,bd540582-652a-4d34-9a59-cd916ab5c3a1,
6a15dccc-b825-4d03-b3ea-79369ad05024,2025-11-04 08:07:13.000000,user42,SAP,view,1082,395.39,b36390b9-bb2b-40ba-838b-f7131d0609a2,
556fe6d0-d5d0-4993-84cd-de66df179d91,2025-11-04 08:20:11.000000,user40,Workday,download,704,311.49,bd540582-652a-4d34-9a59-cd916ab5c3a1,
d5f29d85-9789-4ccf-9e58-ea40c1ad7a10,2025-11-04 09:04:27.000000,user37,Databricks,upload,508,34.74,5d505c26-4d9d-42b2-a44c-8a01dd645d5c,0a98e4d6-606a-49fb-9b7e-74dd21a77842
63c8c5cf-9d0b-4a6f-81a3-0dcaa32f2ca7,2025-11-04 09:38:46.000000,user6,GitHub,upload,2310,21.44,15d5c3e7-f383-40f2-89bc-5b214277520e,aba79c4c-2f79-46cb-b4f0-20ffda880963
d155a129-ce7d-4042-a895-1ad10e3c1478,2025-11-04 10:01:01.000000,user47,GitHub,view,892,107.98,8ac7d465-0538-445c-9976-0897bcf5e7d7,9f042912-bee0-42d2-9ad8-e9edaa335511
6343e624-b885-43fc-8c68-08bf793562e0,2025-11-04 10:09:26.000000,user37,Workday,upload,2087,261.82,5d505c26-4d9d-42b2-a44c-8a01dd645d5c,342a389d-bc1f-465d-ab71-6269d1b6be9a
22ac6d2c-b5c9-4d96-aff1-a738e0d4f68a,2025-11-04 10:27:13.000000,user6,SAP,modify,525,290.93,58bf5251-9e69-4726-aaa7-a8870a9bdd75,
b3367842-1ae1-49b4-9ae6-6895d064b11f,2025-11-04 10:37:29.000000,user18,Salesforce,upload,2504,95.6,caea22c1-6231-4476-98aa-6d32fa9db003,f7a1ec62-3d79-4656-bcaa-5c34ede63120
2404bd2d-dabd-4e71-90ae-f8c838ac816b,2025-11-04 10:45:14.000000,user4,Salesforce,upload,978,48.16,3c8107c9-3ce5-4865-84c4-5a4ea14ccb7f,
3b086eb9-245f-489b-b36b-6504399360d3,2025-11-04 10:47:37.000000,user6,Salesforce,download,1298,230.46,58bf5251-9e69-4726-aaa7-a8870a9bdd75,
c07492ae-5dc8-49e0-ab44-70ac6d7469ec,2025-11-04 11:30:05.000000,user20,Databricks,download,1100,354.45,8694ed54-6cdc-418c-bc83-10bbd6921b8b,
a43a5d47-1ec3-4463-85a8-b7027cb0ff20,2025-11-04 12:07:06.000000,user6,Databricks,view,1308,366.19,15d5c3e7-f383-40f2-89bc-5b214277520e,88dd69ee-eba2-462a-b055-8079846c2b0e
1b7a9d47-862b-4f41-9cfb-082ad1056491,2025-11-04 12:18:02.000000,user4,Databricks,upload,2164,405.87,3c8107c9-3ce5-4865-84c4-5a4ea14ccb7f,7f4bd8f8-adf3-4efa-97ff-77c5dbf502c8
63b8788e-3569-438d-9d9a-210ffff60a87,2025-11-04 12:26:21.000000,user24,Snowflake,modify,2527,54.02,ec1ed37a-367d-47d8-8bb3-d80674ccc7dd,765a447d-23f3-420f-8ccc-869682af644d
81e368f7-f1f7-42c1-9252-4ac3f790ef84,2025-11-04 12:28:02.000000,user37,SAP,upload,2403,175.46,38133b76-301c-4bb2-9861-b012b17a7381,a417c8aa-10f4-4149-ac0d-5e38a83f0690
0bfcf343-d7f8-4360-80f9-c3cbf9ce5a46,2025-11-04 12:28:18.000000,user6,Jira,view,45,336.43,58bf5251-9e69-4726-aaa7-a8870a9bdd75,69bcda38-b872-4376-a01f-6ba49da86ce3
d3d1da3e-0bbb-494a-bbdf-040014e988ef,2025-11-04 12:32:09.000000,user47,Workday,download,2597,35.34,8ac7d465-0538-445c-9976-0897bcf5e7d7,779be8b0-ffaa-4ea2-9026-3f735c61170d
50da15ad-a238-4655-a017-bebe3b093eff,2025-11-04 12:48:13.000000,user35,Jira,modify,1615,226.59,61bea801-0624-47b9-b9e9-3dbea4487e15,2a2d79d2-328f-41ac-8589-0f41afa0160b
23f28758-1151-4af6-9745-23e5029a8751,2025-11-04 12:50:55.000000,user47,Workday,download,2126,202.33,8ac7d465-0538-445c-9976-0897bcf5e7d7,d6de783a-8c3d-4581-a0e1-683af840b183
92a40c45-766c-4407-b68a-23525795679e,2025-11-04 12:53:35.000000,user35,Snowflake,view,3310,91.43,61bea801-0624-47b9-b9e9-3dbea4487e15,2a2d79d2-328f-41ac-8589-0f41afa0160b
b5ad576c-ee20-413b-ba51-c222c34e5733,2025-11-04 12:53:45.000000,user6,Databricks,modify,522,432.86,58bf5251-9e69-4726-aaa7-a8870a9bdd75,8920d329-190c-4281-8363-6c207e82825a
0e485c7d-5cd8-40f9-9231-b77999dd98b9,2025-11-04 12:58:51.000000,user4,Snowflake,upload,3553,399.37,3c8107c9-3ce5-4865-84c4-5a4ea14ccb7f,e9acb8dc-11af-4ad8-94dc-1b6fd2bb69fd
bd0b2734-df9f-40ed-99db-ff82b4935594,2025-11-04 13:07:24.000000,user37,Jira,modify,457,105.08,38133b76-301c-4bb2-9861-b012b17a7381,342a389d-bc1f-465d-ab71-6269d1b6be9a
33935c54-0f65-4149-97ae-804c1fabf90c,2025-11-04 13:23:44.000000,user47,Databricks,download,1820,488.84,8ac7d465-0538-445c-9976-0897bcf5e7d7,779be8b0-ffaa-4ea2-9026-3f735c61170d
f51f2b38-2cca-4fb7-ac43-0b50a0e0e552,2025-11-04 13:39:28.000000,user4,Databricks,view,149,436.59,3c8107c9-3ce5-4865-84c4-5a4ea14ccb7f,7f4bd8f8-adf3-4efa-97ff-77c5dbf502c8
c31aad71-521c-42b7-96e9-3a67e59c22eb,2025-11-04 13:47:18.000000,user40,Snowflake,view,3102,23.81,bd540582-652a-4d34-9a59-cd916ab5c3a1,3fc68a79-0378-4a04-ad13-338646489999
07d0a948-72e4-479b-8a30-bceeb3814cd8,2025-11-04 14:29:09.000000,user47,Workday,modify,503,183.81,8ac7d465-0538-445c-9976-0897bcf5e7d7,
2fd2610d-a47d-4993-8628-c61ca17a2666,2025-11-04 14:53:38.000000,user37,Workday,upload,2375,466.09,38133b76-301c-4bb2-9861-b012b17a7381,
dde1e0fe-533d-4465-b863-7964c78c649d,2025-11-04 15:14:11.000000,user30,Jira,view,1287,280.0,b38b0ae5-ae4b-47d1-8ff4-149f8de69cbe,8d6d0b8b-cb73-4338-987c-ae2958e30fdd
84e8153e-4c2b-4693-8b42-b23d94302f0d,2025-11-04 15:22:25.000000,user9,GitHub,upload,2667,293.53,ab7a5fd8-86f2-4f6f-a039-1772231669e4,285b9f7c-851c-43d9-98c4-a29939c3551a
21e7df6f-a8ea-4835-a6db-f023219d3893,2025-11-04 15:23:16.000000,user6,GitHub,view,1910,9.98,58bf5251-9e69-4726-aaa7-a8870a9bdd75,
8c875d97-05f3-4a69-846f-81b5c1c3abd6,2025-11-04 15:48:08.000000,user37,Jira,download,1529,284.41,38133b76-301c-4bb2-9861-b012b17a7381,a417c8aa-10f4-4149-ac0d-5e38a83f0690
368c32f5-6182-4ae7-9a1e-2c7a1b7f467d,2025-11-04 15:59:50.000000,user45,Jira,modify,3135,38.22,fc21b631-332a-4f49-942c-43da89b0be58,
b5dbfdfc-e290-42e3-9f0e-a70fb015f008,2025-11-04 16:56:12.000000,user20,Jira,modify,1999,278.24,8694ed54-6cdc-418c-bc83-10bbd6921b8b,
500d7d9d-02ad-4d82-a852-fb0711e0b418,2025-11-04 17:01:32.000000,user45,GitHub,upload,781,374.94,fc21b631-332a-4f49-942c-43da89b0be58,
07f27c45-fd13-441f-b169-f77de56a40b1,2025-11-04 17:13:39.000000,user6,Databricks,view,2273,326.53,264dd722-0adf-4177-aea1-9b05a7bd4a75,69bcda38-b872-4376-a01f-6ba49da86ce3
a990286f-249e-4cd1-8ed0-c4e478e21eb6,2025-11-04 17:23:32.000000,user24,Workday,download,2798,250.07,8c5191e6-445a-4798-8ede-c6c83f5ebcd6,765a447d-23f3-420f-8ccc-869682af644d
1b57f951-3b77-4b40-9285-1e7a0fa4bfa1,2025-11-04 17:33:23.000000,user9,SAP,view,1677,201.04,ab7a5fd8-86f2-4f6f-a039-1772231669e4,285b9f7c-851c-43d9-98c4-a29939c3551a
a9f371ad-c900-4dd2-8305-3a3bac00bf7b,2025-11-04 17:33:57.000000,user45,Snowflake,download,428,400.31,fc21b631-332a-4f49-942c-43da89b0be58,ae4ce739-9812-4946-bf46-e05f0a5a95f5
93ccb1d9-58da-4f2a-b338-cd28f40f54c5,2025-11-04 17:35:10.000000,user30,Workday,download,1063,313.33,b38b0ae5-ae4b-47d1-8ff4-149f8de69cbe,
8e348695-c85a-478f-bacb-5b88e05d5a3d,2025-11-04 17:38:11.000000,user26,Databricks,upload,2081,189.87,e63c5257-c832-4ec8-b735-96666022195e,c15b5a48-2ac7-4cda-a096-0f3b7cbab210
7ca0bfe8-01db-4efe-9257-a7bc7d49fe48,2025-11-04 17:43:14.000000,user24,Workday,download,500,182.3,ec1ed37a-367d-47d8-8bb3-d80674ccc7dd,05ab8665-9ba5-4f59-a3a0-ad56b715d38f
b85c4f27-0955-4088-aa43-8a7d38cc5a9b,2025-11-04 18:04:21.000000,user35,GitHub,download,948,265.63,61bea801-0624-47b9-b9e9-3dbea4487e15,d320074d-1f8d-4a8d-9be0-5d38efb2846e
b10ceb99-19a3-43e4-addb-81ea380e474f,2025-11-04 18:15:59.000000,user14,Databricks,modify,264,182.55,d0649940-673f-40e5-8f9c-29793a081cfd,bd4f4977-d6d5-4fbf-b61a-4069e21339a2
c8cfdd06-93f8-49eb-acab-0b5fd2427f60,2025-11-04 18:24:01.000000,user20,Databricks,view,2320,362.76,074fa4ff-178f-44be-a069-2592ca818758,0e4fff21-48ce-4fe6-8b49-eaff3a4b88f7
f980cfbb-552e-4e29-8057-9d5870197063,2025-11-04 18:36:21.000000,user24,GitHub,download,2561,98.54,8c5191e6-445a-4798-8ede-c6c83f5ebcd6,05ab8665-9ba5-4f59-a3a0-ad56b715d38f
95f770d8-2752-4bda-88eb-a20858efdd0c,2025-11-04 18:52:21.000000,user26,Workday,upload,3426,107.06,e63c5257-c832-4ec8-b735-96666022195e,
95fa868d-a00a-48de-aea8-7ea8a9341706,2025-11-04 18:58:53.000000,user6,Databricks,upload,395,243.28,264dd722-0adf-4177-aea1-9b05a7bd4a75,29e73c4d-2921-4a3e-b7a3-b8ab3b14a5a0
bfd60fec-0955-4f7c-a3b2-9809cd040614,2025-11-04 18:59:58.000000,user26,Salesforce,download,3341,436.07,e63c5257-c832-4ec8-b735-96666022195e,5e2b1b47-b4ed-47fe-b1c2-f3ebbbd02a02
3bda8a3e-fc3d-456a-ad79-f8ce0ccd77f6,2025-11-04 19:01:49.000000,user26,Databricks,modify,2037,198.41,e63c5257-c832-4ec8-b735-96666022195e,c15b5a48-2ac7-4cda-a096-0f3b7cbab210
5bb98445-d652-4126-985e-d2b540f308bd,2025-11-04 19:04:58.000000,user6,Workday,download,3531,66.01,264dd722-0adf-4177-aea1-9b05a7bd4a75,88dd69ee-eba2-462a-b055-8079846c2b0e
d57a0ad6-0d7f-4180-b7d9-662eb2a24b29,2025-11-04 19:22:11.000000,user37,GitHub,download,756,244.94,38133b76-301c-4bb2-9861-b012b17a7381,a417c8aa-10f4-4149-ac0d-5e38a83f0690
1305d2e9-0870-497d-9e3d-1bced93462c5,2025-11-04 19:23:16.000000,user40,Snowflake,modify,1697,300.82,c86aed81-145e-425b-8bbb-c990aa73e353,
85c93767-dc4a-47c9-bd30-d33a4ef3838b,2025-11-04 19:38:08.000000,user35,Workday,upload,3411,230.67,61bea801-0624-47b9-b9e9-3dbea4487e15,
f20d4f4a-4498-4a0f-9498-a0c0d86b916f,2025-11-04 19:40:23.000000,user24,Jira,download,3119,32.36,8c5191e6-445a-4798-8ede-c6c83f5ebcd6,05ab8665-9ba5-4f59-a3a0-ad56b715d38f
fc14b6a9-1802-4593-8555-ccca709bfc42,2025-11-04 19:46:46.000000,user40,SAP,upload,1680,290.59,c86aed81-145e-425b-8bbb-c990aa73e353,3fc68a79-0378-4a04-ad13-338646489999
7b8b0fe5-3a8a-4610-825c-726c5a8c9ddf,2025-11-04 20:01:45.000000,user24,SAP,download,48,408.76,8c5191e6-445a-4798-8ede-c6c83f5ebcd6,
7e05dccf-b84f-4e2c-bb2e-78f60343a62e,2025-11-04 20:02:41.000000,user40,Databricks,download,3326,407.56,c86aed81-145e-425b-8bbb-c990aa73e353,3fc68a79-0378-4a04-ad13-338646489999
41ba5d9e-e089-4531-bd72-7c95914aad08,2025-11-04 20:14:07.000000,user40,Workday,download,2180,4.64,c86aed81-145e-425b-8bbb-c990aa73e353,3fc68a79-0378-4a04-ad13-338646489999
8a1ed704-5fe5-4f91-b7a7-3fc8648a87a6,2025-11-04 20:26:50.000000,user40,Salesforce,view,2883,459.48,c86aed81-145e-425b-8bbb-c990aa73e353,
061e0521-d123-4e9a-ae54-66b3d71d2c95,2025-11-04 20:37:09.000000,user34,Databricks,upload,3526,222.23,f07cfbcb-f75f-4dc3-8e34-94b67152c208,
4d40a933-bb9b-499b-ba74-b2437cb21b93,2025-11-04 20:51:25.000000,user26,Workday,download,1151,136.5,e63c5257-c832-4ec8-b735-96666022195e,
3c0eb3a8-a263-42aa-a1f0-88b952bbd612,2025-11-04 21:15:52.000000,user20,Salesforce,download,1319,439.37,074fa4ff-178f-44be-a069-2592ca818758,
a2dc9dec-01a5-4656-86b0-d728a9cc26a2,2025-11-04 21:19:47.000000,user24,Jira,view,515,58.7,8c5191e6-445a-4798-8ede-c6c83f5ebcd6,
9a126ea6-f05a-4b7b-879b-146aa78c215b,2025-11-04 21:21:52.000000,user14,Jira,modify,1123,455.67,d0649940-673f-40e5-8f9c-29793a081cfd,b839c83f-edb1-4675-8d5c-68b799853481
47ef6e40-cba1-410f-b0cc-774cc749e2a9,2025-11-04 21:35:35.000000,user34,SAP,download,1607,309.89,f07cfbcb-f75f-4dc3-8e34-94b67152c208,d9d3c543-c613-4ed5-ae94-38df532eaf29
23b69b07-8a59-44d1-bd1e-6dc5356fea10,2025-11-04 22:03:38.000000,user20,Workday,view,1317,52.58,78fc8030-a26a-4542-932c-dff484f4e9e5,4e5f8157-56bd-42e6-be82-b61ecdfb666c
2aabe63c-dbb6-4c0a-b4bf-c83be55749b9,2025-11-04 22:21:24.000000,user34,Jira,view,1458,177.44,f07cfbcb-f75f-4dc3-8e34-94b67152c208,d9d3c543-c613-4ed5-ae94-38df532eaf29
7da5df83-59df-4aa0-8a86-be4df97a07ac,2025-11-04 22:33:24.000000,user39,Databricks,download,835,411.3,87f2ec07-c7ed-44d3-9aa0-4d872e8d1fc7,b1c18527-d93c-4378-8f93-369e1aad8338
9abd01a4-8668-49df-9e05-bb704fb477e5,2025-11-04 22:37:34.000000,user21,Workday,view,685,300.26,2a87b0d6-bc4f-4dc9-92a3-3368f55fda1b,9f750530-56b5-46a3-abeb-3924a38bce0b
75eae450-3d48-4808-9c60-0cc62f2fc811,2025-11-04 22:38:18.000000,user13,Workday,view,2602,401.52,353071a5-f6cb-47ae-ab87-527d8698f30c,026f55cc-4f85-45d9-b9f3-ce5cdb78a909
ba8b39d6-bb6e-4bc3-a2b3-119091d859e2,2025-11-04 22:49:15.000000,user2,Snowflake,upload,387,176.52,91615144-4e46-4dcd-8d47-48358bdba593,c7eb3396-3b92-48f5-a887-07c4ee0ae05f
6a8dcb29-c1ad-4bb1-a759-c00f5d215aeb,2025-11-04 22:56:32.000000,user20,SAP,modify,1067,12.74,074fa4ff-178f-44be-a069-2592ca818758,e7cf9b59-1a95-4376-9ce7-59521cf3ad13
50b296af-062f-4ffa-b7fb-f40d8fb8ecc3,2025-11-04 23:04:30.000000,user21,Jira,upload,1520,299.51,2a87b0d6-bc4f-4dc9-92a3-3368f55fda1b,894a8cad-be5e-40a8-b5b2-579ba04398eb
4d831f0d-0ee1-4ce2-b58e-43035d3d03fa,2025-11-04 23:42:02.000000,user7,Workday,download,2299,434.7,71f5aa00-ca73-4465-9268-c7eef9c09540,
63f14914-0057-449b-b7a4-d7b56cf9a4ab,2025-11-04 23:44:04.000000,user40,Salesforce,modify,3148,269.38,2e7c4382-751a-4b69-8fe0-f0641473d5c5,
69324e9b-6326-4728-b2b6-34d62c1d9d4e,2025-11-05 00:15:09.000000,user21,Jira,view,3563,109.99,2a87b0d6-bc4f-4dc9-92a3-3368f55fda1b,
b603cb70-0740-427f-a8ac-7dc052ce4542,2025-11-05 00:19:32.000000,user20,GitHub,download,3567,216.51,78fc8030-a26a-4542-932c-dff484f4e9e5,0e4fff21-48ce-4fe6-8b49-eaff3a4b88f7
518a2401-680f-470a-a8ea-c1ec19389f91,2025-11-05 00:21:24.000000,user34,Jira,modify,3532,171.36,31f860d2-695d-41ca-bc30-400d73d16172,
ba22b633-79fb-44cb-b49f-c1b2747f34f5,2025-11-05 00:36:01.000000,user4,Salesforce,upload,2454,440.69,98304592-3df3-4c01-be67-3b5dfb660455,7f4bd8f8-adf3-4efa-97ff-77c5dbf502c8
78ceed5f-60a5-4b47-9c44-a87576068adc,2025-11-05 00:47:36.000000,user13,Snowflake,upload,2870,253.01,353071a5-f6cb-47ae-ab87-527d8698f30c,35785ccd-3d5d-4130-a2f7-2b857d6d8e1e
9f358497-92ca-43f5-86f1-3afdcda04abe,2025-11-05 01:00:20.000000,user50,Workday,upload,662,212.24,0fec598b-50c6-492f-9f09-e846a049e4ee,
070f2447-7b86-4083-b338-4c004f4a0b21,2025-11-05 01:09:12.000000,user50,Workday,modify,1037,179.75,0fec598b-50c6-492f-9f09-e846a049e4ee,
a17bbcda-1596-473c-a756-b321ce81a715,2025-11-05 01:13:02.000000,user46,SAP,modify,128,100.75,03219402-e1e2-4ce8-aec5-4ee1ea50a4c8,87929e36-fbe5-4efe-bf31-308ec7a3f55e
e606a5d3-c7bb-42a2-a39a-ce0f8908e392,2025-11-05 01:32:48.000000,user35,Databricks,upload,1861,431.24,34e27a44-9586-4295-bb46-98417f58ad0c,2a2d79d2-328f-41ac-8589-0f41afa0160b
c9762cfe-4c20-46c2-a193-a37178ab99d2,2025-11-05 01:56:47.000000,user4,Databricks,modify,996,431.66,98304592-3df3-4c01-be67-3b5dfb660455,7f4bd8f8-adf3-4efa-97ff-77c5dbf502c8
aea665e0-958b-4440-80a0-8236d29db0da,2025-11-05 01:58:36.000000,user48,Workday,upload,910,47.62,62630b74-c5c0-4013-a335-757f00159a3d,
5a8efd9b-9881-44be-9ec9-bb939cd16e77,2025-11-05 01:59:53.000000,user7,Jira,modify,2135,29.82,71f5aa00-ca73-4465-9268-c7eef9c09540,
bd41e4d7-0502-4bcb-be7f-7be52d873d63,2025-11-05 02:04:08.000000,user4,Workday,view,2823,437.05,98304592-3df3-4c01-be67-3b5dfb660455,7f4bd8f8-adf3-4efa-97ff-77c5dbf502c8
5d23113a-94d7-416e-9840-8493b098b10d,2025-11-05 02:31:59.000000,user46,Snowflake,download,2595,443.84,03219402-e1e2-4ce8-aec5-4ee1ea50a4c8,
eb1b3a41-d18f-4573-a2ba-4303a747f02a,2025-11-05 03:04:01.000000,user46,Workday,download,3321,493.03,03219402-e1e2-4ce8-aec5-4ee1ea50a4c8,
c52d6e32-436e-46e3-91c8-02f109cfbdea,2025-11-05 03:04:29.000000,user46,Snowflake,download,2047,372.36,03219402-e1e2-4ce8-aec5-4ee1ea50a4c8,
f1815740-a640-4b4f-8edc-a48b3bb39ca5,2025-11-05 03:15:11.000000,user4,GitHub,modify,3235,27.79,98304592-3df3-4c01-be67-3b5dfb660455,e9acb8dc-11af-4ad8-94dc-1b6fd2bb69fd
b8feaebe-3f92-4416-9421-0c647e36f53f,2025-11-05 03:22:26.000000,user20,Databricks,download,1508,258.75,78fc8030-a26a-4542-932c-dff484f4e9e5,
d209bfb2-6922-44b5-b84a-7c0beb110f47,2025-11-05 03:25:48.000000,user21,SAP,view,2896,368.47,2a87b0d6-bc4f-4dc9-92a3-3368f55fda1b,0e082e8b-b6fe-4b3e-beca-4feaeba7651d
4daf64f4-0be4-4354-a37c-4d8e99392246,2025-11-05 03:48:07.000000,user46,Salesforce,upload,1099,496.93,03219402-e1e2-4ce8-aec5-4ee1ea50a4c8,
41ef197e-e6a5-4575-b09e-e38c61cf2c86,2025-11-05 03:49:14.000000,user50,Databricks,view,2750,473.74,4cce9fba-31f9-4ed2-88e7-1c8019c6f1aa,f3c0d464-4948-4d9f-b157-ad50e7728df2
ec95bd07-1997-4768-8e33-756b83d95c43,2025-11-05 03:59:07.000000,user20,Databricks,modify,1223,462.34,78fc8030-a26a-4542-932c-dff484f4e9e5,0e4fff21-48ce-4fe6-8b49-eaff3a4b88f7
dc687112-d027-4945-8ae5-140357e3b412,2025-11-05 04:30:52.000000,user4,Snowflake,view,116,90.34,98304592-3df3-4c01-be67-3b5dfb660455,e9acb8dc-11af-4ad8-94dc-1b6fd2bb69fd
6d15d8b8-60d4-4df2-baf7-be8889348b5a,2025-11-05 04:49:31.000000,user34,Jira,download,1398,216.92,31f860d2-695d-41ca-bc30-400d73d16172,42643768-1052-4048-8a66-9cba91088789
7521df20-d374-49bd-b51c-9d79d32badfa,2025-11-05 04:57:07.000000,user48,Snowflake,modify,150,220.64,62630b74-c5c0-4013-a335-757f00159a3d,
69511338-a55f-4358-9c21-7d39fed9bed7,2025-11-05 05:03:19.000000,user50,Salesforce,modify,3338,454.37,4cce9fba-31f9-4ed2-88e7-1c8019c6f1aa,f3c0d464-4948-4d9f-b157-ad50e7728df2
98901204-df98-4414-823f-752d7192f66e,2025-11-05 05:15:45.000000,user34,SAP,modify,1708,16.82,31f860d2-695d-41ca-bc30-400d73d16172,
057074e7-3879-4ab9-bf60-f96cbd4b6cd4,2025-11-05 05:17:02.000000,user40,SAP,upload,2128,484.52,2e7c4382-751a-4b69-8fe0-f0641473d5c5,7c760b54-bb9c-41b1-a426-85e28481171a
dcd8c836-efbe-483c-9577-9b0b39f91c0f,2025-11-05 05:23:22.000000,user7,Databricks,upload,1525,323.61,516b5760-d5c8-4c09-b352-0ded273910d9,
10c5e935-7a62-43c9-9e89-bcc5b3e58c9e,2025-11-05 05:37:02.000000,user7,SAP,view,3585,146.24,71f5aa00-ca73-4465-9268-c7eef9c09540,
1a62c6c4-fac1-47b7-8e44-873bef090da4,2025-11-05 05:45:00.000000,user7,GitHub,modify,2433,178.16,516b5760-d5c8-4c09-b352-0ded273910d9,
30430a02-b2a5-4ef6-96a1-214bf67b8bc0,2025-11-05 05:55:14.000000,user7,Workday,modify,3162,258.09,516b5760-d5c8-4c09-b352-0ded273910d9,
95a9b324-dce1-4439-9bc4-608c99bceda4,2025-11-05 06:31:12.000000,user50,Workday,view,2350,119.52,4cce9fba-31f9-4ed2-88e7-1c8019c6f1aa,f3c0d464-4948-4d9f-b157-ad50e7728df2
6e4f6895-5cec-415c-bfe9-6bca18e1cccd,2025-11-05 06:38:53.000000,user50,Snowflake,upload,681,104.15,0fec598b-50c6-492f-9f09-e846a049e4ee,
9015a90e-f5bc-4c2b-be17-61ae6d068c07,2025-11-05 06:44:26.000000,user40,Salesforce,upload,1924,107.32,2e7c4382-751a-4b69-8fe0-f0641473d5c5,6d69470a-ac7a-452b-9bda-077b61264b5e
c18999c2-23f4-4591-88c2-8c1ab43f042f,2025-11-05 06:51:59.000000,user50,Salesforce,download,1590,98.72,0fec598b-50c6-492f-9f09-e846a049e4ee,f3c0d464-4948-4d9f-b157-ad50e7728df2
35255e92-fbe2-41a1-9dd2-ff9e3f906b35,2025-11-05 07:06:00.000000,user40,Snowflake,download,1124,21.37,2e7c4382-751a-4b69-8fe0-f0641473d5c5,3fc68a79-0378-4a04-ad13-338646489999
498a9220-e167-472c-a224-056ad5baf599,2025-11-05 07:10:02.000000,user48,GitHub,download,920,457.7,11c3f773-b541-46f4-8c7b-3c0ca913e581,
deca820b-dc5a-466f-bdf3-f1c355df2078,2025-11-05 07:35:31.000000,user48,Workday,upload,1157,402.74,62630b74-c5c0-4013-a335-757f00159a3d,
9ad6cf05-38b8-4c98-9adf-ffe9e60ecf30,2025-11-05 08:16:01.000000,user35,Jira,download,867,293.87,8797e22d-33a2-43fb-b00c-50758db7f4af,
972c9971-c8f8-48ec-8a1f-48832650cace,2025-11-05 08:51:07.000000,user27,GitHub,download,1617,52.55,1c5e2a65-aeee-429b-a84c-5a34c3d2e9b2,
f5da12a3-f6b2-4872-83a5-dca7efc8acf4,2025-11-05 08:53:21.000000,user27,Salesforce,upload,1449,392.14,1c5e2a65-aeee-429b-a84c-5a34c3d2e9b2,e5384566-98b3-4cc3-8e0b-1cebf9a109d1
6a103c66-45c3-4c9a-b119-9a45bf3f84a2,2025-11-05 09:00:47.000000,user35,Databricks,upload,3433,358.63,8797e22d-33a2-43fb-b00c-50758db7f4af,
c33ae747-e0d0-4000-ad31-5f5c7260fc74,2025-11-05 09:24:10.000000,user48,Databricks,download,883,462.27,62630b74-c5c0-4013-a335-757f00159a3d,
aa44709b-f4cf-46bf-86b8-b99e26792ac0,2025-11-05 09:52:46.000000,user7,Snowflake,view,2385,212.19,516b5760-d5c8-4c09-b352-0ded273910d9,
8063adb0-c5a1-4a50-b3ba-a2caf74f5850,2025-11-05 10:02:18.000000,user35,Salesforce,view,1564,429.15,8797e22d-33a2-43fb-b00c-50758db7f4af,d320074d-1f8d-4a8d-9be0-5d38efb2846e
2e1a8973-2692-4e96-9321-af163f04ec76,2025-11-05 10:12:29.000000,user8,GitHub,upload,2306,121.09,1c6998a3-45a3-4fad-8962-9ba78034d4ba,c6d66ac6-92de-4c90-8ec3-ed962205cfb2
239cb220-414a-4f81-bcbb-0df72a639679,2025-11-05 10:14:25.000000,user14,Salesforce,download,1921,448.3,10669a76-f668-4d25-b01a-427a17ab8326,bd4f4977-d6d5-4fbf-b61a-4069e21339a2
c4107b38-e3e8-4200-a072-123ce6571440,2025-11-05 10:31:01.000000,user45,Salesforce,modify,1437,450.92,4575e155-14b7-4506-9e96-f3e280025be6,3db91b1b-ca3a-4f36-bc5b-39054c2e64e9
93d97c86-f182-4069-bfd9-9c2231e717b3,2025-11-05 10:33:54.000000,user46,Databricks,modify,2136,224.24,cd2dc70c-64ff-46af-9db4-95311a520d3c,aa7e2cc4-be86-4748-a5e4-51c8bf7091f8
07928cd8-5e28-401c-aba4-7cf45d505484,2025-11-05 10:44:00.000000,user7,Salesforce,view,1408,452.73,516b5760-d5c8-4c09-b352-0ded273910d9,
cc329b4e-9817-4d4f-8cb2-e57cd76ab915,2025-11-05 10:47:18.000000,user8,GitHub,view,2063,453.29,1c6998a3-45a3-4fad-8962-9ba78034d4ba,7f87cd67-a4cc-4db4-b723-7735af8ec4b1
26a85b16-bf7f-416f-8b11-97d45161b8bf,2025-11-05 10:59:03.000000,user45,Jira,download,1109,312.41,4575e155-14b7-4506-9e96-f3e280025be6,
4eedb4c7-39c5-458d-954b-fee6113ca904,2025-11-05 11:11:25.000000,user46,GitHub,download,3174,418.35,cd2dc70c-64ff-46af-9db4-95311a520d3c,
282ed1a8-51d1-45cb-a82e-7b7654689f0e,2025-11-05 11:49:11.000000,user27,SAP,upload,198,119.43,1c5e2a65-aeee-429b-a84c-5a34c3d2e9b2,e5384566-98b3-4cc3-8e0b-1cebf9a109d1
e36dd404-b4b8-4474-8ed9-85ab02d26684,2025-11-05 11:50:49.000000,user46,Salesforce,modify,2749,77.12,cd2dc70c-64ff-46af-9db4-95311a520d3c,aa7e2cc4-be86-4748-a5e4-51c8bf7091f8
540cb2e0-3f3b-4506-904c-3f1bde6b6e5a,2025-11-05 12:08:42.000000,user14,Workday,upload,1521,300.32,10669a76-f668-4d25-b01a-427a17ab8326,bd4f4977-d6d5-4fbf-b61a-4069e21339a2
4dd3d421-ed8c-40d4-bcc8-9d6764995982,2025-11-05 12:15:23.000000,user6,SAP,upload,3258,211.46,524bcb9d-7b40-4b66-990c-994ad5f71aef,8920d329-190c-4281-8363-6c207e82825a
7602c6a2-8cc5-4fef-8353-1c53f7f93517,2025-11-05 12:21:11.000000,user27,SAP,view,2120,286.48,1c5e2a65-aeee-429b-a84c-5a34c3d2e9b2,
d237b9a1-8e08-4b8c-91ab-8865b4c29b02,2025-11-05 12:42:27.000000,user35,SAP,view,390,17.67,d6728b53-a426-4ee3-a527-12ca59262bd2,2a2d79d2-328f-41ac-8589-0f41afa0160b
b9dffc5b-3c0b-48b2-9d2d-884347f94952,2025-11-05 12:44:53.000000,user5,Salesforce,modify,3594,35.21,6b95700e-4e6b-457b-b136-cbe18012804e,
8417229d-84a0-4532-9e00-64816dd878d1,2025-11-05 12:49:14.000000,user35,SAP,modify,2928,109.35,d6728b53-a426-4ee3-a527-12ca59262bd2,d320074d-1f8d-4a8d-9be0-5d38efb2846e
933fcac7-e504-4a20-8cfa-b11f1191a748,2025-11-05 12:54:36.000000,user46,GitHub,upload,2382,437.07,cd2dc70c-64ff-46af-9db4-95311a520d3c,87929e36-fbe5-4efe-bf31-308ec7a3f55e
85e0c60e-2057-416e-b8fb-2d0f74acb177,2025-11-05 12:59:43.000000,user8,Workday,upload,1812,400.91,1c6998a3-45a3-4fad-8962-9ba78034d4ba,c6d66ac6-92de-4c90-8ec3-ed962205cfb2
4c094907-c0ac-40bc-a1fa-1e2bff5db450,2025-11-05 13:08:16.000000,user27,Salesforce,upload,2426,369.99,1c5e2a65-aeee-429b-a84c-5a34c3d2e9b2,e5384566-98b3-4cc3-8e0b-1cebf9a109d1
c2c9223a-e40c-4231-bfc3-b099ace5aa0e,2025-11-05 13:13:13.000000,user11,Databricks,upload,1190,476.34,84b04bf6-8be0-4fad-8503-b09ee80306ee,423c984e-e471-41d8-9520-6c2b9048f7f0
f91dfb88-2a7e-466d-9131-3ca5d940bc22,2025-11-05 13:21:45.000000,user35,Databricks,view,692,203.54,d6728b53-a426-4ee3-a527-12ca59262bd2,d320074d-1f8d-4a8d-9be0-5d38efb2846e
8927c14b-c8f5-48b2-9395-8f4433e69377,2025-11-05 13:32:56.000000,user46,Databricks,upload,3556,166.99,cd2dc70c-64ff-46af-9db4-95311a520d3c,
a5517c6a-70e2-430d-be2b-c6fb44cf6c01,2025-11-05 13:39:04.000000,user10,SAP,modify,863,187.13,d6d54314-d58b-4f08-b220-9380efcd294e,
2a97f130-ea95-4aaa-8520-729eef8266e3,2025-11-05 13:54:57.000000,user45,Jira,upload,838,402.83,4575e155-14b7-4506-9e96-f3e280025be6,32ac0749-fa3a-4fb6-9207-a7c2ab3227d4
9a6e839e-6d3f-404e-b282-497b4f7a163f,2025-11-05 14:21:31.000000,user14,Jira,download,2551,20.23,10669a76-f668-4d25-b01a-427a17ab8326,e729330a-e56c-4456-9106-846fa620239a
4caf0816-3544-424d-9088-7914129b04db,2025-11-05 14:47:55.000000,user11,Jira,modify,2712,497.15,84b04bf6-8be0-4fad-8503-b09ee80306ee,423c984e-e471-41d8-9520-6c2b9048f7f0
4ed5f48a-cabf-42c4-8e6f-0ac275c395c2,2025-11-05 15:16:35.000000,user14,Salesforce,upload,3137,4.88,5ebe4b73-db92-4594-b907-1ad2bbff20f9,
9317a506-b238-4298-990d-18075bc74691,2025-11-05 15:45:49.000000,user35,Salesforce,modify,2476,40.06,d6728b53-a426-4ee3-a527-12ca59262bd2,
fc933c0a-5be6-4072-8b88-c46e3fdee238,2025-11-05 16:32:25.000000,user14,Workday,download,1728,254.98,5ebe4b73-db92-4594-b907-1ad2bbff20f9,
08a664d2-b4e5-48f9-8dc8-37ed3e51df33,2025-11-05 16:35:38.000000,user11,Snowflake,modify,39,333.18,84b04bf6-8be0-4fad-8503-b09ee80306ee,423c984e-e471-41d8-9520-6c2b9048f7f0
4dd3b462-935b-44de-b1a6-c243d5126ca4,2025-11-05 16:39:01.000000,user45,Snowflake,modify,3207,492.88,4575e155-14b7-4506-9e96-f3e280025be6,252c74b3-f2ca-4dbf-a402-3cb95bcb79b3
e3878bd1-c02a-4456-9a09-de4ae36929cd,2025-11-05 16:42:21.000000,user14,Snowflake,download,393,185.91,5ebe4b73-db92-4594-b907-1ad2bbff20f9,e729330a-e56c-4456-9106-846fa620239a
29577692-a0ae-44ec-8320-870b0fc1d4e7,2025-11-05 16:44:34.000000,user11,Workday,download,1800,202.69,84b04bf6-8be0-4fad-8503-b09ee80306ee,b6818fc6-5371-4bc5-92be-7aa3cd1765a9
ec022be9-8139-4bab-9f11-0743cdb906aa,2025-11-05 17:29:19.000000,user14,Snowflake,view,2089,209.27,5ebe4b73-db92-4594-b907-1ad2bbff20f9,
40ca81d8-2b7b-4ded-abf5-2aa95d7987d2,2025-11-05 17:35:54.000000,user5,Databricks,download,2307,192.47,6b95700e-4e6b-457b-b136-cbe18012804e,658bc845-297b-4b04-9018-4421a3ee93bd
2d04fe5e-ab1b-439c-8528-790ac172679e,2025-11-05 17:52:52.000000,user43,Databricks,upload,793,371.69,5ac734db-ccfb-48c8-8b70-0b00fe99c78c,ab46a1b3-faa6-482d-9df1-3989e8a221f4
4645d67d-1d65-4d66-8526-d2a7c4e4e33e,2025-11-05 18:31:17.000000,user5,Workday,modify,412,313.25,6b95700e-4e6b-457b-b136-cbe18012804e,484016ce-7d8c-41f2-8210-b3481061a88a
e1d20c69-85ae-4b14-8ece-0d49770df358,2025-11-05 18:50:39.000000,user43,GitHub,modify,3011,408.27,5ac734db-ccfb-48c8-8b70-0b00fe99c78c,7962a4f2-0143-4d08-910b-9e5b6038413e
536fa16a-ac6e-40c6-b3ba-8b0fa1f383ab,2025-11-05 19:13:16.000000,user19,Workday,upload,1372,292.48,47692aba-6632-4d1b-b0ef-ae51a43711de,
41faa9a0-f877-4468-b419-8b3d587586b7,2025-11-05 19:27:17.000000,user11,Workday,modify,3057,4.94,84b04bf6-8be0-4fad-8503-b09ee80306ee,
d308ea8c-d7b3-4aa2-b2a3-85b4beba5b5c,2025-11-05 20:14:22.000000,user24,Databricks,download,881,115.97,dc6f49a4-dd0c-4165-87b8-9bcdd657442d,
c11d75d8-2c6e-4bae-8b93-b039a40a318f,2025-11-05 20:18:35.000000,user24,GitHub,download,2685,279.84,1538f53a-8e84-43cb-a81f-fc72a24fb142,
5d41eb47-f9dd-4123-a275-eb6a2cda2109,2025-11-05 20:32:00.000000,user40,Databricks,upload,1051,46.83,302b286d-9415-44a5-bb8b-c41dbeef4531,7c760b54-bb9c-41b1-a426-85e28481171a
8ac12caf-76ee-4e93-842f-d7b25288c455,2025-11-05 20:56:14.000000,user18,SAP,download,3275,397.17,6a751fed-9ac9-4fea-be4c-7e464f2bfc5c,a617ba9c-c2bf-40a7-bca0-c69cf7b2b07a
90721b9c-7bd0-4d08-a731-b65cfe7d8069,2025-11-05 21:01:25.000000,user40,SAP,view,1283,466.2,302b286d-9415-44a5-bb8b-c41dbeef4531,6d69470a-ac7a-452b-9bda-077b61264b5e
9b64cead-2e22-4d91-a3b2-a64f97277ab8,2025-11-05 21:10:07.000000,user40,Jira,upload,2707,72.94,302b286d-9415-44a5-bb8b-c41dbeef4531,6d69470a-ac7a-452b-9bda-077b61264b5e
7fb9bdb7-6785-4e19-a4d5-33144292a21e,2025-11-05 21:17:04.000000,user7,Databricks,view,281,146.63,928c343e-36fc-4a1e-95b4-81820a205498,
d9104542-b27b-406e-9821-35c64a37363c,2025-11-05 21:30:29.000000,user24,Salesforce,view,2827,346.84,1538f53a-8e84-43cb-a81f-fc72a24fb142,05ab8665-9ba5-4f59-a3a0-ad56b715d38f
fc492dff-5fca-48cb-8c55-b4ecc4986ef1,2025-11-05 22:04:38.000000,user23,Workday,upload,233,272.17,4ccbec79-87e3-4d29-afc3-bb426a0fe399,a9513a1f-b06e-4185-9ff8-5245cacdfbbb
bd9116e1-f586-49d9-ad58-ab047048124e,2025-11-05 22:13:47.000000,user40,GitHub,upload,2526,283.67,302b286d-9415-44a5-bb8b-c41dbeef4531,
4030adfd-38ef-49c6-9bc6-2c9b3b255864,2025-11-05 22:20:36.000000,user7,GitHub,download,1484,97.25,928c343e-36fc-4a1e-95b4-81820a205498,
7ada9563-07bd-41e7-9fd5-bc9476c27df9,2025-11-05 22:24:18.000000,user23,Snowflake,view,2371,485.53,4ccbec79-87e3-4d29-afc3-bb426a0fe399,a9513a1f-b06e-4185-9ff8-5245cacdfbbb
451f19a6-d098-4e45-98de-f71e5266aa0e,2025-11-05 22:56:01.000000,user8,SAP,download,1763,205.97,ff1e33f8-e8b7-4dca-9d25-d520172037d0,
94225287-55c5-4280-b77b-90148f211282,2025-11-05 22:56:19.000000,user8,SAP,view,3222,140.3,ff1e33f8-e8b7-4dca-9d25-d520172037d0,
12af8da2-468f-47ab-a839-ae2e81123197,2025-11-05 23:17:28.000000,user18,Salesforce,modify,1025,332.83,6a751fed-9ac9-4fea-be4c-7e464f2bfc5c,a617ba9c-c2bf-40a7-bca0-c69cf7b2b07a
a7ced949-d492-4354-b6c9-b3439ecfb52c,2025-11-05 23:26:15.000000,user19,SAP,upload,2060,251.22,47692aba-6632-4d1b-b0ef-ae51a43711de,8bcf9ce9-4768-4c59-aa77-ee47f46f68d6
5e9da661-5e48-4757-9472-3a6dc32dd8f4,2025-11-05 23:45:32.000000,user18,SAP,view,528,330.98,6a751fed-9ac9-4fea-be4c-7e464f2bfc5c,f7a1ec62-3d79-4656-bcaa-5c34ede63120
20bfb85c-4e4c-4243-b736-518156408c0a,2025-11-06 00:05:12.000000,user8,Salesforce,upload,1461,230.1,e87e20fc-310a-4bce-bff8-a75db8c48697,7f87cd67-a4cc-4db4-b723-7735af8ec4b1
04905e4a-8917-4481-93f7-fe1749612188,2025-11-06 00:18:43.000000,user18,Databricks,upload,1601,280.53,6a751fed-9ac9-4fea-be4c-7e464f2bfc5c,67117661-27aa-4da4-b986-ab495f8f2687
6cd73756-d5f0-447f-b90c-21ba9c7457eb,2025-11-06 00:19:10.000000,user23,Workday,upload,1704,187.66,4ccbec79-87e3-4d29-afc3-bb426a0fe399,7178f43c-59c7-4c7b-ab22-b62b34b9a955
876bc20c-2f6b-4aa8-9b3d-9a638191d169,2025-11-06 00:28:25.000000,user7,Jira,modify,708,233.98,928c343e-36fc-4a1e-95b4-81820a205498,
994f310a-4367-4ae4-889a-467defcfccb2,2025-11-06 00:47:06.000000,user24,Workday,download,2484,410.4,1538f53a-8e84-43cb-a81f-fc72a24fb142,765a447d-23f3-420f-8ccc-869682af644d
5860895e-9159-4789-8a08-c6827c77b4e2,2025-11-06 00:47:49.000000,user7,SAP,download,1099,319.93,928c343e-36fc-4a1e-95b4-81820a205498,
1140fa55-f380-4c32-b037-d73bd5c39999,2025-11-06 00:54:57.000000,user8,SAP,download,1992,366.06,c61026e7-c1d5-4af0-b1ff-b7756ccea8a0,a3b477cd-e51a-4ab7-b263-c5e202647f6d
9c983369-91be-4b75-b48a-d2c04ff7388e,2025-11-06 00:59:03.000000,user24,Snowflake,download,2796,356.44,dc6f49a4-dd0c-4165-87b8-9bcdd657442d,05ab8665-9ba5-4f59-a3a0-ad56b715d38f
d00f2aac-9907-4496-ad0c-10e38f7abed8,2025-11-06 01:01:04.000000,user22,SAP,download,2699,409.9,166fb0cd-29e4-4323-9d56-5c1cb62972b8,
5a43da1e-9764-4bbc-8d73-55c15c7f4ec9,2025-11-06 01:01:44.000000,user22,GitHub,view,3510,367.65,166fb0cd-29e4-4323-9d56-5c1cb62972b8,51c56aef-2c7e-49ba-96b8-569a16df96b7
7d42d994-657e-4a93-a442-2411f77734aa,2025-11-06 01:18:18.000000,user18,Salesforce,download,1128,383.07,6a751fed-9ac9-4fea-be4c-7e464f2bfc5c,051600c1-228e-4e7c-8fb4-1528d68dbe28
2ef23fd8-e25b-4163-8fd9-140de5962b6e,2025-11-06 01:30:43.000000,user8,Databricks,modify,209,142.43,c61026e7-c1d5-4af0-b1ff-b7756ccea8a0,6d6f7b07-4787-4ef9-8d79-93d6507285c6
857db85b-56c7-4c88-aaf9-265e91201a1b,2025-11-06 01:39:28.000000,user8,Workday,view,765,207.47,c61026e7-c1d5-4af0-b1ff-b7756ccea8a0,025a888d-be8d-4821-9e43-4e112d04c058
1326b0b7-f64c-4d54-a858-7e152f86b992,2025-11-06 01:45:08.000000,user36,GitHub,download,2960,50.78,0d4810fa-b2b0-4710-bb47-83d4f8d59122,c1a356b4-c265-41ff-a1d1-97e34285c574
bf710ad9-5b3d-4775-b40e-81015c02b6e0,2025-11-06 01:46:56.000000,user8,GitHub,upload,3321,468.0,c61026e7-c1d5-4af0-b1ff-b7756ccea8a0,6d6f7b07-4787-4ef9-8d79-93d6507285c6
aeeb7f11-ef45-4691-b8fb-83b6883b8264,2025-11-06 02:00:00.000000,user16,SAP,modify,1689,314.9,f1e4f627-064b-4b73-a36d-77317f76c60e,
cb8ca8e6-f6cf-4e65-8707-8e37acd11c16,2025-11-06 02:03:54.000000,user22,Workday,download,2087,193.3,166fb0cd-29e4-4323-9d56-5c1cb62972b8,
3db56902-5b94-4a75-89b1-befcbb549183,2025-11-06 02:13:54.000000,user8,Snowflake,view,3047,411.91,ff1e33f8-e8b7-4dca-9d25-d520172037d0,2d77766c-f5b5-40ed-b9c0-9a402a1abe7e
b9bf5a95-b279-473b-8063-217e0cca8ca4,2025-11-06 03:01:00.000000,user16,GitHub,modify,1754,228.99,f1e4f627-064b-4b73-a36d-77317f76c60e,394e941a-eb5b-47f1-9000-384f5851e633
0e1e7e67-7387-4490-948b-89c85e0be60c,2025-11-06 03:03:37.000000,user48,Jira,view,2910,90.91,8ddaaa62-c195-4bb6-b9e8-acb930404076,
d808d1f6-0c6f-4a38-9820-4e3076c520fb,2025-11-06 03:07:25.000000,user6,Databricks,view,635,136.43,faafdefd-ab55-40a5-856a-27cab3c42e7a,
0e18a453-3357-494d-934a-72a726b895df,2025-11-06 03:36:50.000000,user35,Workday,download,1888,434.88,77357b26-a751-43db-a352-4607d427d2af,d320074d-1f8d-4a8d-9be0-5d38efb2846e
291d877a-be88-4b57-b553-2bb05d9b6028,2025-11-06 03:47:05.000000,user20,GitHub,view,3536,387.63,3bea8b89-c5f7-4b82-81f1-f7cfc5b245d5,e7cf9b59-1a95-4376-9ce7-59521cf3ad13
d581909a-6c34-47ef-8e6a-8991d8c73d92,2025-11-06 03:50:33.000000,user8,Jira,view,74,298.07,c61026e7-c1d5-4af0-b1ff-b7756ccea8a0,a3b477cd-e51a-4ab7-b263-c5e202647f6d
c95b9b7d-62f9-4518-aaf6-d928557edf38,2025-11-06 03:56:05.000000,user16,Databricks,modify,854,201.45,f1e4f627-064b-4b73-a36d-77317f76c60e,6616041d-beb3-4ba3-b1ab-8ae47fc271e7
c8909fb4-8d47-49b8-ab98-ffedd7ac075c,2025-11-06 03:58:57.000000,user6,Databricks,upload,3304,398.07,faafdefd-ab55-40a5-856a-27cab3c42e7a,
73d8eb99-4c3d-4b56-8532-84d6457dad31,2025-11-06 04:00:56.000000,user20,GitHub,download,3203,183.15,3bea8b89-c5f7-4b82-81f1-f7cfc5b245d5,2d739fb0-5a1b-4bc7-ab27-6a1a2921319d
b05a874e-bafb-4fa5-9a20-e6291fe5d3de,2025-11-06 04:09:04.000000,user20,Salesforce,view,3221,158.72,3bea8b89-c5f7-4b82-81f1-f7cfc5b245d5,4e5f8157-56bd-42e6-be82-b61ecdfb666c
7f7b9ce3-ea82-4ab2-8b1f-e606a5637586,2025-11-06 04:30:11.000000,user16,GitHub,view,1744,381.65,f1e4f627-064b-4b73-a36d-77317f76c60e,
3e46f89b-95cf-43c6-a53a-22fd26c0b83f,2025-11-06 05:14:16.000000,user35,Workday,download,2282,244.23,77357b26-a751-43db-a352-4607d427d2af,
76988717-574f-4635-8350-048fa3ca1169,2025-11-06 05:18:18.000000,user48,Jira,upload,2561,299.7,8ddaaa62-c195-4bb6-b9e8-acb930404076,
2e646b92-364c-4efe-aa75-f249ea277c06,2025-11-06 05:30:41.000000,user6,SAP,upload,365,435.57,faafdefd-ab55-40a5-856a-27cab3c42e7a,69bcda38-b872-4376-a01f-6ba49da86ce3
c86231db-8f3a-4143-9fa4-12b5f833a44e,2025-11-06 05:37:59.000000,user48,Snowflake,upload,912,158.95,8ddaaa62-c195-4bb6-b9e8-acb930404076,a23b2ad0-3d00-4e8b-9291-7d88fa66a870
2b2b43d6-4986-4793-b1e9-f65fbb31c69e,2025-11-06 05:52:30.000000,user35,Jira,view,3194,36.43,77357b26-a751-43db-a352-4607d427d2af,2a2d79d2-328f-41ac-8589-0f41afa0160b
8cc30f61-5f44-4295-896d-f84666b896bd,2025-11-06 05:56:54.000000,user6,Jira,upload,801,73.49,faafdefd-ab55-40a5-856a-27cab3c42e7a,29e73c4d-2921-4a3e-b7a3-b8ab3b14a5a0
de92d1a1-d95d-4e5b-a7ed-8d5791222c54,2025-11-06 07:12:30.000000,user45,GitHub,view,1691,385.76,18765505-c0f4-4d0a-b88e-7a2fcf9e7924,723286fb-3162-4c12-ac8a-99f6a571f102
9854f2bf-249d-4f69-8900-13c80fed62d2,2025-11-06 07:21:58.000000,user6,Workday,modify,98,315.19,faafdefd-ab55-40a5-856a-27cab3c42e7a,
0679d4a0-4818-497e-93d5-d7e0029c5491,2025-11-06 07:29:54.000000,user7,Databricks,modify,56,158.54,903bb094-6afc-4654-9a9b-ee33e84196d9,
c21f5108-7884-4696-a28c-bc6a0ee4940a,2025-11-06 08:03:26.000000,user5,SAP,upload,1835,31.68,95eebb9f-6da2-4788-ae23-60ef33306b2c,
daf7f394-c881-4c59-b2b9-de1b39491c94,2025-11-06 08:47:53.000000,user35,SAP,upload,491,4.85,77357b26-a751-43db-a352-4607d427d2af,2a2d79d2-328f-41ac-8589-0f41afa0160b
1437ea30-0541-4373-9012-ac3810d21554,2025-11-06 09:46:54.000000,user20,SAP,upload,3057,56.07,3bea8b89-c5f7-4b82-81f1-f7cfc5b245d5,4e5f8157-56bd-42e6-be82-b61ecdfb666c
544c82ee-5072-4de5-acec-95e2caab7756,2025-11-06 10:02:41.000000,user38,SAP,upload,2983,182.18,a13663e1-91a4-44a4-83e2-0ba9fd62352e,
28ddba90-35b2-419b-a313-2bc52e6e54cd,2025-11-06 10:04:59.000000,user5,Snowflake,modify,422,393.36,95eebb9f-6da2-4788-ae23-60ef33306b2c,484016ce-7d8c-41f2-8210-b3481061a88a
094901ef-ae89-4c7f-92a4-7ae0755a4912,2025-11-06 10:17:15.000000,user47,Workday,upload,57,288.7,eaa6ce51-aefd-4158-8d78-d6f9da84524a,9f042912-bee0-42d2-9ad8-e9edaa335511
826f5ccd-1c89-42c5-ad83-5dca079083c6,2025-11-06 10:46:28.000000,user10,Salesforce,view,3059,59.65,812e73bd-ea51-4fa4-9e0a-38483a7ba1a6,b020f5ef-0f58-4e3a-ac57-33b8d9bd22c7
7b78ddd1-bf45-404d-ac70-7de5329428c4,2025-11-06 11:21:19.000000,user10,Workday,download,3256,370.07,812e73bd-ea51-4fa4-9e0a-38483a7ba1a6,
0e0184e7-d36a-4e42-b317-31fd9a57569e,2025-11-06 11:27:02.000000,user47,GitHub,modify,3474,184.94,eaa6ce51-aefd-4158-8d78-d6f9da84524a,
f2fff1ed-030f-45e5-84e0-835790c02f2f,2025-11-06 11:34:11.000000,user38,Workday,modify,155,381.97,a13663e1-91a4-44a4-83e2-0ba9fd62352e,
c800729a-f8c1-492f-87d6-d8327599ca44,2025-11-06 11:34:32.000000,user23,Jira,download,3516,248.39,fd3d159a-89f2-476c-b063-6635ba471338,a9513a1f-b06e-4185-9ff8-5245cacdfbbb
334ca6cc-921e-42a8-b7b1-e2a1c340d222,2025-11-06 11:48:32.000000,user23,Databricks,download,2104,65.59,fd3d159a-89f2-476c-b063-6635ba471338,a9513a1f-b06e-4185-9ff8-5245cacdfbbb
dbbda3a1-82d3-45ea-aaf1-93e62dc80cbd,2025-11-06 11:49:18.000000,user10,Jira,upload,1772,74.46,812e73bd-ea51-4fa4-9e0a-38483a7ba1a6,
b7bcbd1a-44f1-43d8-88aa-98ab3147361f,2025-11-06 11:54:27.000000,user7,SAP,upload,822,233.27,903bb094-6afc-4654-9a9b-ee33e84196d9,
4372d527-c849-4f24-bc01-ba0f6dccc86f,2025-11-06 13:08:34.000000,user23,Jira,download,2761,84.88,fd3d159a-89f2-476c-b063-6635ba471338,
a3767e6b-a191-4bed-9bdd-9104e5c5488f,2025-11-06 13:15:00.000000,user29,SAP,download,1283,217.57,f251a5f9-0512-4f3e-895a-825ba349d310,abf2f8a5-ad48-48c7-84c1-ca097da1e4c4
b3fe3409-7fa9-4c22-9c90-b3edecca1630,2025-11-06 14:28:33.000000,user13,GitHub,download,144,260.05,e0a35a7f-7049-4d11-a35e-2f7c358be2c7,35785ccd-3d5d-4130-a2f7-2b857d6d8e1e
28c86435-3b97-4790-9eb8-75fa5594d8ec,2025-11-06 14:48:33.000000,user40,GitHub,download,2647,236.97,15239191-9919-4ebc-bfba-e338080465b9,7c760b54-bb9c-41b1-a426-85e28481171a
f357cb80-9adb-4f94-928b-801ac539b789,2025-11-06 14:55:22.000000,user38,GitHub,view,2051,475.97,a13663e1-91a4-44a4-83e2-0ba9fd62352e,b9bfb837-92c4-48d5-8711-ee04b399e0f8
90a1cd1d-939b-4f04-b196-5af09b223ac1,2025-11-06 15:24:49.000000,user5,SAP,modify,2290,449.36,95eebb9f-6da2-4788-ae23-60ef33306b2c,627a33b3-a898-4454-9dad-d3d837b17540
b55f096d-c07a-425c-87e5-9839ab8e7614,2025-11-06 16:13:54.000000,user40,Jira,download,2517,120.14,15239191-9919-4ebc-bfba-e338080465b9,6d69470a-ac7a-452b-9bda-077b61264b5e
94031c3a-209d-4229-b775-e67c26cc7740,2025-11-06 16:25:12.000000,user36,Salesforce,upload,1628,347.99,ba7a5e23-c91f-4a2d-ae94-f0dc021a7d18,752a2a70-b568-4984-aaa5-3caea848cbd2
45cd76e1-d1b5-45c8-9809-877495a1a0e5,2025-11-06 16:33:37.000000,user23,SAP,download,230,25.45,fd3d159a-89f2-476c-b063-6635ba471338,7178f43c-59c7-4c7b-ab22-b62b34b9a955
90496df5-1cf6-4c95-9f61-6da421b0b176,2025-11-06 16:38:19.000000,user11,GitHub,download,2197,55.11,bb530b91-9e0f-4ff6-a67f-2fbd9c536f08,
505711db-6f35-433b-a400-10e15e5d9c7c,2025-11-06 16:40:12.000000,user47,GitHub,upload,3593,178.12,eaa6ce51-aefd-4158-8d78-d6f9da84524a,9f042912-bee0-42d2-9ad8-e9edaa335511
f1537460-d5c2-4da2-8af3-1c1606311942,2025-11-06 16:44:56.000000,user10,Salesforce,modify,1712,14.01,812e73bd-ea51-4fa4-9e0a-38483a7ba1a6,1c51181e-a3fa-45cb-bad5-7de71970c000
e5a09c2b-d320-4cb1-bc98-346f50c63cf8,2025-11-06 16:50:21.000000,user11,Workday,download,409,225.09,bb530b91-9e0f-4ff6-a67f-2fbd9c536f08,423c984e-e471-41d8-9520-6c2b9048f7f0
52fe9ade-61bf-45eb-bb4e-da42fb7cee84,2025-11-06 16:55:37.000000,user38,Salesforce,modify,1043,359.02,a13663e1-91a4-44a4-83e2-0ba9fd62352e,686e402f-2c5e-4eff-9f38-0baa456ee85f
5983dfb5-95e5-4db4-9c7e-98823d4aa571,2025-11-06 17:09:03.000000,user40,Databricks,view,2037,363.74,15239191-9919-4ebc-bfba-e338080465b9,7c760b54-bb9c-41b1-a426-85e28481171a
462ba191-c9c8-4ff9-b77b-c9f11b51033a,2025-11-06 17:27:06.000000,user36,Databricks,view,1480,432.8,ba7a5e23-c91f-4a2d-ae94-f0dc021a7d18,b09652bf-7cae-4394-8179-65991dabd0a4
90e783e4-3ee7-4577-a1b6-4334f5f1f648,2025-11-06 18:31:41.000000,user23,Salesforce,view,2444,139.89,fd3d159a-89f2-476c-b063-6635ba471338,7178f43c-59c7-4c7b-ab22-b62b34b9a955
fd87e8a1-0699-43b9-aa41-2a5000ad2853,2025-11-06 18:53:43.000000,user19,Databricks,download,676,26.03,5b9ad558-521e-4a72-885b-2b7b765ceb08,
ca77e4d3-9a7a-4d5f-85f0-e5c094cd88d0,2025-11-06 18:56:55.000000,user8,Snowflake,modify,2480,338.09,2fbac8b2-caa5-4375-8140-bc46c5417337,c6d66ac6-92de-4c90-8ec3-ed962205cfb2
d47d01f7-4a30-4b2b-9cdf-11cc5aa4e878,2025-11-06 18:57:58.000000,user36,SAP,download,3294,141.87,ba7a5e23-c91f-4a2d-ae94-f0dc021a7d18,
6c94c251-1c10-4e1b-a9b9-6f3b2dfc2985,2025-11-06 19:15:14.000000,user49,Databricks,download,3347,245.96,f496e4bb-5986-46b8-b58e-9e88b97410ec,4cee5891-d2d2-40af-b68d-88326854505d
17431b4a-5907-4c8d-ae79-732b42eeb3c1,2025-11-06 19:22:57.000000,user26,Databricks,modify,368,220.81,ad667210-9e70-4165-9e11-4e3a1a899ed3,
2e5dcfd7-cd61-48ed-886f-7abaf24d79de,2025-11-06 19:33:26.000000,user24,Workday,view,2535,100.87,3eaa448c-02c1-4f0a-a15d-4e27c44f885f,765a447d-23f3-420f-8ccc-869682af644d
d4a6595e-fa66-4cc5-a01d-93024930a13f,2025-11-06 19:51:42.000000,user49,Salesforce,download,1561,116.84,f496e4bb-5986-46b8-b58e-9e88b97410ec,69643a0d-af4f-44ea-9a28-a7ed58e098de
44d3e358-bfb5-4e91-8d83-6d5caf3431dc,2025-11-06 19:57:16.000000,user25,Snowflake,view,1258,73.81,5a754c81-1ef1-4da9-a3f5-4b3af1b57b96,
748352f5-9df1-419e-8be6-085b635a6a1b,2025-11-06 20:00:46.000000,user36,GitHub,download,1013,427.89,ba7a5e23-c91f-4a2d-ae94-f0dc021a7d18,b09652bf-7cae-4394-8179-65991dabd0a4
cce39702-80df-4f2f-bfe1-5922b10934f7,2025-11-06 20:58:03.000000,user40,GitHub,view,229,248.5,15239191-9919-4ebc-bfba-e338080465b9,3fc68a79-0378-4a04-ad13-338646489999
96a1e782-2530-4f30-92c0-da5e6daad4d4,2025-11-06 21:04:48.000000,user19,Jira,upload,1876,322.18,5b9ad558-521e-4a72-885b-2b7b765ceb08,c4c20f60-5934-42d2-b3a6-68be730a140e
90178f68-b519-44ec-8ed6-fb970b8e50b3,2025-11-06 21:15:13.000000,user24,Salesforce,download,3109,62.97,3eaa448c-02c1-4f0a-a15d-4e27c44f885f,05ab8665-9ba5-4f59-a3a0-ad56b715d38f
5efcd7d8-1d9b-456c-8879-3fd260247480,2025-11-06 21:21:30.000000,user22,GitHub,download,1543,198.42,21f7b488-a14d-4e6c-a95e-3c82e1fa2623,
d9ddc100-52f2-4b9d-a522-cf6e419a95c0,2025-11-06 21:42:14.000000,user40,Salesforce,upload,2711,275.48,15239191-9919-4ebc-bfba-e338080465b9,
c5262955-88f0-4104-8cfd-2f8e2b587e40,2025-11-06 21:47:52.000000,user8,Snowflake,modify,2317,79.66,2fbac8b2-caa5-4375-8140-bc46c5417337,7f87cd67-a4cc-4db4-b723-7735af8ec4b1
a09980ef-ae48-4a02-b032-e0a2bffd16e1,2025-11-06 22:04:00.000000,user26,Snowflake,modify,2355,325.86,ad667210-9e70-4165-9e11-4e3a1a899ed3,5e2b1b47-b4ed-47fe-b1c2-f3ebbbd02a02
455a4fe9-4393-41ba-9984-c938d3f04a04,2025-11-06 22:11:43.000000,user49,Salesforce,modify,893,185.41,f496e4bb-5986-46b8-b58e-9e88b97410ec,8e6e8831-5350-47d2-a73d-ad7c21d39f01
b426c0de-f591-4417-95a4-c2d5ba7bf1bb,2025-11-06 22:24:33.000000,user19,GitHub,modify,847,288.73,5b9ad558-521e-4a72-885b-2b7b765ceb08,368f1022-14ec-4c73-a15d-201287d69868
99f69ae0-09f8-4e30-b061-7027db729c3d,2025-11-06 22:55:44.000000,user22,Snowflake,view,1360,358.6,21f7b488-a14d-4e6c-a95e-3c82e1fa2623,2c49bfdc-1aa5-431d-806e-ac6b4168dfcd
375a23fe-3145-493c-aebb-da03854ebf83,2025-11-06 23:06:05.000000,user43,Snowflake,view,2855,165.88,e6bb1de8-8128-4fa2-bcdc-bd19fe0d64df,
b097eef8-140d-4ba5-aab6-fe06cbb17bac,2025-11-06 23:06:50.000000,user49,Databricks,download,2310,109.16,f496e4bb-5986-46b8-b58e-9e88b97410ec,4cee5891-d2d2-40af-b68d-88326854505d
7296a799-3b3d-4a29-84ce-460f343f4632,2025-11-06 23:11:03.000000,user29,Databricks,view,35,54.3,44e7d0a7-e94d-4daa-bfb0-1ed5dc1d2cba,
3832cb63-b628-42f9-9633-1a43345dd9fa,2025-11-06 23:22:37.000000,user8,SAP,upload,530,226.58,2fbac8b2-caa5-4375-8140-bc46c5417337,bd0a371c-614d-4102-9be6-993308df75c8
f6ff088f-b307-4d9a-9af5-167a6c480605,2025-11-06 23:33:13.000000,user23,Salesforce,upload,46,245.61,4fe98a9b-8cb3-4101-8590-dbc9570d3a50,7178f43c-59c7-4c7b-ab22-b62b34b9a955
a81df76e-7da0-4c3e-b609-26bf34b1a637,2025-11-06 23:44:32.000000,user26,GitHub,download,2867,330.42,ad667210-9e70-4165-9e11-4e3a1a899ed3,5e2b1b47-b4ed-47fe-b1c2-f3ebbbd02a02
bef0cf81-b338-4f61-9278-e7572f33ce39,2025-11-06 23:50:06.000000,user25,Salesforce,download,1096,311.49,5a754c81-1ef1-4da9-a3f5-4b3af1b57b96,
90a839a1-2751-47d9-99ba-b0844b21306e,2025-11-07 00:07:11.000000,user26,Workday,download,1559,418.41,ad667210-9e70-4165-9e11-4e3a1a899ed3,
db2bc17c-e9c6-4d7c-883a-bd52e8fcc909,2025-11-07 00:16:54.000000,user25,Snowflake,upload,1359,9.27,5a754c81-1ef1-4da9-a3f5-4b3af1b57b96,d734d354-b970-4907-98e7-dc8af18d2176
c379503e-0508-481c-acf4-907bd81f7268,2025-11-07 00:28:33.000000,user26,Jira,upload,864,38.01,ad667210-9e70-4165-9e11-4e3a1a899ed3,043a7bd6-8544-453b-a3d9-ea0e83ed065a
85da8d22-8dcc-45c5-9e6c-1a5016230535,2025-11-07 00:36:58.000000,user43,SAP,upload,875,175.52,e6bb1de8-8128-4fa2-bcdc-bd19fe0d64df,7962a4f2-0143-4d08-910b-9e5b6038413e
da78b9f1-2ed2-4333-b450-feccf5ee9e4a,2025-11-07 00:36:59.000000,user25,Databricks,upload,1119,401.13,5a754c81-1ef1-4da9-a3f5-4b3af1b57b96,
94094c24-886c-4e3b-98f0-225bc4c30a64,2025-11-07 00:57:10.000000,user23,Snowflake,modify,535,415.43,4fe98a9b-8cb3-4101-8590-dbc9570d3a50,7178f43c-59c7-4c7b-ab22-b62b34b9a955
d070dbfb-7f28-450e-ace3-19dace8d3b05,2025-11-07 01:07:11.000000,user23,Workday,download,2581,354.89,4fe98a9b-8cb3-4101-8590-dbc9570d3a50,
56d999dd-1086-43ef-9ddf-cb6ced7206f2,2025-11-07 01:25:30.000000,user29,Salesforce,download,2533,446.93,44e7d0a7-e94d-4daa-bfb0-1ed5dc1d2cba,
661745c6-5afc-4456-9f1d-5eb8759c09ef,2025-11-07 02:18:57.000000,user29,Databricks,modify,1544,224.7,44e7d0a7-e94d-4daa-bfb0-1ed5dc1d2cba,abf2f8a5-ad48-48c7-84c1-ca097da1e4c4
1cbb7ab1-5e3e-4644-bf67-9b191da72407,2025-11-07 02:52:09.000000,user22,GitHub,modify,1604,94.5,21f7b488-a14d-4e6c-a95e-3c82e1fa2623,51c56aef-2c7e-49ba-96b8-569a16df96b7
0b5e0d21-ea2b-4d8c-b657-72b8ad57e765,2025-11-07 05:18:20.000000,user10,SAP,upload,2290,59.17,ce30645f-477d-487f-90bd-7c5ebf4404e7,b020f5ef-0f58-4e3a-ac57-33b8d9bd22c7
82219b96-875b-4297-9411-808ec8c8630a,2025-11-07 05:33:18.000000,user13,Snowflake,download,2137,21.76,ba988cb1-8528-4e52-96d8-22f14fbac4e6,35785ccd-3d5d-4130-a2f7-2b857d6d8e1e
98a01af0-5a2e-4045-98d5-fd2e0091b4c7,2025-11-07 05:34:12.000000,user13,Databricks,view,1093,316.57,ba988cb1-8528-4e52-96d8-22f14fbac4e6,35785ccd-3d5d-4130-a2f7-2b857d6d8e1e
e04454e9-579d-429e-9785-f0112fb0db51,2025-11-07 06:23:28.000000,user28,SAP,download,2394,290.96,1bba26e8-6afa-442e-850b-24188d4161cd,387a8021-ba8a-44dd-aa52-83457c731d0e
d2acaa2d-5350-4756-91a7-546c76499394,2025-11-07 06:33:32.000000,user8,GitHub,modify,727,43.74,8228db83-5fa1-4a70-846b-01062f2fd903,
79d22782-a814-498e-bad4-c022f43a54f8,2025-11-07 06:35:05.000000,user14,GitHub,modify,1161,193.08,22423330-37b5-4197-bff2-5ad42ebc3f28,b839c83f-edb1-4675-8d5c-68b799853481
fa56cf4b-0ace-42d2-a4b4-427568388f0d,2025-11-07 06:43:28.000000,user28,Workday,view,472,225.66,1bba26e8-6afa-442e-850b-24188d4161cd,
cec3a81e-8c27-4e07-963d-013c15c75c57,2025-11-07 07:03:19.000000,user9,Salesforce,view,240,221.31,99e44892-217b-459f-bd5f-596d20882d7c,285b9f7c-851c-43d9-98c4-a29939c3551a
ea930604-1185-4cdd-8ccf-c55bbbbd6c8d,2025-11-07 07:13:17.000000,user46,Workday,upload,1964,342.91,1495ce32-dead-4409-a5ca-0ced2c8fed89,87929e36-fbe5-4efe-bf31-308ec7a3f55e
010a1fe2-956a-405b-8499-a62950988306,2025-11-07 07:37:27.000000,user8,Databricks,modify,449,180.29,fc96a66a-9991-4b13-b68e-e24fa2ef0875,6a3c0c1d-5ffb-49d6-9f28-7c2114fcd9ce
e8f06f44-3385-49ba-9bf3-02480fed2f57,2025-11-07 07:44:56.000000,user10,Databricks,modify,1810,196.64,ce30645f-477d-487f-90bd-7c5ebf4404e7,30f8db48-b936-4be4-bb40-c5a55095e394
ccd365a8-a431-471c-aad0-8a892418831f,2025-11-07 07:45:51.000000,user10,Workday,view,2195,366.23,ce30645f-477d-487f-90bd-7c5ebf4404e7,ea7f6af8-61a2-4fb6-9abb-6afd54021b8c
eb8cf392-217e-4dcb-a734-fb5540eac884,2025-11-07 07:49:40.000000,user9,SAP,upload,2904,154.3,84dbefb3-95a8-4b0c-b7ab-0ea9b9dedbaa,b67adbb1-c83d-4400-adcc-be26c44f33a2
b12dfe48-3c33-4c0b-87fb-91d4a56e7211,2025-11-07 08:07:58.000000,user17,Databricks,modify,2229,212.53,377cae38-6118-40c2-9645-7d77d2c604bf,dce39cbb-95e8-469b-8b9c-e096b29989f9
9ed0abf8-c50c-4585-94d8-b8166e3a49e0,2025-11-07 09:34:52.000000,user8,SAP,view,2322,327.66,fc96a66a-9991-4b13-b68e-e24fa2ef0875,c6d66ac6-92de-4c90-8ec3-ed962205cfb2
834ed12b-a79f-480a-85b5-04cf8c026d06,2025-11-07 10:34:48.000000,user10,GitHub,download,2277,86.05,ce30645f-477d-487f-90bd-7c5ebf4404e7,ea7f6af8-61a2-4fb6-9abb-6afd54021b8c
850e891d-fd88-415a-8a93-439e5138650b,2025-11-07 10:54:34.000000,user28,Jira,upload,660,3.86,1bba26e8-6afa-442e-850b-24188d4161cd,53c810ba-f7d2-45b4-9eb3-14ee943ece9e
56a1a1aa-c132-465d-a9df-37fb4dd38d80,2025-11-07 11:09:22.000000,user28,GitHub,view,1194,4.41,1bba26e8-6afa-442e-850b-24188d4161cd,95758258-8d87-459a-915c-8693af3f6971
34737535-5131-4e04-bd30-25afdc885e01,2025-11-07 11:12:06.000000,user17,SAP,modify,3226,79.89,377cae38-6118-40c2-9645-7d77d2c604bf,
f5b3710c-ec30-4cde-aa29-71872c559f99,2025-11-07 11:18:09.000000,user13,Snowflake,modify,707,146.24,ba988cb1-8528-4e52-96d8-22f14fbac4e6,026f55cc-4f85-45d9-b9f3-ce5cdb78a909
27b1c150-caff-4eab-8c66-9d487ee2a364,2025-11-07 11:20:41.000000,user10,Databricks,upload,2476,400.26,ce30645f-477d-487f-90bd-7c5ebf4404e7,
98e1496f-ca0d-4f40-b3ec-23a767d5280e,2025-11-07 11:24:10.000000,user8,Jira,download,1520,312.5,fc96a66a-9991-4b13-b68e-e24fa2ef0875,
2a2caa95-69cd-45c3-bd56-c9456ff30f03,2025-11-07 11:30:55.000000,user40,Workday,view,113,121.31,11c6f700-e3ad-4a1f-91b5-512c27987cf0,
8171df2c-15e4-4116-a6c0-1c5a478671a5,2025-11-07 11:52:52.000000,user40,Workday,view,106,344.27,11c6f700-e3ad-4a1f-91b5-512c27987cf0,6d69470a-ac7a-452b-9bda-077b61264b5e
0ca9bd85-08f2-4034-90fe-9cc6722f2031,2025-11-07 12:15:23.000000,user19,Jira,upload,242,485.7,f6de389f-17a7-4717-82a5-181917a72b08,
2ba00b06-6ab6-4ed1-a4a4-350fac23a59e,2025-11-07 12:22:56.000000,user37,Snowflake,upload,2349,141.99,a3bf8ea7-7745-4f3b-9c6a-1dd190b4710f,0a98e4d6-606a-49fb-9b7e-74dd21a77842
e9453ee1-0332-43c4-ab05-de0fcc1ba651,2025-11-07 12:36:48.000000,user30,Salesforce,upload,328,305.83,ab22e7ac-4548-40a9-9a03-a2f478f72e60,
1b83e01f-814f-48ff-8735-409db10785fc,2025-11-07 12:48:33.000000,user8,Jira,upload,1148,347.23,fc96a66a-9991-4b13-b68e-e24fa2ef0875,7f87cd67-a4cc-4db4-b723-7735af8ec4b1
bc73b6c0-4dfc-4286-8fa3-e74889fecf56,2025-11-07 13:01:07.000000,user8,Databricks,view,1042,331.38,fc96a66a-9991-4b13-b68e-e24fa2ef0875,6d6f7b07-4787-4ef9-8d79-93d6507285c6
42412d4d-cec7-4994-844c-5730ffa05685,2025-11-07 13:07:17.000000,user30,Salesforce,download,882,330.06,ab22e7ac-4548-40a9-9a03-a2f478f72e60,8d6d0b8b-cb73-4338-987c-ae2958e30fdd
cab890ef-7b29-4fad-85a4-5d90dc244a2b,2025-11-07 13:22:26.000000,user17,SAP,modify,634,440.82,377cae38-6118-40c2-9645-7d77d2c604bf,
2f3a84e4-39be-484a-973b-c58331e5ce2a,2025-11-07 13:28:44.000000,user28,SAP,upload,685,285.64,1bba26e8-6afa-442e-850b-24188d4161cd,95758258-8d87-459a-915c-8693af3f6971
dd140e84-f063-484a-9ca4-1989140737d2,2025-11-07 13:49:25.000000,user46,SAP,view,136,298.73,71446ba4-3924-429b-9ef9-771047b24b7b,
b2219a47-aeb9-45f8-a054-66b3a804439b,2025-11-07 13:50:58.000000,user17,GitHub,modify,2254,126.1,377cae38-6118-40c2-9645-7d77d2c604bf,8fba1cc0-ed98-4402-bf99-afe91cc015ed
a8f75304-ba93-460d-bc69-895449f49aea,2025-11-07 13:59:29.000000,user30,Salesforce,upload,1408,51.31,ab22e7ac-4548-40a9-9a03-a2f478f72e60,
5210758c-02e6-42a5-9080-4d99d947cbe1,2025-11-07 14:07:46.000000,user15,Jira,modify,2461,89.76,ed94a40a-feda-497c-afb6-0e2a1aae27d3,
8be73959-4eb7-4842-b1c9-3e5247828f5f,2025-11-07 14:18:22.000000,user19,SAP,download,2650,353.33,f6de389f-17a7-4717-82a5-181917a72b08,
f2cbbeed-5e18-40cc-bbab-e3c683694d2a,2025-11-07 14:19:18.000000,user40,Snowflake,view,1868,325.49,11c6f700-e3ad-4a1f-91b5-512c27987cf0,
6a155a01-4c8a-4e66-bc25-165c284b3baf,2025-11-07 14:35:42.000000,user45,Databricks,modify,916,317.02,3685a972-f19d-46d1-8768-533384ed22c8,
5f56669e-8985-4113-b77a-dbe7daeb7cd6,2025-11-07 14:41:36.000000,user37,Snowflake,upload,3195,68.17,d7b1815d-6588-4dce-a420-63c78a4926f9,a417c8aa-10f4-4149-ac0d-5e38a83f0690
bb2b846b-4413-4f40-bc3b-77f51f64e798,2025-11-07 14:50:37.000000,user17,GitHub,download,743,471.39,377cae38-6118-40c2-9645-7d77d2c604bf,
a82514f1-ebaf-4635-85ec-501d1297b6aa,2025-11-07 15:08:29.000000,user16,Snowflake,view,79,314.87,9661c5d8-8e8d-4220-8399-260ae975a82f,dbf03ca5-fe48-4ef0-a270-10ad7b9d0b03
b19e722b-5e0b-4fab-9583-bf4274728e32,2025-11-07 15:23:21.000000,user13,Jira,view,3275,436.73,df182874-cafc-4204-8ac3-a9c26653964b,026f55cc-4f85-45d9-b9f3-ce5cdb78a909
70ee677b-98e9-479e-be58-fae4a1f68d59,2025-11-07 15:24:19.000000,user23,Workday,view,3001,213.76,75f27be7-5e62-4869-8f47-1d712ded3e47,7178f43c-59c7-4c7b-ab22-b62b34b9a955
80d77603-9107-49c4-9c56-5a2d0494f2d4,2025-11-07 15:27:42.000000,user13,Jira,upload,2411,212.13,df182874-cafc-4204-8ac3-a9c26653964b,026f55cc-4f85-45d9-b9f3-ce5cdb78a909
f1e0eeaa-64c1-43eb-bd85-f501be7c98a0,2025-11-07 15:54:45.000000,user17,Jira,modify,606,119.39,f1fcdc6a-bb31-4c6b-88d5-fc057df2d953,8fba1cc0-ed98-4402-bf99-afe91cc015ed
46d65af0-0254-4985-aa5d-5e9180de76e6,2025-11-07 15:57:29.000000,user16,GitHub,upload,1397,480.06,9661c5d8-8e8d-4220-8399-260ae975a82f,be8f51ce-eb26-4959-972d-00979150cf6c
395069ce-2708-4dfe-8d90-ce4bad9dd255,2025-11-07 16:07:58.000000,user16,GitHub,view,3596,23.45,9661c5d8-8e8d-4220-8399-260ae975a82f,dbf03ca5-fe48-4ef0-a270-10ad7b9d0b03
ea71dbb4-7c85-4cde-8994-123bfd5a0411,2025-11-07 16:08:24.000000,user37,Jira,modify,3178,36.28,a3bf8ea7-7745-4f3b-9c6a-1dd190b4710f,
2cc3471c-965f-45d9-8672-1d611e474b4d,2025-11-07 16:13:09.000000,user23,Databricks,view,2164,307.48,75f27be7-5e62-4869-8f47-1d712ded3e47,
db70d2ec-198a-47cf-b0cd-4875a4761a5c,2025-11-07 16:18:59.000000,user46,Snowflake,view,1863,23.73,a6fb9855-7129-4801-86c0-bea35eb2fd35,87929e36-fbe5-4efe-bf31-308ec7a3f55e
63770a30-db82-48fb-bd6a-8b0bc2c26b06,2025-11-07 16:33:09.000000,user15,Databricks,modify,1591,324.4,ed94a40a-feda-497c-afb6-0e2a1aae27d3,671f84c6-52ba-4269-9b2f-9b87faef5ea2
c3c1973b-a5b4-4c67-a38b-361b33d0ac6c,2025-11-07 16:43:43.000000,user46,SAP,view,3525,168.25,71446ba4-3924-429b-9ef9-771047b24b7b,87929e36-fbe5-4efe-bf31-308ec7a3f55e
ca044d07-4739-4031-be7f-85d470d1ef98,2025-11-07 17:09:56.000000,user13,SAP,upload,599,477.15,df182874-cafc-4204-8ac3-a9c26653964b,a7bb8abf-21dc-4449-b9eb-8cf684f1ec46
244d3aa1-cfc7-48ac-88e4-c057511dea83,2025-11-07 17:18:12.000000,user40,Salesforce,download,622,142.54,11c6f700-e3ad-4a1f-91b5-512c27987cf0,
a4ac3fcc-8479-4a6d-80f6-7517f545067a,2025-11-07 17:19:46.000000,user23,SAP,modify,1335,125.47,75f27be7-5e62-4869-8f47-1d712ded3e47,7178f43c-59c7-4c7b-ab22-b62b34b9a955
8ff77d25-726c-4263-8e5a-a2b6ba222199,2025-11-07 17:21:24.000000,user46,SAP,modify,3554,403.54,71446ba4-3924-429b-9ef9-771047b24b7b,aa7e2cc4-be86-4748-a5e4-51c8bf7091f8
248f8fa6-2292-4fa1-a42b-b96f7a9fbd70,2025-11-07 17:35:46.000000,user13,SAP,modify,2474,480.09,3e50a068-ec8a-4704-a2e9-06880bfbb710,026f55cc-4f85-45d9-b9f3-ce5cdb78a909
22cd193a-65a6-47a2-8acc-75a5c497fc4e,2025-11-07 17:36:43.000000,user37,Databricks,upload,1898,189.56,a3bf8ea7-7745-4f3b-9c6a-1dd190b4710f,a417c8aa-10f4-4149-ac0d-5e38a83f0690
241a9d4d-60ca-4e45-8905-af8eb836dce8,2025-11-07 17:48:10.000000,user40,Jira,modify,189,138.18,89b9b3cf-2e6e-4178-9eed-9623a3ab91bd,7c760b54-bb9c-41b1-a426-85e28481171a
16e4eab9-a165-4338-9ca7-7d5c85792431,2025-11-07 18:03:23.000000,user45,Jira,download,3586,480.31,3685a972-f19d-46d1-8768-533384ed22c8,
b7b948e9-dd07-4b83-98d3-25517abfc8e5,2025-11-07 18:15:56.000000,user26,SAP,view,212,65.37,48ef96e3-46f1-42b3-b644-1edfb6dcdbc6,
210c321a-a731-48ba-9805-38f5e996af9d,2025-11-07 18:39:04.000000,user32,GitHub,modify,2695,438.33,ab9a442a-7aa9-48da-80de-d66a4f4cd743,
db3825dd-2d0c-4929-9361-1e99974149bd,2025-11-07 18:49:01.000000,user15,GitHub,upload,778,216.7,ed94a40a-feda-497c-afb6-0e2a1aae27d3,
44965507-0cf5-4c87-8caf-7caf3b7dea30,2025-11-07 18:54:18.000000,user37,Workday,download,3530,498.33,a3bf8ea7-7745-4f3b-9c6a-1dd190b4710f,7cf88bf6-9aab-4ca7-83e1-f637c8ff2d9d
e37e7378-9068-4f5a-9c9e-409889500083,2025-11-07 19:00:37.000000,user32,Salesforce,download,2143,11.65,ab9a442a-7aa9-48da-80de-d66a4f4cd743,
2ba000e7-8139-46fb-87fc-e69c967fc581,2025-11-07 19:10:41.000000,user15,Salesforce,upload,2894,93.45,ed94a40a-feda-497c-afb6-0e2a1aae27d3,ed51d483-4921-415b-a0da-e0550109e071
71111b13-0a75-4e5e-b52c-dc4744914ff2,2025-11-07 19:27:49.000000,user26,Snowflake,download,3028,383.66,48ef96e3-46f1-42b3-b644-1edfb6dcdbc6,d593038b-c884-4eb3-9ba7-b886d14d7c2e
59b654a7-645d-4828-a332-00438d8f3f2d,2025-11-07 19:38:11.000000,user46,Snowflake,download,2628,275.53,a6fb9855-7129-4801-86c0-bea35eb2fd35,87929e36-fbe5-4efe-bf31-308ec7a3f55e
b2b9c004-bcc3-4d07-8284-182503d51ef7,2025-11-07 19:43:29.000000,user26,Databricks,download,1249,274.02,48ef96e3-46f1-42b3-b644-1edfb6dcdbc6,043a7bd6-8544-453b-a3d9-ea0e83ed065a
e114e310-579b-4093-8df4-d487240680ac,2025-11-07 19:46:27.000000,user46,Databricks,view,1183,284.37,a6fb9855-7129-4801-86c0-bea35eb2fd35,aa7e2cc4-be86-4748-a5e4-51c8bf7091f8
29cfa5fc-e522-4bdb-a3ca-c2a251f7a6c8,2025-11-07 19:56:47.000000,user30,Databricks,view,3071,164.38,ab22e7ac-4548-40a9-9a03-a2f478f72e60,
79f7d339-71e3-450b-b844-1ecce447c5ea,2025-11-07 20:00:06.000000,user30,SAP,upload,1168,374.38,ab22e7ac-4548-40a9-9a03-a2f478f72e60,884da6ac-68da-4189-b5d3-b16429db4d3b
ea9b81da-1537-4489-b13c-c3276a823631,2025-11-07 20:06:47.000000,user13,SAP,download,564,328.81,3e50a068-ec8a-4704-a2e9-06880bfbb710,
7ba3be16-eafd-49ca-8a2a-c2a70a27947c,2025-11-07 20:08:50.000000,user46,Databricks,modify,114,140.77,a6fb9855-7129-4801-86c0-bea35eb2fd35,aa7e2cc4-be86-4748-a5e4-51c8bf7091f8
744305a1-5951-4f25-88b2-aa00b1855477,2025-11-07 20:42:45.000000,user13,SAP,download,2959,277.31,3e50a068-ec8a-4704-a2e9-06880bfbb710,026f55cc-4f85-45d9-b9f3-ce5cdb78a909
9af5e488-6386-4572-9392-7389715b1c9d,2025-11-07 20:47:14.000000,user46,GitHub,modify,2996,103.26,a6fb9855-7129-4801-86c0-bea35eb2fd35,87929e36-fbe5-4efe-bf31-308ec7a3f55e
89e1a3cc-2901-4110-8748-659f955895b6,2025-11-07 20:48:35.000000,user40,Jira,upload,3572,32.72,89b9b3cf-2e6e-4178-9eed-9623a3ab91bd,7c760b54-bb9c-41b1-a426-85e28481171a
ca603e42-f18d-4a70-9045-dfa31947855b,2025-11-07 20:53:30.000000,user40,Snowflake,modify,3265,107.33,89b9b3cf-2e6e-4178-9eed-9623a3ab91bd,7c760b54-bb9c-41b1-a426-85e28481171a
916c029e-ce47-4743-a8f0-3a3c9fd91016,2025-11-07 21:13:40.000000,user40,Databricks,download,2664,318.29,89b9b3cf-2e6e-4178-9eed-9623a3ab91bd,7c760b54-bb9c-41b1-a426-85e28481171a
ad16f510-7835-4a81-b8e2-b0dcda63128e,2025-11-07 21:15:49.000000,user13,Workday,modify,318,44.75,df182874-cafc-4204-8ac3-a9c26653964b,
7b20d0a7-d8dc-4e26-936c-a6328b5fb885,2025-11-07 21:27:35.000000,user13,SAP,download,3142,487.91,3e50a068-ec8a-4704-a2e9-06880bfbb710,026f55cc-4f85-45d9-b9f3-ce5cdb78a909
5c709a8b-76e1-4d60-a0d4-8db3730446e5,2025-11-07 21:45:19.000000,user13,GitHub,download,3326,160.18,ea0bb95b-cbec-4b79-a7d6-4bd32a4aeddb,026f55cc-4f85-45d9-b9f3-ce5cdb78a909
a721a38d-5f8c-415b-9df7-79fa9190e566,2025-11-07 21:47:48.000000,user13,Salesforce,modify,1477,472.32,df182874-cafc-4204-8ac3-a9c26653964b,a7bb8abf-21dc-4449-b9eb-8cf684f1ec46
724f1767-90c6-4557-b938-19bdcbe588fc,2025-11-07 21:53:39.000000,user12,GitHub,download,1704,242.25,84d6b43d-e974-417f-bb0f-b79891d21235,
8d6f38e1-e415-42b4-83a2-c9198b83e5a6,2025-11-07 21:54:39.000000,user20,Workday,modify,1238,201.86,8d23a017-9a3a-4dd2-b7e1-21aff1bd985b,
81b15366-3eed-4432-a2ca-e8fd24e17b55,2025-11-07 21:59:26.000000,user26,GitHub,view,139,118.2,48ef96e3-46f1-42b3-b644-1edfb6dcdbc6,
c84bc421-e3c9-4930-b1a0-6769dbfdbd74,2025-11-07 22:04:59.000000,user19,Jira,view,604,488.58,ce9a8b47-db8d-4029-a4d3-bf687272048a,1a621056-d1e3-4527-8fb8-36383826e144
c3ecff66-5151-410d-9a1d-802247151470,2025-11-07 22:05:20.000000,user17,Snowflake,upload,1060,16.52,f372bc17-b90f-4577-a7f6-1036916c1325,799697f9-f559-4b2c-9af8-86f9760cc315
c7057afd-ecb6-4eae-ad98-19a3596257c4,2025-11-07 22:26:27.000000,user9,SAP,download,2118,404.44,96284c87-3531-48a9-91a3-2c0c7e616061,f7f082aa-22ff-4499-b8de-2910f5c99df9
581bf598-591c-4992-8174-93292fe6ef6a,2025-11-07 22:29:19.000000,user34,GitHub,download,2730,212.15,937386df-5f66-4319-9c2f-86b04cf77d53,e4c02114-af61-4266-aea9-b42b2a9fc72c
f9bba2c7-d26e-4656-ba0b-3598c1449a59,2025-11-07 22:32:05.000000,user26,Databricks,view,96,498.16,48ef96e3-46f1-42b3-b644-1edfb6dcdbc6,
45dabafd-ccf1-4da2-9dec-d5f0a28277cd,2025-11-07 22:32:48.000000,user8,Databricks,upload,494,269.74,71825b25-f627-4da6-ab48-6f9b1193edc7,
1dbf7928-77a5-4fb2-9abe-f65d4cdace11,2025-11-07 23:10:43.000000,user19,Workday,modify,2789,160.49,ce9a8b47-db8d-4029-a4d3-bf687272048a,
0d53fbb7-cf46-491e-98a5-05f000cfa78c,2025-11-07 23:50:07.000000,user4,Salesforce,download,3220,156.54,b3b1139d-973e-4e09-ae90-eab651bb48d1,
b208483c-9dcc-4d1f-b633-0e08353b477e,2025-11-07 23:54:13.000000,user43,SAP,modify,272,47.53,620648a9-7278-44a7-aa2a-f61325c7cb62,
cd1b912d-b471-4a02-84d7-4a7f71599c7e,2025-11-08 00:25:16.000000,user12,Jira,view,2879,130.12,84d6b43d-e974-417f-bb0f-b79891d21235,
0ed163b2-681d-4adf-82e1-f087dab84515,2025-11-08 01:01:33.000000,user12,SAP,view,1174,48.29,84d6b43d-e974-417f-bb0f-b79891d21235,2d32c768-d1fc-45ca-9a91-892ddc7a0dac
b9d84ed4-b2d6-4f73-bd67-0f6df15cf8b4,2025-11-08 01:05:17.000000,user32,Salesforce,modify,2669,358.19,feeac778-a267-496a-9ab4-86c3f9044e68,
51e17cee-0fec-40b7-b5f2-5a68b314d65a,2025-11-08 01:19:09.000000,user43,Databricks,view,3318,232.55,620648a9-7278-44a7-aa2a-f61325c7cb62,
b7bdb7ec-ced6-4f3b-ae3c-582e6b825030,2025-11-08 01:35:12.000000,user17,Workday,upload,1006,331.18,f372bc17-b90f-4577-a7f6-1036916c1325,9812fce7-161c-40de-a265-28aedb30a13f
ef9a0fdf-52c0-4fe3-b477-05beaeed46be,2025-11-08 01:53:44.000000,user2,SAP,modify,871,62.61,63c84735-6032-45dc-85f0-494db2183758,
545aab1d-f7dd-48bf-928b-8a4fddb819e8,2025-11-08 01:59:11.000000,user19,SAP,upload,1500,341.54,ce9a8b47-db8d-4029-a4d3-bf687272048a,d379d841-2571-4487-84cb-60cf215d14df
93e05375-63bf-449e-adf8-69cab33157a6,2025-11-08 01:59:43.000000,user34,Workday,view,511,251.54,937386df-5f66-4319-9c2f-86b04cf77d53,e4c02114-af61-4266-aea9-b42b2a9fc72c
5a23a280-bd96-4376-8e32-7ac3443238ce,2025-11-08 02:26:04.000000,user12,Databricks,download,546,385.03,84d6b43d-e974-417f-bb0f-b79891d21235,41d0d21f-6bc3-4544-8376-72be45279fa3
d3f13669-a15f-414c-9c64-7e9752e61d2b,2025-11-08 02:28:00.000000,user34,Databricks,modify,673,163.82,937386df-5f66-4319-9c2f-86b04cf77d53,
42723d97-6f17-48b1-bb0a-0dbea156a2d3,2025-11-08 02:30:04.000000,user17,GitHub,upload,2491,96.42,f372bc17-b90f-4577-a7f6-1036916c1325,05aad117-c96c-4b0a-94e1-be69227939d8
2d5946d5-1638-4cbf-b628-4d7a91a2d772,2025-11-08 02:44:03.000000,user19,Workday,upload,837,229.86,ce9a8b47-db8d-4029-a4d3-bf687272048a,d379d841-2571-4487-84cb-60cf215d14df
fa559058-59fa-4253-9eff-5eec17280b55,2025-11-08 03:02:41.000000,user19,GitHub,modify,2679,432.44,d08da9c8-2f8d-49b9-b727-8d5725a5f549,8bcf9ce9-4768-4c59-aa77-ee47f46f68d6
02b142f3-965f-4b6d-abba-6eef378a0399,2025-11-08 03:02:54.000000,user34,Workday,download,2722,446.18,937386df-5f66-4319-9c2f-86b04cf77d53,42643768-1052-4048-8a66-9cba91088789
e2411e32-aab7-4941-98e1-2359ed123400,2025-11-08 03:09:01.000000,user32,Workday,view,3062,20.31,feeac778-a267-496a-9ab4-86c3f9044e68,c845b03d-0cd9-4a6c-b46d-7d2aba778236
dbb87075-aa01-4332-b588-c60232a5ed3a,2025-11-08 03:23:08.000000,user50,SAP,download,3370,186.42,af6eb15d-d5ec-4ed7-bc8f-07fb35449b31,
85787b02-4273-4b46-a0e0-2b707c810460,2025-11-08 03:25:05.000000,user32,Jira,download,1897,234.52,feeac778-a267-496a-9ab4-86c3f9044e68,
187e159c-64db-468b-9c38-38bdb2825a7b,2025-11-08 03:28:23.000000,user20,Snowflake,upload,2055,380.15,8d23a017-9a3a-4dd2-b7e1-21aff1bd985b,4e5f8157-56bd-42e6-be82-b61ecdfb666c
01563445-866a-4e65-83e8-72062d0503c8,2025-11-08 03:31:42.000000,user2,GitHub,download,3331,341.63,63c84735-6032-45dc-85f0-494db2183758,c7eb3396-3b92-48f5-a887-07c4ee0ae05f
49569117-62db-4aee-a05f-17bdee387057,2025-11-08 03:45:28.000000,user2,GitHub,modify,1586,69.9,63c84735-6032-45dc-85f0-494db2183758,ff332f8f-6db2-4a6a-ba33-f6785f2ab4ad
9bfbf3fa-502b-4131-a539-023fff17b7e4,2025-11-08 04:10:00.000000,user43,Snowflake,upload,3532,264.17,620648a9-7278-44a7-aa2a-f61325c7cb62,7962a4f2-0143-4d08-910b-9e5b6038413e
00c1358b-de12-4631-acc0-8043a695c909,2025-11-08 04:37:41.000000,user43,Salesforce,modify,1099,202.57,620648a9-7278-44a7-aa2a-f61325c7cb62,c5c37446-11e2-4d7b-abff-646ac3e1856e
887b2e97-c37e-4dd5-ad1f-43f4567c6216,2025-11-08 05:17:30.000000,user34,SAP,upload,948,393.13,937386df-5f66-4319-9c2f-86b04cf77d53,d9d3c543-c613-4ed5-ae94-38df532eaf29
585bfacf-7c4f-4621-b16d-8d86c11a6a9e,2025-11-08 05:37:23.000000,user50,Databricks,download,1534,297.74,af6eb15d-d5ec-4ed7-bc8f-07fb35449b31,
f60d901a-c90c-42b6-b5e9-5f91fa904514,2025-11-08 06:06:17.000000,user39,Snowflake,upload,2766,382.46,5562e456-2b6d-4396-83af-5e537dfb88a4,
a0934c14-111d-46f5-b982-d636656eeeda,2025-11-08 06:19:48.000000,user43,Snowflake,modify,2647,388.12,620648a9-7278-44a7-aa2a-f61325c7cb62,
00e1470c-ac50-4945-ad12-9e32d8b0c29f,2025-11-08 07:14:48.000000,user29,GitHub,modify,1826,381.83,6dc8a6c3-2844-4bfc-a768-81b41fe11c8b,abf2f8a5-ad48-48c7-84c1-ca097da1e4c4
55dc4524-133f-4e73-acbb-2099b7c4a875,2025-11-08 07:15:45.000000,user11,Snowflake,download,449,124.68,26d07831-d775-4f68-8390-8eea7b6d1bf4,b6818fc6-5371-4bc5-92be-7aa3cd1765a9
95e5ab15-7944-4b5e-8f01-5cf7387306c0,2025-11-08 07:21:03.000000,user19,Workday,view,1506,435.7,d08da9c8-2f8d-49b9-b727-8d5725a5f549,d379d841-2571-4487-84cb-60cf215d14df
42646ca3-5cc0-4425-8091-7107ddc3c44a,2025-11-08 07:36:48.000000,user49,Snowflake,view,3497,127.83,43d26927-e17e-4454-b13c-f5d9e460e370,69643a0d-af4f-44ea-9a28-a7ed58e098de
63815641-f0eb-4cb9-b092-453bcc10fab0,2025-11-08 07:58:07.000000,user50,Databricks,modify,1043,42.79,af6eb15d-d5ec-4ed7-bc8f-07fb35449b31,
159a3038-8176-420a-8731-a7dc6b511df4,2025-11-08 08:12:49.000000,user29,Salesforce,upload,2459,115.76,6dc8a6c3-2844-4bfc-a768-81b41fe11c8b,abf2f8a5-ad48-48c7-84c1-ca097da1e4c4
4148094e-1b4a-4e38-88ce-8008444c8600,2025-11-08 08:24:55.000000,user50,Databricks,upload,1021,451.86,af6eb15d-d5ec-4ed7-bc8f-07fb35449b31,f3c0d464-4948-4d9f-b157-ad50e7728df2
2c2fdd4f-f900-4393-a4d9-900404058343,2025-11-08 08:32:31.000000,user2,SAP,view,495,296.34,63c84735-6032-45dc-85f0-494db2183758,c7eb3396-3b92-48f5-a887-07c4ee0ae05f
12f2845b-7d6f-4a3a-8bb5-33873db2c4b2,2025-11-08 08:34:32.000000,user19,SAP,modify,3094,377.31,d08da9c8-2f8d-49b9-b727-8d5725a5f549,
591a52fa-1423-414f-9121-94e242918e62,2025-11-08 08:52:05.000000,user19,SAP,modify,1324,387.7,d08da9c8-2f8d-49b9-b727-8d5725a5f549,8bcf9ce9-4768-4c59-aa77-ee47f46f68d6
f5adea22-4a59-486e-9080-da236a305226,2025-11-08 08:52:35.000000,user10,GitHub,upload,3024,99.86,c8ceb7a5-da81-4fa5-8af1-657bc8cc6508,
0c0c261e-81d1-4743-b3aa-a5ed3ee695e6,2025-11-08 09:01:30.000000,user21,SAP,upload,1039,337.32,e790215f-c5de-4422-9949-ebeb77270ef1,894a8cad-be5e-40a8-b5b2-579ba04398eb
a38eee77-7d69-42d4-b454-87d2742a8334,2025-11-08 09:15:53.000000,user32,GitHub,view,229,217.95,a8dafe24-4bab-49e8-bb48-baffbf7d73fb,4ec3d8f8-673a-427b-aeab-7e4ddecbaa48
0f1c88e4-8f28-42da-a601-2a27235f02bc,2025-11-08 09:21:12.000000,user29,Jira,modify,2978,320.94,6dc8a6c3-2844-4bfc-a768-81b41fe11c8b,abf2f8a5-ad48-48c7-84c1-ca097da1e4c4
8e3c5aa4-facb-492f-af43-07d85e553802,2025-11-08 09:35:07.000000,user32,Jira,download,2031,241.73,a8dafe24-4bab-49e8-bb48-baffbf7d73fb,
1f5121ea-1ac1-4b85-95c7-b230307d5736,2025-11-08 09:37:43.000000,user32,GitHub,download,1113,397.37,a8dafe24-4bab-49e8-bb48-baffbf7d73fb,
73483242-3fa8-4e8c-868c-4543361aea7f,2025-11-08 09:49:37.000000,user29,GitHub,upload,158,92.3,6dc8a6c3-2844-4bfc-a768-81b41fe11c8b,abf2f8a5-ad48-48c7-84c1-ca097da1e4c4
59f84661-f653-47d3-bc39-ea1488f73095,2025-11-08 10:19:21.000000,user21,Workday,view,921,66.72,e790215f-c5de-4422-9949-ebeb77270ef1,1442b6c8-f6c3-4711-88b0-a33d51a45316
50c8bca7-1ee1-4e11-ba3b-4521794ca470,2025-11-08 11:15:43.000000,user47,Salesforce,view,2429,343.38,be053146-742a-4c36-a185-099a8bcbfc1b,
c1043299-2b3b-46b7-9e89-2eeec6f0a6f6,2025-11-08 11:23:25.000000,user47,SAP,upload,2671,86.53,be053146-742a-4c36-a185-099a8bcbfc1b,5700cae1-3fcb-43fd-8045-cf86217de7a9
d5a2966e-90cc-4b14-b290-79de8adcfd1e,2025-11-08 11:24:22.000000,user10,Jira,view,2379,417.1,c8ceb7a5-da81-4fa5-8af1-657bc8cc6508,aac94f2a-168d-450a-b0b2-177011aa9c99
e0d38ae4-6e88-4a1d-b965-18c2b63c8da6,2025-11-08 11:27:04.000000,user47,Workday,download,1324,23.74,be053146-742a-4c36-a185-099a8bcbfc1b,d6de783a-8c3d-4581-a0e1-683af840b183
7fd224fd-9153-4373-af7b-068609c930ec,2025-11-08 11:38:09.000000,user49,SAP,upload,2705,402.43,43d26927-e17e-4454-b13c-f5d9e460e370,fd5408ab-ac1f-40b4-b23b-7f4492f36b94
d89e4148-e6ca-4e97-a3c2-4189a2daa1eb,2025-11-08 12:06:24.000000,user24,GitHub,upload,436,41.3,3d8ee42a-3dff-41dc-b7e4-33d223a65b06,a46d2d5d-dd50-4174-8f65-4fb724b0ddad
fa5e4453-7728-4a60-a2ed-f14b8610d8e8,2025-11-08 12:35:52.000000,user49,Jira,upload,2267,217.76,43d26927-e17e-4454-b13c-f5d9e460e370,69643a0d-af4f-44ea-9a28-a7ed58e098de
0a814543-c259-46fb-bccc-e21aadc16120,2025-11-08 12:58:56.000000,user29,SAP,modify,1722,396.26,6dc8a6c3-2844-4bfc-a768-81b41fe11c8b,abf2f8a5-ad48-48c7-84c1-ca097da1e4c4
e66a055f-cd65-462a-a550-516186ddee0b,2025-11-08 13:02:21.000000,user10,Workday,modify,608,421.36,c8ceb7a5-da81-4fa5-8af1-657bc8cc6508,
eb58ccc2-d1ac-4ee6-9ae8-50ad8736d0df,2025-11-08 13:49:10.000000,user24,SAP,upload,126,81.54,3d8ee42a-3dff-41dc-b7e4-33d223a65b06,05ab8665-9ba5-4f59-a3a0-ad56b715d38f
d1d3707a-cbb6-4ff6-a87d-819283983e23,2025-11-08 13:58:06.000000,user36,Databricks,download,3000,97.33,c05c022e-7e71-4565-9a63-64713ba697c3,
4b07b20b-d79a-4e0c-93a8-8806270b5f22,2025-11-08 13:58:54.000000,user36,GitHub,upload,663,230.5,c05c022e-7e71-4565-9a63-64713ba697c3,
57717fff-4332-4e10-ba95-2e9c932202ac,2025-11-08 14:02:16.000000,user34,Snowflake,view,78,69.84,9b07d3fb-00c8-41bd-afbc-83572d63de7f,d9d3c543-c613-4ed5-ae94-38df532eaf29
455443a4-3065-4876-9868-691a342c3cee,2025-11-08 14:08:05.000000,user44,Jira,modify,486,484.83,6236b81f-368a-461d-a8f8-b8af8643e781,3be1af86-db4e-4bd9-ac89-72d47abbc4ee
95b838ef-e07a-44e8-aa98-5f2ab97498da,2025-11-08 14:10:34.000000,user49,Workday,upload,3316,104.74,43d26927-e17e-4454-b13c-f5d9e460e370,fd5408ab-ac1f-40b4-b23b-7f4492f36b94
dfddb3f3-4b58-453a-8bea-e080f99e0175,2025-11-08 14:12:38.000000,user10,Jira,modify,1656,476.15,c8ceb7a5-da81-4fa5-8af1-657bc8cc6508,1c51181e-a3fa-45cb-bad5-7de71970c000
d8734382-ed12-4849-8b41-8fc204c373e5,2025-11-08 14:23:22.000000,user32,Workday,upload,568,179.71,a8dafe24-4bab-49e8-bb48-baffbf7d73fb,07556446-9271-49e3-ade7-308df49a6e81
914a5757-a132-4caa-9804-ccb1b964d98e,2025-11-08 14:34:13.000000,user36,Jira,view,3250,425.73,c05c022e-7e71-4565-9a63-64713ba697c3,b09652bf-7cae-4394-8179-65991dabd0a4
4fc7e223-e012-4303-b87b-2e8eab33e579,2025-11-08 14:34:29.000000,user21,Workday,view,2924,238.99,e790215f-c5de-4422-9949-ebeb77270ef1,
c9a18944-d4a0-4494-9480-42a03baf1338,2025-11-08 14:44:14.000000,user36,Salesforce,download,3003,132.02,c05c022e-7e71-4565-9a63-64713ba697c3,
22aaa616-320d-4d3b-ba23-84d5439895e9,2025-11-08 14:45:15.000000,user38,Databricks,modify,142,280.83,4a7f59f3-6312-4986-a88a-9d0a4df110d3,dfe65d88-fb56-4128-b303-c54b6eca9a4b
8695a09d-a52e-43ab-8419-481d7112e5f3,2025-11-08 14:49:07.000000,user34,Databricks,upload,2893,133.23,9b07d3fb-00c8-41bd-afbc-83572d63de7f,42643768-1052-4048-8a66-9cba91088789
f75b92ef-0eff-4040-9125-062923312ab7,2025-11-08 15:41:43.000000,user47,GitHub,view,3069,156.36,d9f0f7aa-fd4e-4ca4-a0d5-0688514ee6db,
e111c38b-4a6f-4e45-8c60-7e749107da31,2025-11-08 15:56:27.000000,user24,SAP,view,3169,333.49,3d8ee42a-3dff-41dc-b7e4-33d223a65b06,447457ba-81ba-4e71-8e51-e332a723b1c9
545f6c3c-0cd1-4a6c-baf4-fae8726fc772,2025-11-08 16:04:15.000000,user45,GitHub,modify,1829,364.94,372b080a-4d34-4aed-8750-dc2c9390c7ac,
30512245-fadf-47c4-a3d2-57705a9ca917,2025-11-08 16:14:40.000000,user25,GitHub,view,1934,168.77,1a0442f8-427c-4f05-bede-217c154ad665,
ada22393-e20a-43a3-a7b5-1e7e7b2e79dd,2025-11-08 16:37:14.000000,user36,SAP,upload,3481,228.75,c05c022e-7e71-4565-9a63-64713ba697c3,752a2a70-b568-4984-aaa5-3caea848cbd2
785c7c4f-19b7-4aae-9061-d5a0c11c4e59,2025-11-08 16:39:18.000000,user4,Workday,download,1466,58.38,deaeb987-39e4-4e53-b459-7bcb6fd1d1b5,
42751c46-5b33-49ee-8e8e-a8d7d9f6d027,2025-11-08 16:44:46.000000,user4,Workday,view,2169,292.59,deaeb987-39e4-4e53-b459-7bcb6fd1d1b5,
03f7ab33-3197-4e44-bd0e-9094d45b7fcd,2025-11-08 16:45:16.000000,user44,Snowflake,download,939,16.13,6236b81f-368a-461d-a8f8-b8af8643e781,813dc41d-86e7-4d70-9829-f1465deb894c
98c70687-4f36-400a-a455-679f945f3213,2025-11-08 16:46:02.000000,user24,Snowflake,view,1464,4.27,3d8ee42a-3dff-41dc-b7e4-33d223a65b06,765a447d-23f3-420f-8ccc-869682af644d
5d027269-5626-41ca-9082-82e0849607bd,2025-11-08 17:02:04.000000,user47,SAP,download,2773,456.31,d9f0f7aa-fd4e-4ca4-a0d5-0688514ee6db,5700cae1-3fcb-43fd-8045-cf86217de7a9
34dba545-bd92-4ecd-afa1-f4406a991e08,2025-11-08 17:11:51.000000,user24,Jira,modify,1978,194.34,3d8ee42a-3dff-41dc-b7e4-33d223a65b06,
925678c2-c10a-4b86-a30f-f0983aaeb6e1,2025-11-08 17:13:47.000000,user47,Workday,modify,1943,225.2,d9f0f7aa-fd4e-4ca4-a0d5-0688514ee6db,5700cae1-3fcb-43fd-8045-cf86217de7a9
c178723b-7c2f-4cf7-9264-925d4db36ff6,2025-11-08 17:20:13.000000,user47,Salesforce,modify,1717,272.51,d9f0f7aa-fd4e-4ca4-a0d5-0688514ee6db,d6de783a-8c3d-4581-a0e1-683af840b183
74e2920f-1198-4935-a22f-2e3a3f6d46f0,2025-11-08 17:20:38.000000,user36,Snowflake,upload,823,447.12,38330618-0d3a-40b1-ac76-4bda239e46b6,b09652bf-7cae-4394-8179-65991dabd0a4
4c2c40ef-0f07-4c46-8188-9ae5faf545e6,2025-11-08 17:40:50.000000,user26,SAP,upload,3165,331.4,006ab13b-59b1-4c22-9854-d34f9be0e37c,d593038b-c884-4eb3-9ba7-b886d14d7c2e
79f4da69-b72e-41a1-a00a-eea1cc9bf836,2025-11-08 17:44:27.000000,user26,Jira,modify,464,244.01,006ab13b-59b1-4c22-9854-d34f9be0e37c,5e2b1b47-b4ed-47fe-b1c2-f3ebbbd02a02
04d99c99-c47a-441c-b529-aef0a01a0487,2025-11-08 17:51:35.000000,user21,Salesforce,upload,725,396.78,f01988d3-dcd7-440b-bd0f-fc10a8c0cf54,9f750530-56b5-46a3-abeb-3924a38bce0b
4317c525-51fb-43ba-9589-d7489b549678,2025-11-08 18:22:59.000000,user21,Databricks,modify,185,238.94,f01988d3-dcd7-440b-bd0f-fc10a8c0cf54,
fac6c24c-a224-46db-8fae-00539410a898,2025-11-08 18:44:33.000000,user42,GitHub,modify,3485,55.65,ba45e550-c7c4-45cf-a20c-c0829cf7590e,4d30ffa7-3086-413f-ab81-ff4a34fafd3a
bbcd4ac4-1a6b-4d7f-9aca-f3aa737b563a,2025-11-08 18:50:48.000000,user34,Salesforce,download,3182,373.34,9b07d3fb-00c8-41bd-afbc-83572d63de7f,e4c02114-af61-4266-aea9-b42b2a9fc72c
673c5e33-e425-4a21-9a7e-7f9abc7338f5,2025-11-08 18:52:17.000000,user34,Jira,download,2038,241.28,9b07d3fb-00c8-41bd-afbc-83572d63de7f,
118de201-1479-4a94-9438-1b17b71dfc88,2025-11-08 19:10:46.000000,user34,Jira,modify,3025,393.98,9b07d3fb-00c8-41bd-afbc-83572d63de7f,42643768-1052-4048-8a66-9cba91088789
aef34319-e49a-48e3-8874-1b82522c6c51,2025-11-08 19:51:24.000000,user44,Workday,upload,917,437.42,6236b81f-368a-461d-a8f8-b8af8643e781,79ae3bbe-b92e-49d0-a39b-f202ab802785
e8ddb6bb-0650-4df2-b3a8-a588c5118e04,2025-11-08 20:01:42.000000,user19,Salesforce,modify,3545,287.42,36f1f30f-5029-49e2-8037-7209e81c1ec9,8bcf9ce9-4768-4c59-aa77-ee47f46f68d6
857d31c3-45aa-466a-944f-8c9a8ae53398,2025-11-08 20:04:15.000000,user21,Salesforce,download,750,450.73,47f7fee2-f188-425c-8827-9755e7ca3771,82c70646-8a8e-4441-90fd-fe033f8d68ca
17b75125-9ed3-4f50-8695-6a4289cd39ce,2025-11-08 20:07:08.000000,user19,Snowflake,download,2674,405.71,36f1f30f-5029-49e2-8037-7209e81c1ec9,d379d841-2571-4487-84cb-60cf215d14df
84cf79c8-44b2-4655-bb7c-12d0de196736,2025-11-08 20:12:27.000000,user15,Snowflake,view,2293,390.43,aeb641fe-3151-4427-9784-10af01fae6d2,ed51d483-4921-415b-a0da-e0550109e071
3936cf35-7d07-44d3-b780-27c53a626610,2025-11-08 20:15:39.000000,user21,Snowflake,upload,2385,376.78,47f7fee2-f188-425c-8827-9755e7ca3771,9f750530-56b5-46a3-abeb-3924a38bce0b
0b746951-e95a-44c1-9386-1a373aceace1,2025-11-08 20:15:46.000000,user19,Jira,upload,167,221.37,36f1f30f-5029-49e2-8037-7209e81c1ec9,1a621056-d1e3-4527-8fb8-36383826e144
9bce8fd5-0f04-41cc-8a50-40df54b41139,2025-11-08 20:16:18.000000,user25,Snowflake,modify,715,99.11,1a0442f8-427c-4f05-bede-217c154ad665,
5e398350-fe5e-4de6-87ec-30f625540a6b,2025-11-08 20:20:49.000000,user10,Databricks,download,1415,327.46,8361db7f-ed00-4086-96f6-2dbd601373b5,
02b0f03c-6869-4fa1-a536-841584a233e3,2025-11-08 20:23:48.000000,user37,Workday,upload,3033,296.04,cd6696f4-682e-46b9-9c11-5789e349f352,
629d0d50-792d-48ca-a645-10b035ae6be6,2025-11-08 20:24:55.000000,user42,Salesforce,upload,917,227.8,ba45e550-c7c4-45cf-a20c-c0829cf7590e,2517e6df-2114-4072-ba4e-65d47510ab07
1760c4aa-123f-4a8b-9255-0bdd0fd06676,2025-11-08 20:49:08.000000,user10,Jira,upload,2555,445.12,8361db7f-ed00-4086-96f6-2dbd601373b5,f2d14631-b12e-49fd-83e8-fa374b411ccd
6bbe0e6d-f538-4fd3-a99d-0ebc161874c9,2025-11-08 20:51:51.000000,user21,SAP,download,554,223.21,47f7fee2-f188-425c-8827-9755e7ca3771,82c70646-8a8e-4441-90fd-fe033f8d68ca
c57034c8-c3c7-4a7d-927f-8fd856898bff,2025-11-08 21:00:54.000000,user37,Workday,modify,1043,436.07,cd6696f4-682e-46b9-9c11-5789e349f352,
6416034a-d190-44a3-a112-7dfe2f519e91,2025-11-08 21:17:03.000000,user35,Jira,view,58,290.59,85285b05-ebbe-4531-9d3f-a3d81b74f1f6,2a2d79d2-328f-41ac-8589-0f41afa0160b
3e3c576e-9cfd-4a24-9c3f-9d627f7f13ec,2025-11-08 21:29:31.000000,user47,Snowflake,modify,2537,238.69,d9f0f7aa-fd4e-4ca4-a0d5-0688514ee6db,
d53956d5-e589-460d-8f46-7a794d00dea1,2025-11-08 21:34:06.000000,user35,SAP,modify,156,101.89,85285b05-ebbe-4531-9d3f-a3d81b74f1f6,d320074d-1f8d-4a8d-9be0-5d38efb2846e
2d295f39-4607-4722-ba0d-c7b66553edcd,2025-11-08 21:43:53.000000,user2,Jira,upload,2142,350.63,d0af9153-9346-4a41-88fa-0bb34b7e2431,427ec365-2dd6-43e8-93ed-27d35e02f876
68db6e90-e1c8-4ac7-afa3-1853031f658f,2025-11-08 21:49:23.000000,user4,Jira,view,568,118.05,deaeb987-39e4-4e53-b459-7bcb6fd1d1b5,a8ce2205-1cce-48ce-a0a6-fd0c382fd4ba
286e59f8-c76e-4ae1-95cb-745925c7f75b,2025-11-08 21:52:24.000000,user21,Snowflake,view,1209,383.82,47f7fee2-f188-425c-8827-9755e7ca3771,9f750530-56b5-46a3-abeb-3924a38bce0b
de0c42d2-92d5-440b-b315-64137a185a17,2025-11-08 22:25:55.000000,user42,GitHub,view,2094,224.35,ba45e550-c7c4-45cf-a20c-c0829cf7590e,2517e6df-2114-4072-ba4e-65d47510ab07
f0e00a31-d171-424d-9d5a-24f3523737f8,2025-11-08 22:49:08.000000,user4,GitHub,modify,1034,298.51,deaeb987-39e4-4e53-b459-7bcb6fd1d1b5,
dbafa73c-9c71-4047-825c-397654db4d49,2025-11-08 22:59:55.000000,user47,Databricks,modify,2740,348.32,df6cbd01-6a72-4167-a468-2ec040b6cef1,d6de783a-8c3d-4581-a0e1-683af840b183
f7313ebe-ad65-4e49-9c50-6c50776e92b0,2025-11-08 23:40:19.000000,user25,Salesforce,view,3283,217.54,1a0442f8-427c-4f05-bede-217c154ad665,
a4c000ed-2648-47cd-af50-0997e24ba749,2025-11-08 23:42:58.000000,user15,GitHub,view,1534,117.83,aeb641fe-3151-4427-9784-10af01fae6d2,671f84c6-52ba-4269-9b2f-9b87faef5ea2
009f979b-7728-45ae-ae2a-d2d75135b5fa,2025-11-08 23:44:41.000000,user39,SAP,download,1289,34.47,b8681138-7783-401d-9ce1-08232befd6ae,
7c729ea5-dd9b-44be-a845-8ec7c65c1139,2025-11-08 23:49:59.000000,user19,Salesforce,upload,2212,158.02,36f1f30f-5029-49e2-8037-7209e81c1ec9,1a621056-d1e3-4527-8fb8-36383826e144
6aecb15c-7e00-4bb4-b4aa-d2bb658a3c11,2025-11-08 23:51:30.000000,user4,Snowflake,upload,190,241.75,1c5dc304-96ee-4f54-a0c4-d9cb5d46ecbd,7f4bd8f8-adf3-4efa-97ff-77c5dbf502c8
e08f2954-2969-40a6-ac89-d1bee3a08983,2025-11-09 00:05:39.000000,user50,Snowflake,upload,3511,320.74,f64b56ec-4799-45f3-8149-3918827f4981,f3c0d464-4948-4d9f-b157-ad50e7728df2
03a08287-9649-49c9-9389-528415f3c391,2025-11-09 00:09:42.000000,user4,SAP,modify,3130,26.04,1c5dc304-96ee-4f54-a0c4-d9cb5d46ecbd,7f4bd8f8-adf3-4efa-97ff-77c5dbf502c8
a34c7253-6d7e-4ea4-a385-4d510746a502,2025-11-09 00:14:46.000000,user4,Snowflake,download,1558,197.56,1c5dc304-96ee-4f54-a0c4-d9cb5d46ecbd,7f4bd8f8-adf3-4efa-97ff-77c5dbf502c8
3dc0029a-4e56-4d76-bfb7-36831d4a5555,2025-11-09 00:17:56.000000,user2,Snowflake,modify,128,24.49,d0af9153-9346-4a41-88fa-0bb34b7e2431,
19932d65-e3d2-447d-b8b2-638065c9a999,2025-11-09 00:22:55.000000,user2,GitHub,upload,1832,326.8,252dfdf2-066b-4ebb-840c-73b0a2c20add,ff332f8f-6db2-4a6a-ba33-f6785f2ab4ad
87691350-86e0-406c-b49e-6aa25b926dbf,2025-11-09 00:26:03.000000,user47,Databricks,modify,2953,110.18,df6cbd01-6a72-4167-a468-2ec040b6cef1,5700cae1-3fcb-43fd-8045-cf86217de7a9
789ef302-aea1-4fb2-ae21-e0b412560cac,2025-11-09 00:29:19.000000,user2,Jira,download,1629,4.53,252dfdf2-066b-4ebb-840c-73b0a2c20add,
d5042ac6-2110-4151-8ef2-93ef47eadfea,2025-11-09 00:30:39.000000,user39,Jira,download,529,262.24,b8681138-7783-401d-9ce1-08232befd6ae,
2711fdc0-b134-44e0-9994-ca0cfa2df2a4,2025-11-09 01:00:22.000000,user42,SAP,modify,1089,491.11,ba45e550-c7c4-45cf-a20c-c0829cf7590e,a42c4f85-11c1-4db9-8943-9ce00a3cb5cf
a6d5bd96-56f8-4846-8125-184f242e507e,2025-11-09 01:04:59.000000,user31,Salesforce,modify,1020,410.58,a697fdc3-c0a8-46b7-b731-a61ed30ce1d5,54051b9c-148f-4394-9326-d32b45df1e5c
8d7eabb1-795d-49d7-8a32-2ac34a917b7a,2025-11-09 01:05:04.000000,user39,SAP,download,1006,252.36,b8681138-7783-401d-9ce1-08232befd6ae,e18255b7-adda-4d71-bcd9-c13a84578893
9426a6d4-6c8c-436c-9e14-f4c6053a09fe,2025-11-09 01:09:40.000000,user10,Jira,download,3373,482.67,8361db7f-ed00-4086-96f6-2dbd601373b5,
b69cf19c-30e5-47d9-85dc-829882e3e6f2,2025-11-09 01:28:09.000000,user47,SAP,upload,610,84.14,2d20818f-7fab-416f-ab80-4451dc665f94,779be8b0-ffaa-4ea2-9026-3f735c61170d
660f408e-9843-477d-9e3d-784b77d9e822,2025-11-09 01:30:12.000000,user47,Salesforce,upload,3227,176.2,df6cbd01-6a72-4167-a468-2ec040b6cef1,
bcf01a0a-8f14-438c-bcbf-bec249c2545c,2025-11-09 01:42:40.000000,user47,Workday,modify,2673,263.57,2d20818f-7fab-416f-ab80-4451dc665f94,9f042912-bee0-42d2-9ad8-e9edaa335511
0b891a84-ac33-4f97-b5b2-7b3179dd3ca7,2025-11-09 01:44:59.000000,user31,Snowflake,upload,1042,28.75,a697fdc3-c0a8-46b7-b731-a61ed30ce1d5,
c81612da-5c40-4331-8208-9d983110ec12,2025-11-09 01:48:28.000000,user49,SAP,view,1056,55.3,4f481a26-b972-49ca-9f27-d47797c71ba0,8eed878c-c6cc-49c2-9966-aa4d9176ba88
ce9bc5ed-fa0f-4bd2-a616-efe1404b2f41,2025-11-09 01:55:24.000000,user4,Databricks,modify,1953,476.46,1c5dc304-96ee-4f54-a0c4-d9cb5d46ecbd,
4b644a2f-8984-4f56-9aaf-0ff5ae03be03,2025-11-09 02:08:38.000000,user19,Workday,upload,2768,11.7,e0008813-b6bc-4512-abe6-7157e2059837,
dd635e43-8eda-4bc5-9617-7467a341d579,2025-11-09 02:21:23.000000,user2,Workday,modify,2392,43.17,252dfdf2-066b-4ebb-840c-73b0a2c20add,ff332f8f-6db2-4a6a-ba33-f6785f2ab4ad
2c6fd76d-6f09-434e-9143-92fca99832f9,2025-11-09 02:36:54.000000,user15,GitHub,download,2011,495.12,aeb641fe-3151-4427-9784-10af01fae6d2,ed51d483-4921-415b-a0da-e0550109e071
478dc5c2-1830-483c-9839-4bc203f52026,2025-11-09 02:45:06.000000,user37,Jira,upload,1192,99.29,cd6696f4-682e-46b9-9c11-5789e349f352,
8ff33dd6-d07e-411c-9269-e46c00c393a2,2025-11-09 02:45:47.000000,user49,Salesforce,modify,2460,279.6,ec040773-cd0c-4365-9bf5-2370d9da8cc7,3802c5aa-773f-4cdf-a052-d3159da61b9d
b68c04c2-63dc-4b8c-9fd9-beb03ae9eed4,2025-11-09 02:46:17.000000,user35,Snowflake,upload,2041,405.79,85285b05-ebbe-4531-9d3f-a3d81b74f1f6,
86ad3f89-543f-436b-9a6e-75286f393eda,2025-11-09 02:59:43.000000,user47,Jira,view,1518,415.19,df6cbd01-6a72-4167-a468-2ec040b6cef1,
d780b9b9-3f71-4775-a207-d4465a5fdef6,2025-11-09 03:24:15.000000,user37,Snowflake,download,1145,469.38,cd6696f4-682e-46b9-9c11-5789e349f352,7cf88bf6-9aab-4ca7-83e1-f637c8ff2d9d
535dc6d1-f031-48b6-9c83-983fbf69091c,2025-11-09 03:29:43.000000,user39,Workday,view,1495,446.13,b8681138-7783-401d-9ce1-08232befd6ae,b76ee81f-d21f-489a-a81f-04e7f0f8ed31
5ef0fe38-93e6-4916-ab4b-5d886067bde4,2025-11-09 03:32:38.000000,user39,Workday,view,3057,163.19,b8681138-7783-401d-9ce1-08232befd6ae,36d7039c-c2e1-431f-8738-4480b46025b3
58807153-d5f6-4492-95c5-4a66001d1e83,2025-11-09 04:02:16.000000,user49,Databricks,download,878,354.69,4f481a26-b972-49ca-9f27-d47797c71ba0,3802c5aa-773f-4cdf-a052-d3159da61b9d
54e5d7df-f100-4013-b3af-a07c12dfb3f1,2025-11-09 04:02:58.000000,user31,Jira,modify,2422,19.67,a697fdc3-c0a8-46b7-b731-a61ed30ce1d5,
9537f81b-c41a-4a81-a07c-f9440205afe7,2025-11-09 04:05:11.000000,user47,SAP,view,1726,445.32,2d20818f-7fab-416f-ab80-4451dc665f94,779be8b0-ffaa-4ea2-9026-3f735c61170d
a35c6b47-8aed-432c-8cbf-4969ca19f53e,2025-11-09 04:45:55.000000,user11,GitHub,download,1339,186.39,208ba67d-d546-4e65-b26d-1c817f50b941,b6818fc6-5371-4bc5-92be-7aa3cd1765a9
654ecbb8-8b77-43c3-afe4-fb0cce8ab9fb,2025-11-09 04:59:30.000000,user11,Jira,upload,1449,227.96,208ba67d-d546-4e65-b26d-1c817f50b941,423c984e-e471-41d8-9520-6c2b9048f7f0
b24ea024-77b9-4df1-b52f-ed7c296d14de,2025-11-09 05:00:09.000000,user50,GitHub,modify,319,246.01,f64b56ec-4799-45f3-8149-3918827f4981,f3c0d464-4948-4d9f-b157-ad50e7728df2
e0588901-1ea2-4567-99e6-bec7114bcf4b,2025-11-09 05:01:49.000000,user38,Salesforce,upload,2940,442.73,5fa9e81f-df36-45dc-883a-828c79eeb53a,
85c4b85b-6ae0-4c54-9c03-f0d87af83034,2025-11-09 05:06:05.000000,user38,Salesforce,modify,2693,251.33,5fa9e81f-df36-45dc-883a-828c79eeb53a,dfe65d88-fb56-4128-b303-c54b6eca9a4b
56537bb9-0b8a-4856-a413-c257bd998088,2025-11-09 06:13:03.000000,user50,Workday,upload,1998,486.36,f64b56ec-4799-45f3-8149-3918827f4981,f3c0d464-4948-4d9f-b157-ad50e7728df2
b968faaf-6518-4d10-9c01-4f12af77621c,2025-11-09 06:14:14.000000,user43,Jira,view,2866,62.21,5c3cbed9-9bf1-4b9d-a2a2-cc0b10176784,
7b90d4df-1ac1-403c-9c7f-310323728484,2025-11-09 06:42:09.000000,user50,Workday,view,2515,379.74,c5a6009b-2d01-44d6-a666-f2a6487ef704,f3c0d464-4948-4d9f-b157-ad50e7728df2
da5d7070-0737-4c2b-9ff8-921344168a36,2025-11-09 06:46:59.000000,user47,Snowflake,upload,2336,392.95,df6cbd01-6a72-4167-a468-2ec040b6cef1,5700cae1-3fcb-43fd-8045-cf86217de7a9
c3021c09-6d65-48e0-a242-550a9e1a5832,2025-11-09 06:47:49.000000,user38,Salesforce,download,1043,328.87,5fa9e81f-df36-45dc-883a-828c79eeb53a,
3e96d03f-a2bc-43a6-8e16-e2f4660e7582,2025-11-09 06:49:49.000000,user50,Jira,download,1555,408.39,f64b56ec-4799-45f3-8149-3918827f4981,
76256428-08c3-42cd-a730-769b119210d1,2025-11-09 07:18:30.000000,user47,Snowflake,download,3308,240.0,2d20818f-7fab-416f-ab80-4451dc665f94,d6de783a-8c3d-4581-a0e1-683af840b183
6d35d035-d497-48b9-9a00-0a138e39c659,2025-11-09 07:57:44.000000,user30,SAP,download,732,413.3,5ce870c1-ca05-4c15-adbf-3dfc69683714,884da6ac-68da-4189-b5d3-b16429db4d3b
1a2cbb36-940e-4184-8fd2-91e4747fb7e0,2025-11-09 08:04:09.000000,user38,Snowflake,download,2706,267.41,5fa9e81f-df36-45dc-883a-828c79eeb53a,3aef07c2-c775-41fd-b9b2-cdf12b9d4a94
0604a367-c137-42db-b7f8-b6c5071bd079,2025-11-09 08:24:53.000000,user19,Salesforce,view,400,406.51,6353719b-dfe6-46af-9182-559afd4ecb99,
83077489-fd19-43b7-9500-2e3a8e091ba3,2025-11-09 08:42:55.000000,user30,Workday,upload,2638,38.54,5ce870c1-ca05-4c15-adbf-3dfc69683714,
edf42fe7-5362-4916-b0a4-eb49bd0f9502,2025-11-09 08:45:44.000000,user19,Jira,modify,2454,98.77,6353719b-dfe6-46af-9182-559afd4ecb99,1a621056-d1e3-4527-8fb8-36383826e144
9d286fae-ab6a-4c97-88b5-963d7d5962b3,2025-11-09 08:48:54.000000,user11,Salesforce,download,457,172.46,208ba67d-d546-4e65-b26d-1c817f50b941,5362b7a8-b5c7-4d77-8476-38ee2d8b5a3d
d8bd1c8b-440b-4442-9511-90521b60ff27,2025-11-09 08:51:22.000000,user43,Snowflake,download,558,132.6,5c3cbed9-9bf1-4b9d-a2a2-cc0b10176784,
50119224-f252-4f9d-8d6c-e724319ce335,2025-11-09 09:39:58.000000,user38,SAP,modify,1374,175.2,5fa9e81f-df36-45dc-883a-828c79eeb53a,
6a785b6f-aa98-4dfd-b612-7a188634cbe7,2025-11-09 10:22:19.000000,user1,SAP,modify,3050,433.69,7c2f3fa9-3e9b-4dc5-a6fc-62f4084b82f4,
e0e21b41-cb34-481a-b86f-7c3711eb2e20,2025-11-09 10:25:56.000000,user30,SAP,modify,3457,5.51,5ce870c1-ca05-4c15-adbf-3dfc69683714,
129695a6-af3d-4b49-b836-dab24d3ce91b,2025-11-09 10:34:23.000000,user19,Salesforce,upload,592,216.38,6353719b-dfe6-46af-9182-559afd4ecb99,
25df2458-a5ba-4edb-9ba0-29c054a24ff7,2025-11-09 10:36:25.000000,user27,Jira,modify,2619,396.2,b838e67a-3032-4f94-896b-368cfc189a29,e5384566-98b3-4cc3-8e0b-1cebf9a109d1
11d52f0c-621f-4f26-a3bf-231cefb56f2a,2025-11-09 11:06:13.000000,user19,Jira,download,813,217.62,6353719b-dfe6-46af-9182-559afd4ecb99,d379d841-2571-4487-84cb-60cf215d14df
e800d1f0-09df-4c05-b650-86a82b1f8f94,2025-11-09 11:51:28.000000,user22,Jira,modify,1353,121.05,49767cd7-8262-4e41-8107-9feea273eb8f,
b910ba9e-9267-441b-a341-20835fa29f97,2025-11-09 11:54:57.000000,user1,Snowflake,modify,1115,135.65,7c2f3fa9-3e9b-4dc5-a6fc-62f4084b82f4,d37e9283-0c58-4092-beb7-9a53f76fd15f
4ad809bd-f22c-4bf4-8f44-cf66abcfae1c,2025-11-09 11:56:50.000000,user13,Jira,download,2608,321.89,450231ad-8c20-418e-bb1c-9f19a3b0cf97,
2d8d1dba-c3db-407d-af69-6199882f3f4d,2025-11-09 12:04:19.000000,user22,GitHub,view,2167,78.67,49767cd7-8262-4e41-8107-9feea273eb8f,
929031be-7a69-4a8d-8998-571ee05582a1,2025-11-09 12:30:01.000000,user30,Jira,modify,443,457.64,5ce870c1-ca05-4c15-adbf-3dfc69683714,
3ddefbeb-33f5-4bb3-8458-d720c03a2662,2025-11-09 12:43:04.000000,user22,Workday,upload,231,244.44,49767cd7-8262-4e41-8107-9feea273eb8f,2c49bfdc-1aa5-431d-806e-ac6b4168dfcd
24bd8fbf-f530-4cfa-b114-44fceb5b60aa,2025-11-09 12:50:08.000000,user49,Databricks,download,1694,214.57,bb017bcd-2dac-4e61-9112-6cf1bb8594d5,4cee5891-d2d2-40af-b68d-88326854505d
aeb4a212-c4b8-43a5-b790-e2422e66e5cd,2025-11-09 12:59:30.000000,user1,Databricks,view,128,453.74,7c2f3fa9-3e9b-4dc5-a6fc-62f4084b82f4,
1e23cfd6-9007-49d5-9411-145846a8f3de,2025-11-09 12:59:53.000000,user22,Snowflake,upload,683,31.58,49767cd7-8262-4e41-8107-9feea273eb8f,51c56aef-2c7e-49ba-96b8-569a16df96b7
6e456d50-b822-47e5-9118-c1e9a06fddf0,2025-11-09 14:43:58.000000,user38,Salesforce,modify,995,339.16,7af801f9-ae7b-4c88-9967-9f5368470f5e,39d7ae14-04fa-4859-a475-a8a048d41f8c
879281f6-1ab6-4d0c-9dbd-71a55eac2d29,2025-11-09 15:00:28.000000,user30,GitHub,download,2850,92.25,5ce870c1-ca05-4c15-adbf-3dfc69683714,
0c45925d-b1d6-4a93-ae77-6a7b8fc92116,2025-11-09 15:02:32.000000,user22,Snowflake,modify,249,321.96,49767cd7-8262-4e41-8107-9feea273eb8f,51c56aef-2c7e-49ba-96b8-569a16df96b7
f5f03ba9-fad6-41f2-bc33-988eeda8ee0b,2025-11-09 15:13:36.000000,user13,GitHub,download,1659,33.37,450231ad-8c20-418e-bb1c-9f19a3b0cf97,35785ccd-3d5d-4130-a2f7-2b857d6d8e1e
ac86327f-ac30-4341-9d1f-4b7ad8fa05d1,2025-11-09 15:54:13.000000,user49,GitHub,upload,1299,279.15,bb017bcd-2dac-4e61-9112-6cf1bb8594d5,8eed878c-c6cc-49c2-9966-aa4d9176ba88
efa747f6-b38b-4e47-8db4-392067112a80,2025-11-09 16:19:38.000000,user9,GitHub,modify,2353,348.71,1b3802a3-789c-42a1-a8cc-0a41410092a3,ac602fe5-9be1-48b7-976e-a1007df90323
cb05c834-c1fb-467b-aaf2-bcb490ce045f,2025-11-09 16:24:57.000000,user27,Databricks,view,3442,463.14,8808df02-8b87-4b5e-82af-1562db860861,1f68baa5-53ee-4992-838e-2c30cac2725a
48ac9345-d1a7-4193-ba57-b3dc28c2ed1a,2025-11-09 16:37:20.000000,user27,Workday,modify,312,173.53,b52fb1dd-11dc-480c-87fc-c0c6cbc2a33c,
f630fd85-6a22-4615-a543-637ca2e88a6e,2025-11-09 18:15:06.000000,user27,Workday,modify,2637,125.53,b52fb1dd-11dc-480c-87fc-c0c6cbc2a33c,e5384566-98b3-4cc3-8e0b-1cebf9a109d1
c3e9e9ff-2635-41c5-a8ed-aba3825fb378,2025-11-09 18:25:10.000000,user38,Workday,upload,2095,91.29,04a0535c-4be3-46ef-b869-c45e376fa89c,b1d1307d-de24-45fa-b202-0b469d45055a
98129757-6726-4c53-b570-2d7ffbb34a2d,2025-11-09 18:28:05.000000,user27,GitHub,modify,375,395.1,8808df02-8b87-4b5e-82af-1562db860861,1f68baa5-53ee-4992-838e-2c30cac2725a
378c6c9d-a438-4ef8-9146-10d9d7cf56e5,2025-11-09 18:37:51.000000,user27,Workday,modify,2517,133.86,b52fb1dd-11dc-480c-87fc-c0c6cbc2a33c,1f68baa5-53ee-4992-838e-2c30cac2725a
ebcf0432-f178-4637-ae08-afa5340d13a0,2025-11-09 19:09:53.000000,user27,SAP,upload,2479,45.33,8808df02-8b87-4b5e-82af-1562db860861,
51e4eb16-2cff-4505-827a-10f04aafb4bd,2025-11-09 21:02:06.000000,user10,SAP,download,897,317.43,21879feb-9b10-40c9-a573-a674655db40a,1c51181e-a3fa-45cb-bad5-7de71970c000
bfc51250-0d7d-4321-a764-6ad0b7b7e8dc,2025-11-09 21:03:56.000000,user10,Salesforce,download,2263,160.48,21879feb-9b10-40c9-a573-a674655db40a,
3201ac75-8263-4268-be90-f660e339318a,2025-11-09 21:55:02.000000,user10,SAP,download,1856,442.47,21879feb-9b10-40c9-a573-a674655db40a,aac94f2a-168d-450a-b0b2-177011aa9c99
3137d5fb-1cda-41c8-a2f3-60b1e0bc90b7,2025-11-09 22:13:58.000000,user50,SAP,modify,1863,372.23,ff4ef302-e243-4f47-a21b-9d006f9fdbdb,f3c0d464-4948-4d9f-b157-ad50e7728df2
145e5711-2211-4774-ad5f-35f02ccc3150,2025-11-09 22:23:49.000000,user15,Workday,modify,3096,389.29,c7c84c23-6d29-4d19-a01a-3446362c3fe3,ed51d483-4921-415b-a0da-e0550109e071
07921300-d503-4306-906a-c9e192c5c1fe,2025-11-09 22:43:25.000000,user9,Databricks,view,3435,66.67,1b3802a3-789c-42a1-a8cc-0a41410092a3,f7f082aa-22ff-4499-b8de-2910f5c99df9
5153be3f-5c35-44b0-90c8-14809f236870,2025-11-09 23:12:06.000000,user9,Databricks,download,488,344.64,1b3802a3-789c-42a1-a8cc-0a41410092a3,285b9f7c-851c-43d9-98c4-a29939c3551a
3e8c3c83-032d-43db-8c01-dc881d0bb621,2025-11-09 23:13:13.000000,user10,Snowflake,download,708,276.82,21879feb-9b10-40c9-a573-a674655db40a,aac94f2a-168d-450a-b0b2-177011aa9c99
63dd5c67-ecad-430c-953c-3c7c316254ae,2025-11-09 23:33:56.000000,user50,Databricks,download,1058,438.4,0cfe056d-8359-4f55-ac94-684fb649ba6f,f3c0d464-4948-4d9f-b157-ad50e7728df2
328273da-b485-4fe6-a270-c78f00641df6,2025-11-09 23:48:40.000000,user6,Workday,download,1478,324.61,1c36a56b-bc20-41cc-9231-14f9572619d4,69bcda38-b872-4376-a01f-6ba49da86ce3
d5f74094-17ed-4d39-925c-d3a2bd21f7a5,2025-11-10 00:25:59.000000,user50,Databricks,modify,1365,47.2,aa0ad9e1-986f-44ef-9670-b09b3b8f399a,f3c0d464-4948-4d9f-b157-ad50e7728df2
eb78e2a6-c629-4d88-899c-1862482619de,2025-11-10 00:49:17.000000,user50,SAP,upload,2142,128.89,aa0ad9e1-986f-44ef-9670-b09b3b8f399a,f3c0d464-4948-4d9f-b157-ad50e7728df2
c27094a2-4374-449a-b8ad-f1de6126346a,2025-11-10 00:59:59.000000,user17,GitHub,modify,265,93.26,c4abd6a7-0a73-4b3c-ad8c-8115a239d23a,1e10a6e9-47dd-47f3-91e5-b5362171ec0e
afea7e5e-8c40-411e-8f6d-0cdcda3b4949,2025-11-10 01:01:45.000000,user10,Databricks,upload,923,20.71,21879feb-9b10-40c9-a573-a674655db40a,b020f5ef-0f58-4e3a-ac57-33b8d9bd22c7
3ad366b2-065d-4ecb-aa08-40354a6810d2,2025-11-10 01:04:50.000000,user4,Workday,download,665,90.29,f714c812-2288-467e-81ed-31828044acb3,e9acb8dc-11af-4ad8-94dc-1b6fd2bb69fd
eba5fbc1-0e3a-429a-a95f-87f5b000668f,2025-11-10 01:38:13.000000,user50,Salesforce,download,1370,394.75,ff4ef302-e243-4f47-a21b-9d006f9fdbdb,f3c0d464-4948-4d9f-b157-ad50e7728df2
33a867a6-fd36-4977-b26c-6409cf4f32cc,2025-11-10 01:41:38.000000,user15,Jira,modify,1337,79.45,c7c84c23-6d29-4d19-a01a-3446362c3fe3,cdc79272-b601-4476-a796-0b32b4656855
0ef81288-12d4-4040-bd6a-cce43210b5f3,2025-11-10 02:00:44.000000,user4,Databricks,modify,710,304.07,f714c812-2288-467e-81ed-31828044acb3,a8ce2205-1cce-48ce-a0a6-fd0c382fd4ba
fbfa4987-7042-43a6-a9e5-7f0da7967aad,2025-11-10 02:02:58.000000,user6,GitHub,upload,3320,211.16,1c36a56b-bc20-41cc-9231-14f9572619d4,8920d329-190c-4281-8363-6c207e82825a
a59d9b89-e02f-47c5-9fe2-9a14e7f9d335,2025-11-10 02:14:49.000000,user15,SAP,view,2616,29.13,c7c84c23-6d29-4d19-a01a-3446362c3fe3,
8c432a3b-3265-4508-9532-f0443f6f177c,2025-11-10 03:19:27.000000,user15,Salesforce,view,1065,74.53,c7c84c23-6d29-4d19-a01a-3446362c3fe3,
bcea1a51-6d23-4e51-b055-8de2dd84dc6d,2025-11-10 03:26:35.000000,user17,SAP,upload,3467,360.45,c4abd6a7-0a73-4b3c-ad8c-8115a239d23a,b2829cec-79f6-400a-9348-e3ae096c7fda
2d692926-8896-4909-96d3-1b7e9a2f15e8,2025-11-10 04:01:15.000000,user4,SAP,upload,2355,197.67,f714c812-2288-467e-81ed-31828044acb3,a8ce2205-1cce-48ce-a0a6-fd0c382fd4ba
be99aa66-1fab-44a8-9411-53eef6416c54,2025-11-10 04:10:11.000000,user7,SAP,modify,2028,123.28,f973f5dd-4933-4f96-806d-d1000213e4f8,
8954dbad-88f8-4334-b7bb-cb77baa42459,2025-11-10 04:29:12.000000,user17,Jira,download,1722,23.49,c4abd6a7-0a73-4b3c-ad8c-8115a239d23a,8fba1cc0-ed98-4402-bf99-afe91cc015ed
eb01a0ec-88c7-4d97-941b-ea5613139fd1,2025-11-10 04:45:50.000000,user6,GitHub,view,1398,149.05,1c36a56b-bc20-41cc-9231-14f9572619d4,aba79c4c-2f79-46cb-b4f0-20ffda880963
b695c688-662d-4d25-bba0-4bd1d5d2a850,2025-11-10 04:48:24.000000,user50,Jira,upload,2057,102.8,ff4ef302-e243-4f47-a21b-9d006f9fdbdb,f3c0d464-4948-4d9f-b157-ad50e7728df2
1a32f06b-1cb9-4be5-8f24-0e0f302b3dd1,2025-11-10 05:00:07.000000,user50,Snowflake,download,1651,284.87,ff4ef302-e243-4f47-a21b-9d006f9fdbdb,f3c0d464-4948-4d9f-b157-ad50e7728df2
ea07255a-8a4c-4b51-9dbf-de84b00d78d7,2025-11-10 05:38:21.000000,user7,Jira,modify,1969,480.51,f973f5dd-4933-4f96-806d-d1000213e4f8,
152d86cc-7490-43cf-838a-440887402a9f,2025-11-10 05:39:57.000000,user37,SAP,modify,1797,464.71,9e3016ed-22ea-48a4-ac9e-f9f6678b96ea,0a98e4d6-606a-49fb-9b7e-74dd21a77842
48febc7c-e609-475c-b57b-6ab526d323e1,2025-11-10 05:45:10.000000,user4,Salesforce,modify,1511,319.55,f714c812-2288-467e-81ed-31828044acb3,e9acb8dc-11af-4ad8-94dc-1b6fd2bb69fd
03a2afb2-fd16-485c-bcce-6348453c9418,2025-11-10 06:21:00.000000,user27,GitHub,download,386,273.88,0179e323-0aa7-4643-8300-dec02ed97f33,
e82a8751-b24a-4179-8342-922497a9c61a,2025-11-10 06:41:54.000000,user37,SAP,view,2198,164.16,9e3016ed-22ea-48a4-ac9e-f9f6678b96ea,0a98e4d6-606a-49fb-9b7e-74dd21a77842
482ca7db-ab2f-4936-95ab-3bfbd82b9769,2025-11-10 07:00:07.000000,user44,Workday,download,2802,323.56,ecea6934-f087-4479-9465-ff8569b17da0,79ae3bbe-b92e-49d0-a39b-f202ab802785
bc97b17b-1f1e-4d6a-b208-ef2fde85e98a,2025-11-10 07:19:03.000000,user44,Databricks,view,2265,234.45,ecea6934-f087-4479-9465-ff8569b17da0,
d9a6fd4a-d05a-4422-8b36-edc8fe6cd645,2025-11-10 07:22:09.000000,user37,Databricks,download,3277,93.0,9e3016ed-22ea-48a4-ac9e-f9f6678b96ea,a417c8aa-10f4-4149-ac0d-5e38a83f0690
703284f8-ed5c-4ecf-8df8-78248af67cd5,2025-11-10 07:38:25.000000,user31,Salesforce,modify,1302,152.42,6a219a37-018d-48d9-b12f-09e18ff7afaa,f08634f1-d84e-4db9-85f2-283d0c58861f
6f7bd8b2-9fb8-412f-ad30-16d4e489bb92,2025-11-10 07:44:39.000000,user27,Jira,download,461,23.94,0179e323-0aa7-4643-8300-dec02ed97f33,e5384566-98b3-4cc3-8e0b-1cebf9a109d1
a9fe6259-3d6c-4d42-85ee-4b093a6fae39,2025-11-10 07:57:49.000000,user31,GitHub,download,1680,229.5,6a219a37-018d-48d9-b12f-09e18ff7afaa,
a1100ca7-b39b-4a0b-8ac5-47944ba379cd,2025-11-10 08:01:06.000000,user7,Databricks,modify,3336,456.64,f973f5dd-4933-4f96-806d-d1000213e4f8,
4e092d43-63ea-4820-8ee9-9a198259db64,2025-11-10 08:07:00.000000,user27,Jira,modify,1127,234.99,95baf601-dafb-4aae-af2c-5339255e951b,1f68baa5-53ee-4992-838e-2c30cac2725a
8fbf53a6-60d9-454f-89aa-1ab74a8e7794,2025-11-10 08:20:56.000000,user27,SAP,modify,3588,51.65,95baf601-dafb-4aae-af2c-5339255e951b,1f68baa5-53ee-4992-838e-2c30cac2725a
d694d164-689a-4946-a15a-3d9da7ceddee,2025-11-10 08:26:26.000000,user18,Databricks,modify,329,464.16,a69cfd3e-5b91-49d6-9b00-c18ea56a069c,1c1057fe-1302-4398-a31e-fd2718487b67
ccc93632-f087-46ef-aa83-d45e10cac9e8,2025-11-10 08:27:28.000000,user18,Jira,modify,2810,34.22,a69cfd3e-5b91-49d6-9b00-c18ea56a069c,
3777626a-de54-4215-8967-ce21e21691af,2025-11-10 09:29:37.000000,user7,Jira,modify,818,390.7,f973f5dd-4933-4f96-806d-d1000213e4f8,
b41afac4-736e-47bd-b98f-bce85f6f1c1c,2025-11-10 09:33:24.000000,user37,SAP,upload,891,259.5,9e3016ed-22ea-48a4-ac9e-f9f6678b96ea,951ac8f2-d9d9-481a-ae43-df01758bc9a2
1c94cd6a-99dc-4ebf-93fc-104e007185aa,2025-11-10 10:10:27.000000,user32,Salesforce,modify,1143,485.96,9e3a7018-444e-4de7-92fb-790c0423cbc8,d0f71308-4deb-490b-845d-011dfd1992e5
e2b0c4b7-4b2c-4c75-aa2f-2d703e360aa5,2025-11-10 10:48:49.000000,user18,Databricks,view,54,313.96,a69cfd3e-5b91-49d6-9b00-c18ea56a069c,
9c7b219f-6da5-42fe-9f98-6990d9955330,2025-11-10 10:56:24.000000,user32,GitHub,view,3118,123.66,9e3a7018-444e-4de7-92fb-790c0423cbc8,
7dd4a4db-2a6d-4872-aeed-be73c384a7ab,2025-11-10 11:11:37.000000,user27,SAP,modify,2053,482.81,95baf601-dafb-4aae-af2c-5339255e951b,1f68baa5-53ee-4992-838e-2c30cac2725a
dc8c0302-d642-4ede-9c96-8fa47852e612,2025-11-10 11:31:16.000000,user27,Jira,view,970,333.94,95baf601-dafb-4aae-af2c-5339255e951b,
4b137a8b-27ed-4eb1-b75c-ed9028767055,2025-11-10 12:41:23.000000,user32,SAP,upload,371,260.55,9e3a7018-444e-4de7-92fb-790c0423cbc8,
753ad230-44ca-4d1e-94ea-acd6aa2772e7,2025-11-10 13:21:41.000000,user32,Salesforce,download,3133,369.67,9e3a7018-444e-4de7-92fb-790c0423cbc8,f1f23ff4-fb26-4adf-93a8-b983d6dfe503
e9707a7b-714c-4d3e-ab26-d948094dead2,2025-11-10 13:23:51.000000,user18,Salesforce,view,402,388.17,a69cfd3e-5b91-49d6-9b00-c18ea56a069c,051600c1-228e-4e7c-8fb4-1528d68dbe28
e5453e24-2495-415d-8cce-b51858f27351,2025-11-10 14:13:53.000000,user18,Snowflake,view,1609,108.32,a69cfd3e-5b91-49d6-9b00-c18ea56a069c,036e548f-bf27-462a-ad96-81ebb02c18da
8a18f263-8a99-4c8e-9b14-fce95879d9f6,2025-11-10 15:43:12.000000,user19,Databricks,download,216,92.61,a365d052-11a1-46a0-9451-3109be129b0a,d379d841-2571-4487-84cb-60cf215d14df
114cbc2e-3c9b-43b5-872d-4c45e9b6d020,2025-11-10 16:51:31.000000,user24,Jira,modify,173,417.04,bdb896a0-f223-4721-8583-814b916226ab,a46d2d5d-dd50-4174-8f65-4fb724b0ddad
2bbae789-07eb-4fed-9c90-63e9cc2997c7,2025-11-10 16:58:50.000000,user34,Salesforce,download,495,186.99,e0db742c-0269-4768-b4cd-6edde6511922,
7b5f0510-edbf-44db-bbd5-3845bfb875a0,2025-11-10 18:08:54.000000,user49,Jira,view,61,349.88,70187550-86cf-4e24-952c-e0f51cd3bb51,fd5408ab-ac1f-40b4-b23b-7f4492f36b94
9115144d-9fd1-4c4c-b2dc-94f0a4c691dd,2025-11-10 19:39:31.000000,user49,Workday,modify,430,331.88,70187550-86cf-4e24-952c-e0f51cd3bb51,25164d57-00b3-4fce-9b29-610dad70bedd
83da5690-1e7e-4a33-8ce9-74bdf3b80de9,2025-11-10 19:49:56.000000,user2,Databricks,upload,2888,38.96,6cd784c5-f874-4b26-a5c9-6a698ab6e37a,427ec365-2dd6-43e8-93ed-27d35e02f876
72e60096-2b16-4ac7-b6da-2f707c1ed4ed,2025-11-10 20:05:26.000000,user38,Jira,download,3588,172.03,29cbdb80-1e81-4e3c-8312-b64d02498733,20c02a7b-356e-45af-8e98-9c8f5131fba2
e2258454-6305-4864-a86b-5136f690158b,2025-11-10 21:02:08.000000,user29,Workday,upload,248,24.25,9f6dc07a-2340-4e40-ad59-c4d32cf4cadd,
4fd4d792-22bd-4e7e-8781-ddc660b7e7a1,2025-11-10 21:14:49.000000,user20,GitHub,download,2564,58.52,d975c122-76c0-449a-a31e-266a6d234c74,0e4fff21-48ce-4fe6-8b49-eaff3a4b88f7
625e3928-903c-43e1-84d0-61b6ad4b23a9,2025-11-10 21:17:13.000000,user43,Databricks,download,1604,80.93,8f546a9b-7d1d-43e4-9096-03e1460bb143,7962a4f2-0143-4d08-910b-9e5b6038413e
813bf539-15a8-4373-bc7e-7922d737e9ef,2025-11-10 21:21:59.000000,user43,Databricks,view,932,56.74,8f546a9b-7d1d-43e4-9096-03e1460bb143,ab46a1b3-faa6-482d-9df1-3989e8a221f4
67e54f41-11ae-4017-9f5f-1f9902ad6bc3,2025-11-10 21:30:00.000000,user29,Workday,modify,1189,313.92,9f6dc07a-2340-4e40-ad59-c4d32cf4cadd,abf2f8a5-ad48-48c7-84c1-ca097da1e4c4
389d9d9f-1af4-457c-93f4-9d121ea28b39,2025-11-10 22:27:01.000000,user21,Jira,download,3048,68.71,d2158fe4-5404-4937-96f9-43370dd1a0df,1442b6c8-f6c3-4711-88b0-a33d51a45316
f8b2a9ed-5f83-4e4b-8664-40b191c12249,2025-11-10 22:27:40.000000,user34,GitHub,upload,2199,119.99,e0db742c-0269-4768-b4cd-6edde6511922,
fb484ebd-a420-41b7-98a5-09daf43208f3,2025-11-10 22:59:13.000000,user39,Snowflake,upload,3273,99.5,9f10ed28-536e-457d-a403-62e988265a8f,e18255b7-adda-4d71-bcd9-c13a84578893
3ef9a475-cf17-4487-b1b3-92a5ef4dacdb,2025-11-11 00:30:29.000000,user29,Workday,modify,717,57.51,9f6dc07a-2340-4e40-ad59-c4d32cf4cadd,abf2f8a5-ad48-48c7-84c1-ca097da1e4c4
2ecbd7c4-25e6-45b0-b6f2-375419db5fbb,2025-11-11 01:02:25.000000,user29,Snowflake,modify,2006,71.18,9f6dc07a-2340-4e40-ad59-c4d32cf4cadd,abf2f8a5-ad48-48c7-84c1-ca097da1e4c4
077d4b38-9c85-4412-af4a-e15b119eff56,2025-11-11 01:41:43.000000,user21,Databricks,modify,715,445.38,d2158fe4-5404-4937-96f9-43370dd1a0df,82c70646-8a8e-4441-90fd-fe033f8d68ca
93cb3102-3cf9-4ea9-9a0a-cb2ce6bb11ef,2025-11-11 01:54:07.000000,user38,Jira,modify,1891,320.98,41be091e-fc14-47d2-affd-30acb42eb385,20ee417d-cf99-459b-ada3-38197c0660c8
dcad6f1b-d033-43c4-b987-73c5a92f4c07,2025-11-11 01:56:20.000000,user21,SAP,view,1672,223.52,d2158fe4-5404-4937-96f9-43370dd1a0df,977d04d1-e85b-4b15-b742-03fad1963760
5291699a-f093-4bbb-8377-8e2962455ea4,2025-11-11 02:13:14.000000,user46,GitHub,view,762,152.12,dafc9d82-8121-454c-900d-acbfaa585f8b,aa7e2cc4-be86-4748-a5e4-51c8bf7091f8
576bb7c9-af42-4518-84bd-ca3154bbeba2,2025-11-11 02:52:58.000000,user21,Snowflake,upload,803,254.09,d2158fe4-5404-4937-96f9-43370dd1a0df,9f750530-56b5-46a3-abeb-3924a38bce0b
20860f9e-5f86-4e0b-80ec-eef0c19c1b2e,2025-11-11 04:05:19.000000,user46,Snowflake,view,3107,79.67,dafc9d82-8121-454c-900d-acbfaa585f8b,87929e36-fbe5-4efe-bf31-308ec7a3f55e
c2bdb410-aa7d-4252-98b6-6db8fc82b54a,2025-11-11 04:18:53.000000,user13,Jira,view,983,391.05,bb466f1f-231c-42f4-b9a1-da7ed75f6ff9,
0eab9e71-51a7-43e1-9ea1-3ac250b70f6d,2025-11-11 04:22:20.000000,user39,Jira,upload,884,320.72,9f10ed28-536e-457d-a403-62e988265a8f,8af0f73f-c767-4be7-90ec-6e0bae226de1
da09fdab-6705-481a-9678-52a69557d413,2025-11-11 04:25:29.000000,user46,Jira,view,2975,45.27,dafc9d82-8121-454c-900d-acbfaa585f8b,
9eed5200-61a6-459f-8082-4a84c16f1cab,2025-11-11 05:08:46.000000,user13,Salesforce,download,232,367.18,bb466f1f-231c-42f4-b9a1-da7ed75f6ff9,35785ccd-3d5d-4130-a2f7-2b857d6d8e1e
64df02ed-1ecd-49a0-857e-d0e53c099fdf,2025-11-11 05:18:26.000000,user13,Snowflake,upload,142,224.23,bb466f1f-231c-42f4-b9a1-da7ed75f6ff9,026f55cc-4f85-45d9-b9f3-ce5cdb78a909
bac516b1-5a94-4403-b1ee-f1e7e1701d4e,2025-11-11 05:35:25.000000,user46,SAP,download,2643,356.92,dafc9d82-8121-454c-900d-acbfaa585f8b,aa7e2cc4-be86-4748-a5e4-51c8bf7091f8
2174540a-fe46-4021-a0d2-f7e85b0aa702,2025-11-11 05:38:22.000000,user39,Databricks,view,728,86.39,9f10ed28-536e-457d-a403-62e988265a8f,80ea0568-78e6-4828-90da-ac0949949351
c542fec3-cbe5-490c-89e3-0afd96d37283,2025-11-11 05:38:46.000000,user13,Snowflake,download,1638,137.03,bb466f1f-231c-42f4-b9a1-da7ed75f6ff9,026f55cc-4f85-45d9-b9f3-ce5cdb78a909
97a449de-74fa-495c-a285-4c6fc2b9e716,2025-11-11 05:51:39.000000,user38,Salesforce,modify,2343,13.87,41be091e-fc14-47d2-affd-30acb42eb385,20ee417d-cf99-459b-ada3-38197c0660c8
74b292ea-b41e-46fc-ab34-73d71d00e760,2025-11-11 07:47:47.000000,user13,GitHub,upload,700,274.33,bb466f1f-231c-42f4-b9a1-da7ed75f6ff9,a7bb8abf-21dc-4449-b9eb-8cf684f1ec46
600a0724-268f-4bfe-aa3e-6cfa5559fb01,2025-11-11 08:41:40.000000,user24,GitHub,download,2351,218.38,3756f334-5e46-4a33-a9ad-99874bb66176,94dc5986-9103-43e5-8dd1-0dcd4aeddcf9
d7a39191-7a9f-4b91-8d97-f7f6ac5a0bb0,2025-11-11 09:23:35.000000,user38,Databricks,upload,1372,359.23,41be091e-fc14-47d2-affd-30acb42eb385,f2f1582b-52ae-4455-8a81-9c13626c438b
8f597136-605b-444e-9abd-00609e19b9ee,2025-11-11 09:27:38.000000,user46,Jira,modify,3510,192.29,dafc9d82-8121-454c-900d-acbfaa585f8b,aa7e2cc4-be86-4748-a5e4-51c8bf7091f8
3f5086ba-e4e9-488f-9d65-4eb1ab8617c3,2025-11-11 09:31:47.000000,user48,GitHub,download,2077,398.07,a65b0109-0112-4ea0-8667-28e259c4dc5d,
5c06ff7e-c12c-426d-8678-7ec8e8cf1f68,2025-11-11 11:34:51.000000,user29,Snowflake,download,189,284.55,33c614af-8465-4376-b4c5-d3d66240ab37,
ba070135-03fe-4cf0-a0c2-7a549328c486,2025-11-11 12:05:40.000000,user48,SAP,view,699,447.22,a65b0109-0112-4ea0-8667-28e259c4dc5d,a23b2ad0-3d00-4e8b-9291-7d88fa66a870
02e0e417-b7ee-454a-9f57-d280092e646a,2025-11-11 12:10:42.000000,user29,Salesforce,upload,559,134.72,33c614af-8465-4376-b4c5-d3d66240ab37,abf2f8a5-ad48-48c7-84c1-ca097da1e4c4
8bd77539-6b47-480c-ba6c-34824a826cb8,2025-11-11 12:17:03.000000,user39,SAP,modify,2209,134.62,786d35ba-622e-4b5d-98cb-a2f5fcfcf3f3,36d7039c-c2e1-431f-8738-4480b46025b3
4656fb16-f0c7-44c9-9a1f-8f1922d5c5e6,2025-11-11 12:20:46.000000,user29,Jira,view,558,442.27,33c614af-8465-4376-b4c5-d3d66240ab37,
abe4ba34-cb89-45d1-9af7-81de70552ae5,2025-11-11 12:31:54.000000,user48,Salesforce,view,1039,271.66,a65b0109-0112-4ea0-8667-28e259c4dc5d,f949d0a6-c40b-494c-94b7-3019fd43fb52
0d7cac9b-3fdf-4ddc-9b4b-b3207e447865,2025-11-11 13:01:06.000000,user48,Snowflake,view,3114,474.47,a65b0109-0112-4ea0-8667-28e259c4dc5d,a23b2ad0-3d00-4e8b-9291-7d88fa66a870
0d4b8793-ed3a-4cf8-8683-cf26eafa5ff2,2025-11-11 13:23:59.000000,user43,GitHub,modify,1280,226.61,6b1ea9f9-b64a-4e6d-b4d8-c6063e173b13,c5c37446-11e2-4d7b-abff-646ac3e1856e
e80268ef-8a93-4db6-8e90-276ec59ae13b,2025-11-11 14:10:53.000000,user48,Workday,view,1864,369.4,a65b0109-0112-4ea0-8667-28e259c4dc5d,
fc0d78b9-6270-40d1-8f27-b689532c7f96,2025-11-11 15:08:25.000000,user29,GitHub,upload,337,466.06,33c614af-8465-4376-b4c5-d3d66240ab37,abf2f8a5-ad48-48c7-84c1-ca097da1e4c4
78ec11a9-bae3-4183-bcbb-c1761dce6962,2025-11-11 15:38:19.000000,user11,Salesforce,modify,2386,252.01,5d30201d-713c-4398-b1f6-d809d4eecd31,
012d467a-5333-4264-9405-2e0f2b06da4a,2025-11-11 16:18:07.000000,user43,SAP,modify,1351,431.16,6b1ea9f9-b64a-4e6d-b4d8-c6063e173b13,7962a4f2-0143-4d08-910b-9e5b6038413e
f82f9da4-18f5-4161-92b7-9e7ff83fae7a,2025-11-11 16:52:42.000000,user39,Databricks,upload,2933,251.51,786d35ba-622e-4b5d-98cb-a2f5fcfcf3f3,b1c18527-d93c-4378-8f93-369e1aad8338
a00a1ff4-a4a6-4011-ae77-2880058ba3a5,2025-11-11 17:08:30.000000,user17,Workday,modify,3431,118.1,2d9700a5-f6e8-4de9-8293-a214958aa2c1,05aad117-c96c-4b0a-94e1-be69227939d8
b0e71aaf-65b7-4e76-a8f6-4573dd427d8d,2025-11-11 17:21:02.000000,user40,SAP,modify,1076,441.24,ae1f4c59-d458-4323-b11d-7ce9f333c176,920122da-e289-430a-b71d-9e93b1e58ef1
0c0eb513-7915-4a49-b357-1d384123de92,2025-11-11 17:36:14.000000,user35,SAP,view,699,350.31,67712484-49d2-42d2-a46d-ef10e808f100,
3a41e15c-9254-4af2-8902-9a0a856bfac2,2025-11-11 17:47:30.000000,user11,Databricks,modify,1337,361.7,5d30201d-713c-4398-b1f6-d809d4eecd31,f9e09b5f-7cb7-4acd-8fd4-7743eec96089
56f10a40-f254-49a7-947f-0b62eccf6364,2025-11-11 17:51:41.000000,user21,Jira,upload,1116,444.81,2d67605e-30be-4365-a4b8-0ddbb8b433b5,977d04d1-e85b-4b15-b742-03fad1963760
fe7cdabd-7e06-4230-9116-720abea354ae,2025-11-11 18:26:25.000000,user38,GitHub,download,2658,305.61,92d935fb-2a67-4429-b650-907ba1e6caed,686e402f-2c5e-4eff-9f38-0baa456ee85f
91997ed0-00b4-4739-a92e-24ba7ea919bc,2025-11-11 18:31:10.000000,user21,Workday,modify,1095,162.82,15b58dcf-bc16-4856-b6c2-6020bd6b2636,bedc6714-0861-44e0-86e6-7ecd1c17790d
a0d71cda-938f-4fb8-b324-959374b28404,2025-11-11 18:33:49.000000,user17,Jira,modify,261,426.2,2d9700a5-f6e8-4de9-8293-a214958aa2c1,
ed984695-bd00-49b0-ad81-365e478a8513,2025-11-11 18:41:17.000000,user35,Salesforce,modify,910,314.68,67712484-49d2-42d2-a46d-ef10e808f100,
e180b64d-22f9-4749-9e7b-db96bab584af,2025-11-11 19:01:56.000000,user21,Workday,view,3061,453.97,2d67605e-30be-4365-a4b8-0ddbb8b433b5,9f750530-56b5-46a3-abeb-3924a38bce0b
6152d459-aa55-439b-b10f-2514a5e9c834,2025-11-11 19:15:49.000000,user40,Databricks,download,731,400.06,ae1f4c59-d458-4323-b11d-7ce9f333c176,920122da-e289-430a-b71d-9e93b1e58ef1
e7665662-6d69-4871-8732-59514f83053d,2025-11-11 19:43:06.000000,user38,Databricks,download,740,127.34,92d935fb-2a67-4429-b650-907ba1e6caed,3aef07c2-c775-41fd-b9b2-cdf12b9d4a94
f035aa07-656c-413f-9e92-fd48be2ae699,2025-11-11 19:44:12.000000,user39,GitHub,download,2657,145.12,833c3e9f-f490-4171-b299-1c2472b6d1f7,
69f66376-3308-4bbd-a4e5-85e6b0663179,2025-11-11 19:51:55.000000,user21,Snowflake,view,604,126.25,15b58dcf-bc16-4856-b6c2-6020bd6b2636,
ec15e83b-0cec-4148-830f-7f9277d60b1c,2025-11-11 19:59:55.000000,user40,Workday,view,507,131.64,ae1f4c59-d458-4323-b11d-7ce9f333c176,7c760b54-bb9c-41b1-a426-85e28481171a
1883dc17-647c-4e5e-8b74-299012912d85,2025-11-11 20:04:50.000000,user21,Jira,modify,2845,448.94,15b58dcf-bc16-4856-b6c2-6020bd6b2636,
0fe675ab-9c65-473d-b28e-6dcd32998b89,2025-11-11 20:48:19.000000,user21,Databricks,download,2221,320.34,15b58dcf-bc16-4856-b6c2-6020bd6b2636,
5eaa6b8e-c2b9-4cf6-a864-9b860a394058,2025-11-11 20:56:45.000000,user40,Databricks,modify,1522,230.23,ae1f4c59-d458-4323-b11d-7ce9f333c176,6d69470a-ac7a-452b-9bda-077b61264b5e
a78a2254-d8fa-4703-aa56-cdf4ad8ba445,2025-11-11 21:25:38.000000,user11,Workday,download,1202,267.32,5d30201d-713c-4398-b1f6-d809d4eecd31,423c984e-e471-41d8-9520-6c2b9048f7f0
d6276011-b588-4dc1-8a67-af8db12078de,2025-11-11 21:36:05.000000,user40,Jira,download,1022,375.23,b4f36f71-f262-4acb-8b32-f5cbbc5b6a23,
e377e651-dfa7-45e4-8bcd-88d728612b99,2025-11-11 21:39:27.000000,user38,GitHub,upload,2696,38.57,92d935fb-2a67-4429-b650-907ba1e6caed,20c02a7b-356e-45af-8e98-9c8f5131fba2
b05b37aa-021d-45cd-819b-cfd1f589393d,2025-11-11 22:19:39.000000,user17,GitHub,view,796,455.27,83525a5d-fb50-423a-9c4f-ce57891d1086,53eb2470-ba66-4ff5-9bf3-a6036ab5abb3
b1d698b1-dabb-4ecf-949d-244eaec0d594,2025-11-11 22:23:54.000000,user17,Jira,download,710,394.73,2d9700a5-f6e8-4de9-8293-a214958aa2c1,76b29193-7a56-4586-9e41-d463eef47b78
87925ca2-e92f-4a33-b23e-46786a5f232f,2025-11-11 22:27:33.000000,user21,Databricks,upload,3598,145.95,2d67605e-30be-4365-a4b8-0ddbb8b433b5,
7e65bec9-5a5f-403b-878c-0a11bb8da406,2025-11-11 22:29:55.000000,user42,GitHub,view,598,363.85,726f1f27-7cd4-4fd4-a8ee-a68e30a3dff0,
db898623-403b-411c-b00a-239c49772a4b,2025-11-11 22:35:35.000000,user18,Jira,download,3046,371.98,3828ba81-0e74-4aea-a992-b292b128f45f,8f61fdd4-fe02-4396-b8e2-2e51a4f54b94
b8f3bb5c-a450-484c-8cb5-41cc9a80a1d0,2025-11-11 22:36:55.000000,user38,GitHub,modify,3528,2.05,92d935fb-2a67-4429-b650-907ba1e6caed,
e33c4d5d-0e19-497b-aae7-1bc4c22286bf,2025-11-11 22:58:19.000000,user17,SAP,modify,2499,39.64,2d9700a5-f6e8-4de9-8293-a214958aa2c1,7da284e1-50c0-4acb-a50e-f58b3cf62ddd
29679aa9-8459-4908-9d46-71019673916d,2025-11-11 23:22:44.000000,user40,Workday,view,2155,456.52,b4f36f71-f262-4acb-8b32-f5cbbc5b6a23,6d69470a-ac7a-452b-9bda-077b61264b5e
113adec0-e4f4-4d31-aa8c-2eafce7dfe4d,2025-11-12 00:02:08.000000,user39,SAP,upload,765,428.29,833c3e9f-f490-4171-b299-1c2472b6d1f7,
1dc2378d-cb39-40fd-aa92-86a8370000f5,2025-11-12 00:03:29.000000,user38,SAP,download,1564,382.57,92d935fb-2a67-4429-b650-907ba1e6caed,512bf92f-6267-44c7-a87d-c925b6a92065
8bbb91f6-1955-4e0f-8ef9-7138f41d8a31,2025-11-12 00:03:45.000000,user39,Salesforce,view,1533,38.22,833c3e9f-f490-4171-b299-1c2472b6d1f7,b76ee81f-d21f-489a-a81f-04e7f0f8ed31
eddd0403-395e-4933-84a6-1bbeb6a16ae7,2025-11-12 00:18:59.000000,user15,Snowflake,upload,3463,135.57,6b5fcf28-78c1-4c8f-b690-c35adca67867,8a2a3a6d-56fb-4952-a8a5-7a3c4b9bdc9d
d7f576b6-7d3f-4c9c-acd0-3be9d825db6e,2025-11-12 00:25:39.000000,user40,Jira,view,1463,291.07,b4f36f71-f262-4acb-8b32-f5cbbc5b6a23,7c760b54-bb9c-41b1-a426-85e28481171a
f0564f50-735f-4d38-be70-d6ec58c6e648,2025-11-12 00:28:58.000000,user15,Salesforce,upload,607,186.59,6b5fcf28-78c1-4c8f-b690-c35adca67867,8c1cb549-a7fe-44b9-8249-4e7132700781
8bcbb7b7-aa84-41d5-852e-a7d018184393,2025-11-12 01:35:36.000000,user21,Databricks,upload,872,372.64,15b58dcf-bc16-4856-b6c2-6020bd6b2636,
935044ee-dfa7-4203-8f5f-adc0491d3ad0,2025-11-12 01:49:11.000000,user15,Databricks,view,2299,196.16,6b5fcf28-78c1-4c8f-b690-c35adca67867,71ba483e-4317-420c-a13e-33f3a27365eb
68bf5487-664f-4342-a44d-9b42227a349c,2025-11-12 01:57:40.000000,user17,Salesforce,download,3262,497.52,83525a5d-fb50-423a-9c4f-ce57891d1086,b2829cec-79f6-400a-9348-e3ae096c7fda
e02a93ab-4c23-44a7-92bd-cc4c9fa4be49,2025-11-12 02:00:08.000000,user40,SAP,view,1610,169.74,b4f36f71-f262-4acb-8b32-f5cbbc5b6a23,
9c5c4574-a6a8-4b38-a08c-d9c909495c17,2025-11-12 03:27:26.000000,user13,GitHub,view,3295,86.54,b9ae17fa-f592-4854-87c9-b9258f2b9a26,
5b336e75-c4a3-4bb2-a224-729e45178458,2025-11-12 03:32:48.000000,user18,Databricks,download,724,124.1,a787fcf2-1501-4f37-88ef-a7577393c7e8,f38102bb-8bb9-4b69-a4b2-02fd7f386f54
d0d41637-0a67-42f3-bdfa-dbbd3ea6b591,2025-11-12 03:36:39.000000,user39,SAP,download,2887,218.97,c6c630c7-1c84-450d-a8f3-0329958f00ac,36d7039c-c2e1-431f-8738-4480b46025b3
6e47c0d3-165f-40ba-a83c-62bafdc4d64c,2025-11-12 03:49:11.000000,user13,Databricks,download,706,331.98,b9ae17fa-f592-4854-87c9-b9258f2b9a26,35785ccd-3d5d-4130-a2f7-2b857d6d8e1e
00fa8e20-d2df-4196-a106-53c7d3703bd9,2025-11-12 04:13:06.000000,user39,Salesforce,download,2733,410.58,c6c630c7-1c84-450d-a8f3-0329958f00ac,80ea0568-78e6-4828-90da-ac0949949351
b4bf7a18-1409-4080-8fb2-78384d98803e,2025-11-12 04:41:55.000000,user18,Workday,upload,3060,299.89,a787fcf2-1501-4f37-88ef-a7577393c7e8,
63d672a0-c165-4d9a-83d7-f448249eb42a,2025-11-12 05:18:28.000000,user12,Salesforce,view,1326,3.22,f3608e2c-fd78-4b46-bc64-5e976336f17b,
e1ec7066-e62b-42fc-a23b-7a73ff7d274d,2025-11-12 05:22:55.000000,user12,Databricks,view,998,171.16,f3608e2c-fd78-4b46-bc64-5e976336f17b,
8efcb49f-c9d1-4a22-be33-96c3a67f696e,2025-11-12 05:23:34.000000,user39,Snowflake,view,1541,293.73,c6c630c7-1c84-450d-a8f3-0329958f00ac,e18255b7-adda-4d71-bcd9-c13a84578893
3a922352-0d0d-4cbf-8302-7d7d5597ea92,2025-11-12 05:33:00.000000,user15,Jira,upload,701,17.18,6b5fcf28-78c1-4c8f-b690-c35adca67867,
4db8e54e-68ed-4b77-a836-7fc3a295a76b,2025-11-12 05:42:33.000000,user20,SAP,modify,1382,38.95,5c151179-c68e-4b7e-8917-62c017a1d15a,4e5f8157-56bd-42e6-be82-b61ecdfb666c
27c28a71-f068-4966-94df-07e90f6cf984,2025-11-12 05:55:53.000000,user20,Workday,download,3158,365.22,5c151179-c68e-4b7e-8917-62c017a1d15a,0e4fff21-48ce-4fe6-8b49-eaff3a4b88f7
88955206-ef34-473a-87c3-19effe17b9d5,2025-11-12 06:45:27.000000,user13,GitHub,view,2186,12.65,b9ae17fa-f592-4854-87c9-b9258f2b9a26,a7bb8abf-21dc-4449-b9eb-8cf684f1ec46
01298b5b-b52e-454e-bfce-3b559b30532f,2025-11-12 06:56:26.000000,user20,SAP,upload,1747,229.52,f9a1796a-6e37-48c3-b967-0975ebdf6aaa,
97901466-2d53-469b-97ca-aab2a3fe78d2,2025-11-12 06:57:39.000000,user39,Databricks,download,1846,217.84,c6c630c7-1c84-450d-a8f3-0329958f00ac,b1c18527-d93c-4378-8f93-369e1aad8338
fb97ca6c-10a8-4171-b765-8f1e425dc728,2025-11-12 07:16:06.000000,user21,GitHub,modify,886,393.48,a2041511-8c3b-4b31-95b8-9f1b223d9d58,1442b6c8-f6c3-4711-88b0-a33d51a45316
ca55afca-a854-449c-a41d-34d36074b4ee,2025-11-12 07:29:47.000000,user15,Workday,download,2560,302.65,6b5fcf28-78c1-4c8f-b690-c35adca67867,cdc79272-b601-4476-a796-0b32b4656855
5e60e8e6-7915-4c79-839a-dd3b8046e7df,2025-11-12 07:36:45.000000,user6,Databricks,upload,617,208.01,f351c4b3-1161-47a8-85cd-6671516f8bef,29e73c4d-2921-4a3e-b7a3-b8ab3b14a5a0
3d0a823c-b843-4bb5-910c-66b2a10c1208,2025-11-12 07:39:29.000000,user18,Snowflake,upload,2400,184.74,a787fcf2-1501-4f37-88ef-a7577393c7e8,036e548f-bf27-462a-ad96-81ebb02c18da
86882232-f2ef-40c2-a7e3-93ff13ebf590,2025-11-12 07:50:48.000000,user12,SAP,download,1772,358.63,f3608e2c-fd78-4b46-bc64-5e976336f17b,2d32c768-d1fc-45ca-9a91-892ddc7a0dac
b57c7736-7e73-4571-b1e0-969b1a28a577,2025-11-12 07:58:56.000000,user39,SAP,modify,2459,115.58,c6c630c7-1c84-450d-a8f3-0329958f00ac,
aeb4b90a-11f6-47ba-807b-88df34538a1d,2025-11-12 08:37:56.000000,user6,Workday,download,1566,353.01,f351c4b3-1161-47a8-85cd-6671516f8bef,aba79c4c-2f79-46cb-b4f0-20ffda880963
10f3d1be-538a-4619-aeef-9045eaabdf6d,2025-11-12 08:47:32.000000,user20,SAP,download,2822,463.34,5c151179-c68e-4b7e-8917-62c017a1d15a,0e4fff21-48ce-4fe6-8b49-eaff3a4b88f7
322f64ef-947d-4143-9dc2-5b8e63e98dfe,2025-11-12 09:10:32.000000,user35,Jira,view,3325,442.27,d15e1f55-b705-4462-a723-966b5a7f6672,d320074d-1f8d-4a8d-9be0-5d38efb2846e
e62c35ed-9eee-47d4-949d-141210c616c8,2025-11-12 09:10:44.000000,user20,GitHub,modify,1407,79.58,5c151179-c68e-4b7e-8917-62c017a1d15a,0e4fff21-48ce-4fe6-8b49-eaff3a4b88f7
01e1030f-d36b-4718-a10f-2cbcfdd4cc4b,2025-11-12 09:17:29.000000,user21,Databricks,view,3388,112.81,a2041511-8c3b-4b31-95b8-9f1b223d9d58,2264efba-5781-4db7-a183-b63bad14b142
3045efdb-44f6-42fc-bb95-efd15d8c897e,2025-11-12 09:19:19.000000,user20,Snowflake,view,2732,246.4,f9a1796a-6e37-48c3-b967-0975ebdf6aaa,
0be0224b-fbf8-4448-bcf7-40158b6f9450,2025-11-12 09:19:39.000000,user1,SAP,view,158,290.6,5f077e76-f829-4266-891e-dc41ec901faa,
14e88385-8a5e-48ed-868b-f6c2ceba3263,2025-11-12 09:50:01.000000,user6,Jira,view,1309,66.29,f351c4b3-1161-47a8-85cd-6671516f8bef,69bcda38-b872-4376-a01f-6ba49da86ce3
54902c90-246b-4b9e-8fce-24b911168a4c,2025-11-12 09:53:09.000000,user6,Snowflake,view,2324,131.85,f351c4b3-1161-47a8-85cd-6671516f8bef,88dd69ee-eba2-462a-b055-8079846c2b0e
32d70a18-caab-4a00-bb59-4c9164c7fe46,2025-11-12 10:11:08.000000,user12,Workday,modify,2203,178.43,f3608e2c-fd78-4b46-bc64-5e976336f17b,6aabf794-05b9-4c48-8442-99139fc97c81
2a0f4607-1fe7-48f8-8df3-39a2c900d553,2025-11-12 10:26:50.000000,user13,GitHub,upload,279,251.35,b9ae17fa-f592-4854-87c9-b9258f2b9a26,35785ccd-3d5d-4130-a2f7-2b857d6d8e1e
7af878dc-5199-4638-acae-6d983232065c,2025-11-12 10:27:20.000000,user20,Jira,modify,2020,437.87,5c151179-c68e-4b7e-8917-62c017a1d15a,
c34f731e-a519-4840-a6e3-fb00cc439d3c,2025-11-12 10:36:19.000000,user12,GitHub,upload,2800,234.53,f3608e2c-fd78-4b46-bc64-5e976336f17b,6aabf794-05b9-4c48-8442-99139fc97c81
42ba6c3f-0827-4b70-89c3-8265bcd781da,2025-11-12 10:40:03.000000,user10,Databricks,download,2586,102.96,5a9f5724-9cf0-4bfc-b739-4a90dc1c6d18,
4520b96c-e2d2-4549-bb59-9abb4af55a7d,2025-11-12 11:04:26.000000,user1,GitHub,download,1576,156.26,5f077e76-f829-4266-891e-dc41ec901faa,
335cc002-00c0-46df-8794-2da05d93568b,2025-11-12 11:53:57.000000,user1,SAP,upload,857,179.76,5f077e76-f829-4266-891e-dc41ec901faa,
defffede-d289-47a6-9c6e-67c25c4f44e0,2025-11-12 12:03:39.000000,user1,Databricks,upload,2095,56.3,5f077e76-f829-4266-891e-dc41ec901faa,5ec3fbb0-8551-48bd-bbae-aa6d14c5f1ff
0cd9ef3e-d29f-450a-9bcf-4e15ebeff6af,2025-11-12 12:06:56.000000,user29,Salesforce,modify,2729,110.04,b41800f9-72ab-42db-a80a-e0fc0b657dde,
15427132-3bff-4992-9aaf-0957e5fe0fef,2025-11-12 12:12:12.000000,user35,Salesforce,upload,1053,210.4,d15e1f55-b705-4462-a723-966b5a7f6672,d320074d-1f8d-4a8d-9be0-5d38efb2846e
6c937736-91bf-45e9-8bcc-d9c5aee2be53,2025-11-12 12:18:09.000000,user35,Databricks,modify,280,252.8,d15e1f55-b705-4462-a723-966b5a7f6672,2a2d79d2-328f-41ac-8589-0f41afa0160b
f5bd4f5e-fa91-493e-8a97-0ac5606f5416,2025-11-12 12:40:12.000000,user1,Jira,download,3237,232.42,5f077e76-f829-4266-891e-dc41ec901faa,d37e9283-0c58-4092-beb7-9a53f76fd15f
6c9bda97-6fca-4262-9aa7-b2aac7420246,2025-11-12 12:42:32.000000,user21,Workday,download,2442,376.01,a2041511-8c3b-4b31-95b8-9f1b223d9d58,0e082e8b-b6fe-4b3e-beca-4feaeba7651d
dad57224-680f-4595-a058-feb0b04f5f08,2025-11-12 13:10:10.000000,user29,Jira,modify,2165,90.6,b41800f9-72ab-42db-a80a-e0fc0b657dde,abf2f8a5-ad48-48c7-84c1-ca097da1e4c4
c4d7634b-9166-43d0-a0f4-99f40a4f9838,2025-11-12 13:31:48.000000,user6,Databricks,upload,313,353.88,f351c4b3-1161-47a8-85cd-6671516f8bef,69bcda38-b872-4376-a01f-6ba49da86ce3
482b493c-5d28-41c1-b78c-3984572e68e0,2025-11-12 13:52:29.000000,user48,GitHub,view,1932,12.4,452c4035-ccca-479a-9eaf-419efa4307c7,f949d0a6-c40b-494c-94b7-3019fd43fb52
a9d830d0-f3cc-47de-8f29-e30f3c956891,2025-11-12 14:18:28.000000,user35,Snowflake,modify,1960,455.39,d15e1f55-b705-4462-a723-966b5a7f6672,
28340941-dbd4-4a07-ad5f-7827d5f92d11,2025-11-12 14:57:20.000000,user48,Databricks,upload,2810,372.86,452c4035-ccca-479a-9eaf-419efa4307c7,a23b2ad0-3d00-4e8b-9291-7d88fa66a870
3f77bb9e-0bd5-4b9b-b4b7-d5fe7c66663c,2025-11-12 15:26:31.000000,user29,Snowflake,upload,606,12.19,b41800f9-72ab-42db-a80a-e0fc0b657dde,abf2f8a5-ad48-48c7-84c1-ca097da1e4c4
ab5633d7-2bb8-4870-bae5-39bce7227a7f,2025-11-12 15:49:52.000000,user29,Jira,view,312,264.08,b41800f9-72ab-42db-a80a-e0fc0b657dde,abf2f8a5-ad48-48c7-84c1-ca097da1e4c4
01021cc3-bdc2-4d3d-a36e-37b1f757c65c,2025-11-12 16:07:23.000000,user35,Snowflake,modify,2802,8.93,d15e1f55-b705-4462-a723-966b5a7f6672,
b3c2595c-9d02-4f1d-a13a-2ffb481a940c,2025-11-12 16:37:13.000000,user48,Salesforce,modify,817,345.88,452c4035-ccca-479a-9eaf-419efa4307c7,a23b2ad0-3d00-4e8b-9291-7d88fa66a870
6f645eae-c365-4e53-af00-6a7660ef129c,2025-11-12 16:52:50.000000,user27,Workday,download,88,193.37,b276a9ac-a734-4c17-ab72-d34a669d7eee,1f68baa5-53ee-4992-838e-2c30cac2725a
97544bab-d3ea-46aa-be7f-1a32793e7022,2025-11-12 17:09:47.000000,user27,GitHub,view,3087,412.62,b276a9ac-a734-4c17-ab72-d34a669d7eee,
08e42b83-e351-47c6-aec0-fb6f857ecbab,2025-11-12 17:23:02.000000,user27,Jira,download,673,54.57,b276a9ac-a734-4c17-ab72-d34a669d7eee,
da1b02a5-8048-4d62-95ff-aa9a88e7625f,2025-11-12 18:25:29.000000,user27,Salesforce,modify,3039,494.38,b276a9ac-a734-4c17-ab72-d34a669d7eee,
18adbdad-a504-4904-ae2f-238e4158095c,2025-11-12 18:26:44.000000,user13,Salesforce,modify,1889,231.59,52ea2585-2db8-4fe7-8465-9f6c0fcf6b72,a7bb8abf-21dc-4449-b9eb-8cf684f1ec46
be6624fc-146c-4f33-9397-41dda5bb3d97,2025-11-12 18:49:15.000000,user10,Salesforce,view,3098,353.73,fcc4ca78-a6c1-411f-85bf-247c26dbb647,ea7f6af8-61a2-4fb6-9abb-6afd54021b8c
2b1d404e-ae5b-4179-8e03-156b6e0b5ab2,2025-11-12 19:12:18.000000,user44,Salesforce,upload,2203,493.2,ff89ff19-2d67-4d3f-b398-5a39e931d237,813dc41d-86e7-4d70-9829-f1465deb894c
9f247ce8-fd96-4f17-8673-68080b06800e,2025-11-12 19:15:37.000000,user17,GitHub,download,721,173.09,b4eac803-45ff-4663-be48-cf925fa46a54,b2829cec-79f6-400a-9348-e3ae096c7fda
6d8c2286-4490-4d1d-9acd-020c0d3faf86,2025-11-12 20:13:02.000000,user46,Salesforce,view,264,398.93,3f72c9d9-8baf-410a-97c8-d88c2e83d3af,
c6d3dee1-c832-4d67-9769-b5d26f332dfd,2025-11-12 20:37:27.000000,user5,Workday,view,2086,294.37,90b0d029-eb61-4b72-812b-f00887d5836b,658bc845-297b-4b04-9018-4421a3ee93bd
52b8fb30-9b6c-4350-ac10-656c7970ffcd,2025-11-12 20:49:10.000000,user17,Jira,modify,253,87.96,b4eac803-45ff-4663-be48-cf925fa46a54,b2829cec-79f6-400a-9348-e3ae096c7fda
f8912338-34a8-44e0-985a-723780da0b48,2025-11-12 21:02:21.000000,user5,SAP,modify,1764,245.56,90b0d029-eb61-4b72-812b-f00887d5836b,658bc845-297b-4b04-9018-4421a3ee93bd
02631bd2-702c-4b13-9713-9e53b718195e,2025-11-12 21:26:27.000000,user10,Workday,download,2059,269.63,fcc4ca78-a6c1-411f-85bf-247c26dbb647,f2d14631-b12e-49fd-83e8-fa374b411ccd
a02e64fb-81d5-45a1-8dff-827165a12c3a,2025-11-12 22:00:33.000000,user46,Snowflake,modify,463,207.39,3f72c9d9-8baf-410a-97c8-d88c2e83d3af,87929e36-fbe5-4efe-bf31-308ec7a3f55e
9cd14a5a-b2e2-40a0-a767-b43a7b8a68c4,2025-11-12 22:37:50.000000,user46,Jira,view,3424,317.99,3f72c9d9-8baf-410a-97c8-d88c2e83d3af,87929e36-fbe5-4efe-bf31-308ec7a3f55e
e9f137cd-9be3-4d5b-a576-b246a2a8d699,2025-11-12 22:53:09.000000,user34,GitHub,download,1355,421.67,5f7b8357-8b15-4189-bb17-b52460fe9e7f,d9d3c543-c613-4ed5-ae94-38df532eaf29
e99740b4-de4b-4d21-8b83-a47e6d119260,2025-11-12 23:23:05.000000,user10,SAP,upload,1252,216.85,fcc4ca78-a6c1-411f-85bf-247c26dbb647,aac94f2a-168d-450a-b0b2-177011aa9c99
334bd2f1-b16f-416c-ad78-de624dc06f02,2025-11-12 23:33:15.000000,user10,Salesforce,upload,3430,302.07,fcc4ca78-a6c1-411f-85bf-247c26dbb647,
61124edd-008a-487f-bafa-c49cd9cdae39,2025-11-13 01:03:17.000000,user10,Workday,view,153,129.66,fcc4ca78-a6c1-411f-85bf-247c26dbb647,b020f5ef-0f58-4e3a-ac57-33b8d9bd22c7
32e4f9e1-94fa-477a-b047-562c3f8efe19,2025-11-13 01:14:02.000000,user5,GitHub,view,541,446.75,90b0d029-eb61-4b72-812b-f00887d5836b,627a33b3-a898-4454-9dad-d3d837b17540
ccc199d2-eac6-4324-b8fc-dc6aa0dd8ab2,2025-11-13 01:17:37.000000,user23,SAP,modify,3590,63.63,777975ad-71ed-4c46-85d1-f4907ba11f86,7178f43c-59c7-4c7b-ab22-b62b34b9a955
54af0e3e-235d-4d39-b6c6-edb845538653,2025-11-13 01:32:43.000000,user11,SAP,view,1429,284.77,d05fb7eb-3e12-4d20-ba1a-499f2fa71db7,f9e09b5f-7cb7-4acd-8fd4-7743eec96089
2c5d7277-c012-44b5-891e-49f2ed36e029,2025-11-13 02:21:38.000000,user16,Salesforce,download,3493,369.8,f2657dab-81e3-4117-a651-064aeb1a63a0,dbf03ca5-fe48-4ef0-a270-10ad7b9d0b03
9746250b-51ed-4d3d-b337-21769518f06e,2025-11-13 02:24:40.000000,user23,GitHub,download,2804,208.78,777975ad-71ed-4c46-85d1-f4907ba11f86,a9513a1f-b06e-4185-9ff8-5245cacdfbbb
e3a2d1fe-baa7-48a6-ae56-54fcf2ed69ee,2025-11-13 02:24:43.000000,user11,Databricks,modify,1098,453.24,d05fb7eb-3e12-4d20-ba1a-499f2fa71db7,b6818fc6-5371-4bc5-92be-7aa3cd1765a9
a002effb-28e9-4f20-b7b3-a4e419340579,2025-11-13 02:44:32.000000,user11,Snowflake,view,927,104.32,d05fb7eb-3e12-4d20-ba1a-499f2fa71db7,f9e09b5f-7cb7-4acd-8fd4-7743eec96089
46026769-c58a-454e-aebe-c25e805c99fd,2025-11-13 03:08:37.000000,user11,Snowflake,modify,1752,467.18,d05fb7eb-3e12-4d20-ba1a-499f2fa71db7,423c984e-e471-41d8-9520-6c2b9048f7f0
f87c3146-7762-4f3c-8b75-5f102d18e0d2,2025-11-13 03:15:42.000000,user23,Jira,upload,399,479.78,777975ad-71ed-4c46-85d1-f4907ba11f86,
f8b200f3-a1c4-4db8-9f89-096c13be1706,2025-11-13 04:07:37.000000,user34,Jira,modify,3314,342.93,5f7b8357-8b15-4189-bb17-b52460fe9e7f,42643768-1052-4048-8a66-9cba91088789
87c8a27a-39e3-4e7f-a312-5273056cd0ae,2025-11-13 04:09:08.000000,user5,Jira,download,874,320.95,54ea867a-63bf-4172-80ba-53f77562bc40,484016ce-7d8c-41f2-8210-b3481061a88a
c058ca39-1e3e-4573-b12d-bc0289023133,2025-11-13 04:09:44.000000,user21,Salesforce,download,305,297.14,d4b6bc1c-072f-47b7-9779-89af70ffc60e,1442b6c8-f6c3-4711-88b0-a33d51a45316
53588e17-8c83-4e7a-adb2-757c34658665,2025-11-13 04:10:26.000000,user21,Jira,modify,769,381.2,c5eeadb4-e6e8-448a-83d5-8cf320f71a33,
5f328959-8cf4-459e-bb33-5680bc9385c0,2025-11-13 04:14:23.000000,user39,Workday,download,3059,99.9,6691b151-3a8d-4b7c-a846-d9537ac28c02,abb9c09f-2db4-4dc3-86f7-f3124393d59b
a1ec0ce9-2492-4a5d-be16-1e83a829a935,2025-11-13 04:20:26.000000,user23,Salesforce,view,1453,179.93,777975ad-71ed-4c46-85d1-f4907ba11f86,a9513a1f-b06e-4185-9ff8-5245cacdfbbb
5098e41b-5da0-431d-8275-5c1291267bd9,2025-11-13 05:10:42.000000,user31,Salesforce,view,483,244.44,c1cc426c-ff4d-4493-9a4b-226469e39e05,f08634f1-d84e-4db9-85f2-283d0c58861f
527caf4d-979e-431b-842e-9f3616378136,2025-11-13 05:48:45.000000,user31,Workday,view,2367,412.92,c1cc426c-ff4d-4493-9a4b-226469e39e05,
99402a42-42ac-41eb-83c9-3cd310ee9a09,2025-11-13 06:02:06.000000,user23,SAP,download,1277,432.57,a3ed3fbd-ca11-480f-93af-234e2e32c2f0,7178f43c-59c7-4c7b-ab22-b62b34b9a955
0dfeb278-e717-40e0-8c32-fc1e94b70433,2025-11-13 06:31:24.000000,user30,GitHub,modify,2690,483.92,6a7bc898-0528-41ca-8c31-5473516c3db8,608b40df-7c5c-4a8c-8d06-e61f2d2befb1
789891ae-6279-4098-a588-30813ee14a3d,2025-11-13 06:33:01.000000,user39,SAP,download,2404,243.56,6691b151-3a8d-4b7c-a846-d9537ac28c02,
4ac3a190-7921-4066-baf4-39674dc5814b,2025-11-13 06:40:27.000000,user39,Snowflake,upload,693,247.84,6691b151-3a8d-4b7c-a846-d9537ac28c02,b76ee81f-d21f-489a-a81f-04e7f0f8ed31
27caddae-2276-4bbc-ae82-e2a114ae1382,2025-11-13 07:15:13.000000,user5,Jira,upload,710,383.41,54ea867a-63bf-4172-80ba-53f77562bc40,484016ce-7d8c-41f2-8210-b3481061a88a
39d95512-faf9-4bb3-b591-190bf02355ab,2025-11-13 07:41:28.000000,user23,Snowflake,upload,64,419.21,a3ed3fbd-ca11-480f-93af-234e2e32c2f0,
b5cd4270-cc15-4312-870b-1b06e0badf74,2025-11-13 08:20:32.000000,user23,Databricks,modify,3253,171.43,a3ed3fbd-ca11-480f-93af-234e2e32c2f0,a9513a1f-b06e-4185-9ff8-5245cacdfbbb
b93d191e-858b-4880-8c2f-7cb5fb429d60,2025-11-13 08:23:32.000000,user9,Jira,view,2967,87.34,a1144c9b-f9f8-4ba5-972e-b5aefed8d6ed,de5fb309-9dc5-4c64-bc9c-874004667d3b
be4d3f4e-ec6c-406f-b896-b28544fa843d,2025-11-13 08:38:08.000000,user23,Snowflake,modify,3449,487.82,a3ed3fbd-ca11-480f-93af-234e2e32c2f0,7178f43c-59c7-4c7b-ab22-b62b34b9a955
eed2b984-2a6d-4285-9cd7-412fac46531f,2025-11-13 08:45:51.000000,user30,SAP,upload,1996,88.42,6a7bc898-0528-41ca-8c31-5473516c3db8,a74ca85e-b5fe-4711-933d-8c4567480df5
619c0098-6bed-4f92-9aa2-2aeb4040dff6,2025-11-13 09:19:24.000000,user13,Snowflake,modify,253,185.21,0a634dfa-ef6f-4837-b7b2-d28b53f038a1,a7bb8abf-21dc-4449-b9eb-8cf684f1ec46
64896e1d-f2c6-4642-b2a7-1b02c8e07ff9,2025-11-13 09:30:28.000000,user30,Snowflake,modify,2641,196.26,6a7bc898-0528-41ca-8c31-5473516c3db8,608b40df-7c5c-4a8c-8d06-e61f2d2befb1
ee7d02e7-ff1f-4de1-9bad-541f0c87d5fc,2025-11-13 10:01:54.000000,user31,Snowflake,download,3258,75.8,c1cc426c-ff4d-4493-9a4b-226469e39e05,f08634f1-d84e-4db9-85f2-283d0c58861f
df46848a-bbd8-4b56-ae0c-000f5e23d9cb,2025-11-13 10:37:05.000000,user31,Databricks,modify,47,470.7,c1cc426c-ff4d-4493-9a4b-226469e39e05,980e07e4-d144-4108-ba59-fa5c2a10374a
39567839-42ae-47a4-85b1-b0f2654f412e,2025-11-13 11:20:13.000000,user23,Jira,modify,105,109.78,a3ed3fbd-ca11-480f-93af-234e2e32c2f0,7178f43c-59c7-4c7b-ab22-b62b34b9a955
eab12ad4-19eb-4444-a326-9c8a21128363,2025-11-13 11:26:25.000000,user9,SAP,view,2733,101.23,a1144c9b-f9f8-4ba5-972e-b5aefed8d6ed,f7f082aa-22ff-4499-b8de-2910f5c99df9
e002f806-a8bd-49c5-99c1-82c720696efd,2025-11-13 11:28:53.000000,user11,Workday,upload,2100,333.43,8fb2780d-e08e-476f-972d-e6a8c1250067,
ad508bdd-2974-499a-a084-4190ddb62463,2025-11-13 11:48:21.000000,user31,SAP,view,3457,262.56,c1cc426c-ff4d-4493-9a4b-226469e39e05,f08634f1-d84e-4db9-85f2-283d0c58861f
90f7b157-226a-4f3d-b05f-fd4e0bbaccc8,2025-11-13 12:00:15.000000,user15,SAP,view,1373,61.28,5291265e-a43d-4e86-9520-1923eb5b98b4,
f8b46d7d-7000-429e-ab3c-3953339b55e7,2025-11-13 12:55:37.000000,user21,Workday,upload,2411,258.2,348d22eb-f989-43f7-98c0-78bec2229e10,1442b6c8-f6c3-4711-88b0-a33d51a45316
8016fe17-d802-429d-8cfc-1c6f38f82bc7,2025-11-13 12:59:36.000000,user13,Jira,view,545,350.8,0a634dfa-ef6f-4837-b7b2-d28b53f038a1,026f55cc-4f85-45d9-b9f3-ce5cdb78a909
567af285-53f8-465e-93f7-22cc290d0126,2025-11-13 13:13:17.000000,user30,Snowflake,modify,2088,381.29,6a7bc898-0528-41ca-8c31-5473516c3db8,8d6d0b8b-cb73-4338-987c-ae2958e30fdd
8b9d747b-c0e2-4857-8136-cd227b11f454,2025-11-13 13:27:55.000000,user15,GitHub,view,2080,178.41,5291265e-a43d-4e86-9520-1923eb5b98b4,671f84c6-52ba-4269-9b2f-9b87faef5ea2
3796d722-be89-4879-a519-60976a3125d3,2025-11-13 14:20:37.000000,user9,Workday,modify,2039,181.25,a1144c9b-f9f8-4ba5-972e-b5aefed8d6ed,285b9f7c-851c-43d9-98c4-a29939c3551a
a3e55f24-7059-4f86-96db-8e9c5fe2e1a5,2025-11-13 15:09:45.000000,user13,SAP,upload,1728,226.36,0a634dfa-ef6f-4837-b7b2-d28b53f038a1,b9349ebe-c64f-4f7b-b904-619d33710410
841881ad-e0f1-457a-9a0e-1e42ae010f92,2025-11-13 15:48:28.000000,user15,Jira,upload,2382,45.54,5291265e-a43d-4e86-9520-1923eb5b98b4,cdc79272-b601-4476-a796-0b32b4656855
6130507d-ad09-4013-8d20-b3ce75578e4c,2025-11-13 17:09:52.000000,user21,Salesforce,upload,2779,115.64,3c29eadc-fb2e-478f-9a84-9ae5bcd3d5a3,977d04d1-e85b-4b15-b742-03fad1963760
78650c14-9ce3-4572-9af1-f26c35d4530e,2025-11-13 17:11:52.000000,user21,Jira,view,1825,68.77,3c29eadc-fb2e-478f-9a84-9ae5bcd3d5a3,
b15eb31e-eda6-4f28-a185-251dc17632bd,2025-11-13 17:42:49.000000,user25,Databricks,upload,3201,125.86,15cafe48-1857-403e-92f8-7760f8148cb8,d734d354-b970-4907-98e7-dc8af18d2176
1a797784-44f7-4ec0-b09d-9b19fea71b2e,2025-11-13 17:44:22.000000,user15,Salesforce,modify,2109,251.89,5291265e-a43d-4e86-9520-1923eb5b98b4,
4514d3ba-b572-42e1-b20b-bbb820ea4b38,2025-11-13 17:47:50.000000,user21,Databricks,view,3136,456.57,3c29eadc-fb2e-478f-9a84-9ae5bcd3d5a3,
2572cc35-3580-45df-b559-67d6ef2ae11e,2025-11-13 18:18:45.000000,user43,Salesforce,download,1435,313.04,ef456e52-6fb5-481b-a050-5e44c969cf14,
580413e3-0500-41a1-9e84-10bad1100478,2025-11-13 18:27:41.000000,user5,Workday,download,854,300.92,fb66d236-f659-4263-9fae-4b0512b96212,484016ce-7d8c-41f2-8210-b3481061a88a
1a5f6cd5-ccf1-4c6e-a0de-7d15879b2b7f,2025-11-13 18:28:38.000000,user43,Snowflake,upload,386,77.96,2ce90e52-5246-4761-b19b-0dfbb5636a96,ab46a1b3-faa6-482d-9df1-3989e8a221f4
730a786f-3a17-4b2f-8b4c-c98f6ef21f95,2025-11-13 18:50:34.000000,user5,Salesforce,view,2448,473.19,fb66d236-f659-4263-9fae-4b0512b96212,627a33b3-a898-4454-9dad-d3d837b17540
5ccaecf5-4914-4e1d-adfe-c93182e57a37,2025-11-13 19:01:08.000000,user24,Databricks,modify,2910,473.39,aa7e190d-49cf-455d-8bf0-b7db6da49555,
276afb4d-5ef1-45bf-ac4d-572690c06c48,2025-11-13 19:31:24.000000,user24,Workday,modify,2334,153.16,aa7e190d-49cf-455d-8bf0-b7db6da49555,765a447d-23f3-420f-8ccc-869682af644d
247c1feb-2012-4e64-b4d9-810e38dfb7fb,2025-11-13 19:35:31.000000,user25,Jira,upload,1752,242.02,15cafe48-1857-403e-92f8-7760f8148cb8,
fa350a07-3d91-4f41-917e-6119f1818455,2025-11-13 19:38:50.000000,user2,Snowflake,download,888,260.01,a21c8578-277d-4370-ba96-b5419304c7bd,c7eb3396-3b92-48f5-a887-07c4ee0ae05f
dd08efcc-2174-4e6f-8ec9-53bb670d490d,2025-11-13 20:19:04.000000,user43,Workday,download,344,361.19,ef456e52-6fb5-481b-a050-5e44c969cf14,7962a4f2-0143-4d08-910b-9e5b6038413e
85ec9499-e3e3-4b22-bb19-e5fb8abd3ed7,2025-11-13 20:23:13.000000,user2,Salesforce,download,3178,366.92,a21c8578-277d-4370-ba96-b5419304c7bd,
48193e61-aed5-4642-8fb6-42bb43e55401,2025-11-13 20:45:12.000000,user26,SAP,upload,2711,396.68,acf2ff27-0147-40c8-b358-a0dcd8ac6a07,d593038b-c884-4eb3-9ba7-b886d14d7c2e
cef86e42-43e5-4417-bff7-0ac329e44e7b,2025-11-13 20:45:50.000000,user35,Snowflake,modify,469,287.61,7c486d8e-6bbc-4175-9c23-ce5f9d52cdd4,40fefd57-3cd7-4653-a99d-171e8fd22b3e
38353523-92c4-43cb-b89d-59499e70a29e,2025-11-13 21:00:03.000000,user24,Jira,download,3467,173.84,aa7e190d-49cf-455d-8bf0-b7db6da49555,447457ba-81ba-4e71-8e51-e332a723b1c9
127c936e-1e73-4c54-a0b0-6f29b0f1b322,2025-11-13 21:13:42.000000,user24,SAP,upload,2719,135.18,aa7e190d-49cf-455d-8bf0-b7db6da49555,94dc5986-9103-43e5-8dd1-0dcd4aeddcf9
ebb91c24-9168-49cb-a012-429c5f827d1d,2025-11-13 21:15:45.000000,user5,Salesforce,download,3086,483.49,fb66d236-f659-4263-9fae-4b0512b96212,484016ce-7d8c-41f2-8210-b3481061a88a
2ff58e8b-82f4-40e8-9337-991e367f9afc,2025-11-13 21:25:54.000000,user43,Databricks,upload,3062,429.33,ef456e52-6fb5-481b-a050-5e44c969cf14,
37568387-ba1a-4c28-a6b9-efcc5f4aa63f,2025-11-13 21:26:27.000000,user25,Jira,modify,1844,82.78,15cafe48-1857-403e-92f8-7760f8148cb8,d734d354-b970-4907-98e7-dc8af18d2176
ddbdf0d4-ed24-4959-bd8e-a862a4ad3fe4,2025-11-13 21:38:19.000000,user23,Databricks,modify,1760,419.72,a32d735f-28da-4f6a-acb2-bb439eae48df,7178f43c-59c7-4c7b-ab22-b62b34b9a955
5e79964b-84c2-4845-bfc7-3343ae7a587b,2025-11-13 21:44:31.000000,user25,GitHub,download,2730,428.7,15cafe48-1857-403e-92f8-7760f8148cb8,c1433c5b-09f3-4c09-9e21-ed18bd950db6
57f82835-a238-4e99-9126-2cb88db37825,2025-11-13 21:54:00.000000,user43,Workday,upload,3129,295.99,2ce90e52-5246-4761-b19b-0dfbb5636a96,c5c37446-11e2-4d7b-abff-646ac3e1856e
deda32c4-feb1-44f6-8d1e-1fc3cb558b7a,2025-11-13 22:01:06.000000,user25,Workday,modify,2442,204.61,15cafe48-1857-403e-92f8-7760f8148cb8,
cc58dad2-89e6-46e9-a551-626dc831c5aa,2025-11-13 22:13:37.000000,user26,Snowflake,view,2417,328.45,acf2ff27-0147-40c8-b358-a0dcd8ac6a07,043a7bd6-8544-453b-a3d9-ea0e83ed065a
0f70c5a8-a4cc-47c7-afe7-d2f9da68dd06,2025-11-13 22:26:57.000000,user23,Jira,view,2841,17.3,a32d735f-28da-4f6a-acb2-bb439eae48df,a9513a1f-b06e-4185-9ff8-5245cacdfbbb
98640857-0092-492c-895c-18af3f084eb7,2025-11-13 22:41:23.000000,user35,Workday,modify,3389,287.3,7c486d8e-6bbc-4175-9c23-ce5f9d52cdd4,
f425fb9f-f40c-41a6-8c6a-ff9decdb0427,2025-11-13 22:48:50.000000,user35,SAP,upload,3013,248.58,7c486d8e-6bbc-4175-9c23-ce5f9d52cdd4,2a2d79d2-328f-41ac-8589-0f41afa0160b
e5c9c790-21a1-47b3-b1c6-0a2e9d6374af,2025-11-13 22:58:26.000000,user21,SAP,modify,2285,469.97,3c29eadc-fb2e-478f-9a84-9ae5bcd3d5a3,894a8cad-be5e-40a8-b5b2-579ba04398eb
6fb272c0-20ff-4dce-8862-477e22e9583a,2025-11-13 23:19:10.000000,user43,Salesforce,modify,610,473.1,2ce90e52-5246-4761-b19b-0dfbb5636a96,38324122-0408-4a40-b1f0-448e99912f04
3d1161d1-5363-47a5-86cd-3f05d1cbb8ac,2025-11-13 23:32:00.000000,user12,Snowflake,view,2886,184.38,6334aa62-94bd-42b7-a5eb-c805e28f6377,
7886229f-aa91-4a9d-948a-d4474278f5c4,2025-11-13 23:58:08.000000,user2,Workday,view,3223,147.65,a21c8578-277d-4370-ba96-b5419304c7bd,c7eb3396-3b92-48f5-a887-07c4ee0ae05f
63450d4d-ed5b-4e10-9c94-776064eff2f9,2025-11-14 00:41:37.000000,user5,Salesforce,download,2216,63.13,fb66d236-f659-4263-9fae-4b0512b96212,484016ce-7d8c-41f2-8210-b3481061a88a
6b1e9afe-db63-4993-87c6-7544be513bdb,2025-11-14 01:52:07.000000,user26,Salesforce,modify,617,55.5,acf2ff27-0147-40c8-b358-a0dcd8ac6a07,043a7bd6-8544-453b-a3d9-ea0e83ed065a
244fef85-6891-462a-9b61-149f5328b4a4,2025-11-14 03:59:02.000000,user10,Workday,modify,1314,282.79,04f0918c-947f-4cbf-813b-bc193f819e6e,30f8db48-b936-4be4-bb40-c5a55095e394
5a8dff72-d6bf-46d7-8dc4-f020b51c844c,2025-11-14 04:27:18.000000,user27,Snowflake,download,3435,83.49,4afaccdf-4ae8-46a5-8a59-44c4494434ca,e5384566-98b3-4cc3-8e0b-1cebf9a109d1
c61094de-09e2-4ff5-a883-8dd2fe89f55a,2025-11-14 04:39:09.000000,user20,SAP,download,2920,5.25,4ff904eb-c512-41ec-a949-c35d65cd1ee9,2d739fb0-5a1b-4bc7-ab27-6a1a2921319d
5cee2bf3-4038-4dd6-b546-2ec39e032674,2025-11-14 04:50:18.000000,user10,Workday,view,2396,147.61,04f0918c-947f-4cbf-813b-bc193f819e6e,2090defb-2e0b-42d6-8ae8-5789cd5e86a2
46600c1c-2921-49cc-8baa-20666426df88,2025-11-14 05:05:20.000000,user20,Snowflake,view,2121,99.08,4ff904eb-c512-41ec-a949-c35d65cd1ee9,2d739fb0-5a1b-4bc7-ab27-6a1a2921319d
fd7dafd9-fe8c-4128-bcec-16bcd8f25018,2025-11-14 05:38:55.000000,user20,Salesforce,view,2286,163.53,4ff904eb-c512-41ec-a949-c35d65cd1ee9,
0e8aad4b-894e-4231-90c6-c1e23c2e3975,2025-11-14 05:52:50.000000,user27,Salesforce,view,3014,341.94,4afaccdf-4ae8-46a5-8a59-44c4494434ca,
5f100374-6646-43e3-aace-a1bc350df490,2025-11-14 05:58:54.000000,user20,Databricks,modify,48,236.49,4ff904eb-c512-41ec-a949-c35d65cd1ee9,
9b34ed5f-6807-4734-b4fd-08155cbad547,2025-11-14 06:47:36.000000,user2,Workday,view,962,30.48,d271e515-d792-4ef8-b3f5-6e435478c9b6,427ec365-2dd6-43e8-93ed-27d35e02f876
ab6dbf68-d6be-4659-b261-25e8b5c8a7f5,2025-11-14 06:49:07.000000,user27,Workday,view,857,390.77,4afaccdf-4ae8-46a5-8a59-44c4494434ca,e5384566-98b3-4cc3-8e0b-1cebf9a109d1
fa98bf2a-d8d6-4de1-a58b-1f3ee18f0364,2025-11-14 07:06:10.000000,user15,Snowflake,view,3358,235.48,22cceb4f-09f9-4a4b-bdea-46fb4e66965a,
2ce66db3-72a5-4f9b-a8ea-9894d8316cc1,2025-11-14 07:06:49.000000,user27,Databricks,download,2812,209.95,4afaccdf-4ae8-46a5-8a59-44c4494434ca,
2d623f17-b9d4-4703-8cca-17e59c6b27da,2025-11-14 07:33:48.000000,user2,GitHub,download,1135,17.71,d271e515-d792-4ef8-b3f5-6e435478c9b6,90672cc9-0c56-43c3-b6f7-5a239bf8219c
ab9227cc-e12a-4ddb-949f-e30e1fec9090,2025-11-14 07:45:39.000000,user27,Databricks,download,2283,109.72,4afaccdf-4ae8-46a5-8a59-44c4494434ca,3784c12c-d0dc-42cc-a3cc-41d4ecccc21a
79f0943d-1657-445a-824b-4a8ace1a9052,2025-11-14 07:45:54.000000,user6,Snowflake,modify,2094,367.88,c6487e24-3e9e-46eb-b116-4c552b030e25,aba79c4c-2f79-46cb-b4f0-20ffda880963
faf0f06a-6bda-42e8-b0c8-fd56e344e9eb,2025-11-14 07:46:02.000000,user6,GitHub,download,241,125.06,c6487e24-3e9e-46eb-b116-4c552b030e25,88dd69ee-eba2-462a-b055-8079846c2b0e
4001944c-5847-49a4-af66-4c7113d4b9c5,2025-11-14 07:48:57.000000,user23,GitHub,download,2055,496.6,277903cf-03aa-4588-a6ea-c2774ce1e734,a9513a1f-b06e-4185-9ff8-5245cacdfbbb
498d64a3-efb2-4dcc-b2f0-c7bcd4057782,2025-11-14 07:49:57.000000,user6,Databricks,upload,1807,162.48,c6487e24-3e9e-46eb-b116-4c552b030e25,
e79072e9-5448-4499-8b3b-b9f15875bc59,2025-11-14 08:05:09.000000,user23,Snowflake,view,1318,368.17,277903cf-03aa-4588-a6ea-c2774ce1e734,
a6e7b907-ec9c-4140-b800-ef0557275cb6,2025-11-14 08:22:27.000000,user44,Workday,upload,2806,405.63,afcfd774-c1c0-46a7-82ef-8f9c63ec5caf,3be1af86-db4e-4bd9-ac89-72d47abbc4ee
631ded47-aa1e-4652-8dd2-a4e8ff005a42,2025-11-14 08:50:52.000000,user15,Workday,download,1692,421.27,22cceb4f-09f9-4a4b-bdea-46fb4e66965a,cdc79272-b601-4476-a796-0b32b4656855
9b926609-2293-4701-966c-8d625c226951,2025-11-14 09:30:25.000000,user35,Workday,modify,2959,464.91,4bb947e9-c311-4312-8e7a-32716ee19572,148b7787-e0e3-4eed-a4e3-7cd86ffbed1f
a6388dc4-faa2-484d-ac7e-4b0beb016ba4,2025-11-14 09:35:02.000000,user2,Snowflake,modify,1120,380.05,d271e515-d792-4ef8-b3f5-6e435478c9b6,90672cc9-0c56-43c3-b6f7-5a239bf8219c
1403a905-8381-4663-b56f-53d20e797c4a,2025-11-14 10:43:32.000000,user2,Databricks,view,886,209.41,d271e515-d792-4ef8-b3f5-6e435478c9b6,427ec365-2dd6-43e8-93ed-27d35e02f876
9c91d0ea-97b8-421e-bcbc-41b511ef4d7f,2025-11-14 10:59:33.000000,user44,GitHub,download,1982,474.06,afcfd774-c1c0-46a7-82ef-8f9c63ec5caf,79ae3bbe-b92e-49d0-a39b-f202ab802785
ce6d8272-bfe2-4c27-a2b3-b2d81f2d8517,2025-11-14 11:13:30.000000,user46,Jira,view,1418,39.49,bc5a109f-89c5-4d89-8f13-0bd8158c97a4,87929e36-fbe5-4efe-bf31-308ec7a3f55e
e909a360-1aee-4add-93d6-1cbf92865ec5,2025-11-14 11:28:22.000000,user23,Workday,modify,2255,432.44,277903cf-03aa-4588-a6ea-c2774ce1e734,
e053049f-ffbc-4b4e-9ae5-87702ef832cc,2025-11-14 11:58:41.000000,user23,Databricks,download,2711,421.97,277903cf-03aa-4588-a6ea-c2774ce1e734,a9513a1f-b06e-4185-9ff8-5245cacdfbbb
35de8be2-964e-47e3-b916-6a69d9346b98,2025-11-14 12:37:50.000000,user23,SAP,view,3373,260.79,277903cf-03aa-4588-a6ea-c2774ce1e734,7178f43c-59c7-4c7b-ab22-b62b34b9a955
c883c78b-8815-419a-b3d3-1167a9b13177,2025-11-14 12:47:10.000000,user44,Jira,upload,1429,375.57,afcfd774-c1c0-46a7-82ef-8f9c63ec5caf,
dbee9614-d73d-4ad2-b329-6aca36aabb0c,2025-11-14 12:54:58.000000,user24,GitHub,view,3191,397.3,ca8bddbc-cba4-4ae5-bbf9-4e3280e2a014,94dc5986-9103-43e5-8dd1-0dcd4aeddcf9
11c00653-abfc-481b-85a5-6f0933e3200d,2025-11-14 13:06:37.000000,user44,GitHub,modify,1883,178.84,afcfd774-c1c0-46a7-82ef-8f9c63ec5caf,3be1af86-db4e-4bd9-ac89-72d47abbc4ee
8a9a817c-8def-49b7-a702-ee5179c3d08e,2025-11-14 13:11:34.000000,user24,Salesforce,modify,533,398.47,ca8bddbc-cba4-4ae5-bbf9-4e3280e2a014,765a447d-23f3-420f-8ccc-869682af644d
fda5e999-db67-4943-ad4d-74371437eee5,2025-11-14 13:58:05.000000,user20,Snowflake,upload,3166,2.8,c07ae197-bb9e-432f-b209-db5ef03110e2,2d739fb0-5a1b-4bc7-ab27-6a1a2921319d
09fb6a97-99ea-4a78-831a-4ad3ea7e0c43,2025-11-14 14:35:15.000000,user20,Snowflake,modify,679,253.04,c07ae197-bb9e-432f-b209-db5ef03110e2,2d739fb0-5a1b-4bc7-ab27-6a1a2921319d
57ec3991-1f60-4230-b079-358a42689401,2025-11-14 14:44:51.000000,user46,GitHub,download,860,344.39,bc5a109f-89c5-4d89-8f13-0bd8158c97a4,
f2a4c27f-a8f6-4b65-b7f6-05d03af4f659,2025-11-14 14:48:50.000000,user34,Snowflake,download,737,425.37,7bdcb410-6f0a-499f-bdc8-dc9527336001,42643768-1052-4048-8a66-9cba91088789
5c374bdc-66a5-43c8-b863-18291baa93b9,2025-11-14 14:57:22.000000,user34,Snowflake,modify,893,11.12,7bdcb410-6f0a-499f-bdc8-dc9527336001,3ac165a1-f758-47a8-abad-67d7d05a4792
ace13546-92dd-4016-b426-9107df3fc174,2025-11-14 15:04:51.000000,user35,Jira,modify,2223,272.41,4bb947e9-c311-4312-8e7a-32716ee19572,2a2d79d2-328f-41ac-8589-0f41afa0160b
7d410781-6470-4af2-83e0-268a3f198434,2025-11-14 15:16:49.000000,user20,Salesforce,download,1505,222.07,c07ae197-bb9e-432f-b209-db5ef03110e2,
996f2c94-e4ee-4395-8cb9-e0223c8d0d8b,2025-11-14 15:43:35.000000,user46,Databricks,upload,2584,485.81,bc5a109f-89c5-4d89-8f13-0bd8158c97a4,aa7e2cc4-be86-4748-a5e4-51c8bf7091f8
f66ebd0d-a99f-4030-8f4b-c59234b60e88,2025-11-14 15:45:18.000000,user20,GitHub,view,3484,270.04,c07ae197-bb9e-432f-b209-db5ef03110e2,4e5f8157-56bd-42e6-be82-b61ecdfb666c
7c52dd1f-408a-450f-b7ae-4f1bcb94bf71,2025-11-14 16:00:15.000000,user35,GitHub,modify,1930,45.25,4bb947e9-c311-4312-8e7a-32716ee19572,2a2d79d2-328f-41ac-8589-0f41afa0160b
d61f4cde-f2c8-499a-90cf-ccb2475213d4,2025-11-14 16:23:51.000000,user20,SAP,upload,3597,306.57,c07ae197-bb9e-432f-b209-db5ef03110e2,4e5f8157-56bd-42e6-be82-b61ecdfb666c
514f8c0f-6bc2-4239-852c-29dc6a00808c,2025-11-14 16:34:14.000000,user24,Jira,download,3110,435.26,ca8bddbc-cba4-4ae5-bbf9-4e3280e2a014,447457ba-81ba-4e71-8e51-e332a723b1c9
996c7077-3a14-444f-85e8-f89eea7f690f,2025-11-14 16:45:13.000000,user34,GitHub,download,1226,480.25,7bdcb410-6f0a-499f-bdc8-dc9527336001,
9bd90014-cc7f-4d52-bca1-43505f1323aa,2025-11-14 16:53:11.000000,user35,Snowflake,view,1620,206.61,519303bf-1127-4008-a18e-d89ba28a1e48,d320074d-1f8d-4a8d-9be0-5d38efb2846e
59925ffc-0c4e-43c9-b578-9568d0f2dd96,2025-11-14 17:15:26.000000,user24,SAP,upload,2001,209.57,ca8bddbc-cba4-4ae5-bbf9-4e3280e2a014,a46d2d5d-dd50-4174-8f65-4fb724b0ddad
b1d5f5d5-1c94-4515-a803-f4891d7775d8,2025-11-14 17:54:57.000000,user10,Snowflake,upload,1745,295.98,96db71af-1279-4ce4-b55e-3902cd3aa388,aac94f2a-168d-450a-b0b2-177011aa9c99
541c992e-e244-4457-91a5-301bb068b4a8,2025-11-14 17:57:27.000000,user35,Databricks,modify,2901,445.38,519303bf-1127-4008-a18e-d89ba28a1e48,d320074d-1f8d-4a8d-9be0-5d38efb2846e
39766500-f2cc-4654-a895-1c472dc74481,2025-11-14 18:05:41.000000,user10,SAP,view,3060,330.25,96db71af-1279-4ce4-b55e-3902cd3aa388,aac94f2a-168d-450a-b0b2-177011aa9c99
b2d7523e-610e-4c19-bc89-7a406ffeec34,2025-11-14 18:15:23.000000,user6,Workday,view,3581,469.58,1bae4f43-0742-44c3-b7b8-0dbca7b77856,aba79c4c-2f79-46cb-b4f0-20ffda880963
4fca829b-eb20-4c4e-948c-bc47f82acc83,2025-11-14 18:50:11.000000,user24,SAP,download,130,105.35,ca8bddbc-cba4-4ae5-bbf9-4e3280e2a014,05ab8665-9ba5-4f59-a3a0-ad56b715d38f
6e4a7d6e-632d-4fe2-beb3-cb9038cd4ec8,2025-11-14 19:24:29.000000,user35,Workday,download,1182,285.91,519303bf-1127-4008-a18e-d89ba28a1e48,40fefd57-3cd7-4653-a99d-171e8fd22b3e
87946b05-7ebf-409b-82e5-d689ad07e8c0,2025-11-14 19:39:16.000000,user6,Databricks,upload,3583,366.44,1bae4f43-0742-44c3-b7b8-0dbca7b77856,69bcda38-b872-4376-a01f-6ba49da86ce3
1aa1af86-edcb-45b2-bd63-51a7dc3ec340,2025-11-14 19:55:06.000000,user39,Snowflake,upload,1888,308.05,deafdc87-0e85-43ec-9aad-dc7bbce7a342,b1c18527-d93c-4378-8f93-369e1aad8338
3bc6f993-2862-4c36-b959-9e02702b5cf0,2025-11-14 20:34:53.000000,user34,Salesforce,download,2709,70.5,7bdcb410-6f0a-499f-bdc8-dc9527336001,
6ebdb717-ce5c-44ea-85a9-922e57babd10,2025-11-14 21:03:39.000000,user39,Databricks,upload,1516,418.71,deafdc87-0e85-43ec-9aad-dc7bbce7a342,b1c18527-d93c-4378-8f93-369e1aad8338
d8c51e0d-33e0-4fd6-a6a9-0b88656ce509,2025-11-14 21:05:07.000000,user46,SAP,download,3126,86.6,e638a2ba-fad8-4958-a2bd-288805074647,aa7e2cc4-be86-4748-a5e4-51c8bf7091f8
f21ddc79-fddf-4da5-b6de-669ebd3d9cc5,2025-11-14 21:43:16.000000,user36,GitHub,modify,896,387.32,4c59f899-f59d-4d15-86bd-47655212e54e,
017fe10b-8e41-44e0-ad2a-bd432b4f7bc4,2025-11-14 22:14:41.000000,user46,Workday,view,1917,39.06,e638a2ba-fad8-4958-a2bd-288805074647,87929e36-fbe5-4efe-bf31-308ec7a3f55e
07db0215-b93e-49ee-aaff-73b71cd4ca2a,2025-11-14 22:19:18.000000,user35,GitHub,modify,3546,498.62,519303bf-1127-4008-a18e-d89ba28a1e48,2a2d79d2-328f-41ac-8589-0f41afa0160b
4f9a3560-2194-4891-9916-3aeaedc69554,2025-11-14 23:08:28.000000,user10,Workday,modify,1309,139.45,96db71af-1279-4ce4-b55e-3902cd3aa388,aac94f2a-168d-450a-b0b2-177011aa9c99
aeb8f595-4e42-47ad-aed6-084801b3b8ef,2025-11-14 23:10:04.000000,user10,Salesforce,upload,846,256.05,96db71af-1279-4ce4-b55e-3902cd3aa388,2090defb-2e0b-42d6-8ae8-5789cd5e86a2
de3cac2f-6506-44c6-9e0b-ace29b58dd46,2025-11-14 23:23:31.000000,user46,Snowflake,upload,598,56.22,438a3697-f8bf-4fa7-b017-4507b92ffa8f,aa7e2cc4-be86-4748-a5e4-51c8bf7091f8
b823fdcc-2e18-4e38-8fa0-c863827418f9,2025-11-14 23:29:04.000000,user21,Salesforce,upload,1338,493.39,4f500fef-b613-41ac-b2ce-ee2577d988fc,bedc6714-0861-44e0-86e6-7ecd1c17790d
385ebd29-8c13-4cb4-bfff-a51e023790bd,2025-11-14 23:33:45.000000,user46,SAP,modify,3209,61.91,e638a2ba-fad8-4958-a2bd-288805074647,aa7e2cc4-be86-4748-a5e4-51c8bf7091f8
b33895a0-065c-454f-8801-0513f4d003a8,2025-11-15 00:05:07.000000,user39,SAP,view,2124,156.79,deafdc87-0e85-43ec-9aad-dc7bbce7a342,
f06156ad-595b-4027-ae5e-fd9d872b4342,2025-11-15 00:07:01.000000,user34,Databricks,upload,1648,233.95,9bac87f2-63c5-4e80-a687-6c86e261901a,3ac165a1-f758-47a8-abad-67d7d05a4792
731a19cb-cd83-4076-92c2-25a32f13a93e,2025-11-15 00:08:34.000000,user40,Snowflake,view,1951,79.69,e62c39fa-6ce7-4acc-8afa-7ecef8de3a53,920122da-e289-430a-b71d-9e93b1e58ef1
e0ee9312-226b-4cb7-9f5a-f19b4379ca1d,2025-11-15 00:10:19.000000,user46,Databricks,upload,216,425.67,438a3697-f8bf-4fa7-b017-4507b92ffa8f,87929e36-fbe5-4efe-bf31-308ec7a3f55e
7b944832-79cf-4805-9bdf-1a5ff925e25d,2025-11-15 00:20:10.000000,user34,Databricks,view,1654,101.98,9bac87f2-63c5-4e80-a687-6c86e261901a,3ac165a1-f758-47a8-abad-67d7d05a4792
9794e18b-6d5b-44e2-9667-ff138c99e24b,2025-11-15 00:36:50.000000,user43,SAP,modify,2003,321.54,c1978c08-b186-48f6-a906-08f34737a76d,
907cb9ed-73a3-4768-b912-6dc8a794b2e5,2025-11-15 00:52:19.000000,user18,Databricks,modify,2101,480.18,bc9031c3-f9e3-4e30-8445-64fe0deaf46b,
4175bbf1-c6de-42a2-b9fb-c9592159b5ac,2025-11-15 00:54:07.000000,user39,Databricks,modify,2384,176.65,deafdc87-0e85-43ec-9aad-dc7bbce7a342,
196696ec-9dc6-42ed-aa43-9fbb35703bbc,2025-11-15 00:57:23.000000,user16,GitHub,upload,3042,405.38,1e716eaa-4f0a-4894-be38-58a851d35598,394e941a-eb5b-47f1-9000-384f5851e633
5fe92952-4a6e-4446-9973-43464e7340e4,2025-11-15 01:09:52.000000,user46,Databricks,view,1447,319.71,e638a2ba-fad8-4958-a2bd-288805074647,aa7e2cc4-be86-4748-a5e4-51c8bf7091f8
2b6e42be-af3e-4027-b8b8-f5be3eeb1638,2025-11-15 01:37:33.000000,user30,GitHub,upload,1083,235.79,b59ad770-40dc-4069-98a0-55488eada6de,2219d033-8dcb-456d-ba66-443655cd4e65
7a87d22d-a29c-4d06-b226-33a2847225ad,2025-11-15 01:55:22.000000,user43,Salesforce,download,2653,128.08,c1978c08-b186-48f6-a906-08f34737a76d,ab46a1b3-faa6-482d-9df1-3989e8a221f4
2c338916-bfbd-42ec-8f61-0de9fee9d8fd,2025-11-15 02:44:38.000000,user46,Salesforce,view,522,486.12,438a3697-f8bf-4fa7-b017-4507b92ffa8f,
5069e490-db71-4315-8d24-02e18bceb009,2025-11-15 02:48:52.000000,user18,Jira,upload,2489,199.32,bc9031c3-f9e3-4e30-8445-64fe0deaf46b,1c1057fe-1302-4398-a31e-fd2718487b67
19082847-b11e-4ebd-bb23-5eab79daafe1,2025-11-15 03:14:01.000000,user23,Workday,modify,2449,324.78,b74068fb-5a22-4c3f-8445-ac76b6d244d7,7178f43c-59c7-4c7b-ab22-b62b34b9a955
73d54e18-1e35-4de6-acb7-76a08755e63c,2025-11-15 03:17:14.000000,user46,Jira,download,416,127.04,e638a2ba-fad8-4958-a2bd-288805074647,87929e36-fbe5-4efe-bf31-308ec7a3f55e
dae3200d-898b-49bd-9f26-1895b2496708,2025-11-15 03:24:46.000000,user43,Databricks,upload,3050,262.75,c1978c08-b186-48f6-a906-08f34737a76d,c5c37446-11e2-4d7b-abff-646ac3e1856e
f9a69681-f14b-4b3c-a7e7-007a0649d745,2025-11-15 03:48:28.000000,user47,Workday,modify,1228,377.12,a063efa1-ad62-4369-9c2c-9d989c8f3068,
b0880589-2185-4505-912b-0416694109dd,2025-11-15 03:49:33.000000,user36,Snowflake,download,1460,28.93,4c59f899-f59d-4d15-86bd-47655212e54e,
5cce9bfe-8c0a-4f94-a1a1-89dc9bd5bb32,2025-11-15 03:57:15.000000,user47,Workday,modify,2109,479.15,a063efa1-ad62-4369-9c2c-9d989c8f3068,d6de783a-8c3d-4581-a0e1-683af840b183
b9629b8b-64e1-4068-904c-58a88983844a,2025-11-15 03:59:32.000000,user30,GitHub,view,3118,415.11,b59ad770-40dc-4069-98a0-55488eada6de,
7e300c60-3062-469b-aabf-06a5486b91f6,2025-11-15 04:11:50.000000,user46,Databricks,view,1041,409.35,438a3697-f8bf-4fa7-b017-4507b92ffa8f,87929e36-fbe5-4efe-bf31-308ec7a3f55e
07eb5255-3178-4d94-a922-f507aee26bea,2025-11-15 04:56:38.000000,user1,Workday,modify,76,105.39,3b457fd2-675d-4b2d-b97b-6d18149f265c,5ec3fbb0-8551-48bd-bbae-aa6d14c5f1ff
0780600c-c436-4acf-83b8-dca63f2c8b4d,2025-11-15 05:10:39.000000,user27,SAP,upload,2200,198.67,73eb02d6-3d72-4e96-94da-dc69efa51831,3784c12c-d0dc-42cc-a3cc-41d4ecccc21a
e9fb63b3-469b-4176-be8c-108206ff8192,2025-11-15 05:31:23.000000,user40,Workday,upload,3516,440.94,4a3feb21-e994-43bf-be53-9714ca9a999d,
ebd0cb8c-d5db-41f9-8a7d-6d0ae467c33a,2025-11-15 05:38:43.000000,user46,SAP,modify,1170,375.17,438a3697-f8bf-4fa7-b017-4507b92ffa8f,aa7e2cc4-be86-4748-a5e4-51c8bf7091f8
157390cb-c17b-4202-9d9d-e1a277087f78,2025-11-15 06:06:08.000000,user43,Databricks,download,3537,232.14,1d0490ad-6763-4c18-b6eb-8d8c21885e34,
f1a86683-efe6-44d4-8776-3d874fbe87df,2025-11-15 06:21:22.000000,user40,Snowflake,view,2255,1.78,4a3feb21-e994-43bf-be53-9714ca9a999d,6d69470a-ac7a-452b-9bda-077b61264b5e
1ae1ec66-1383-4815-89a0-9012b0df0c7e,2025-11-15 06:23:15.000000,user22,GitHub,modify,2855,459.1,1f0dd66e-21bd-4dfb-8a89-27d4aa1c5632,51c56aef-2c7e-49ba-96b8-569a16df96b7
18ade48f-b967-4798-95c5-6bc1a51e97a3,2025-11-15 06:42:45.000000,user17,Jira,view,239,259.93,61b9795b-5df3-41dd-b325-c554f1869b19,8fba1cc0-ed98-4402-bf99-afe91cc015ed
3d496b6b-c54d-470d-9195-a03cbec13d0a,2025-11-15 06:43:08.000000,user22,Databricks,download,2519,387.3,1f0dd66e-21bd-4dfb-8a89-27d4aa1c5632,2c49bfdc-1aa5-431d-806e-ac6b4168dfcd
593f8a64-e009-4b32-8166-2a94cc3002df,2025-11-15 07:11:38.000000,user30,SAP,view,1400,292.69,b59ad770-40dc-4069-98a0-55488eada6de,2219d033-8dcb-456d-ba66-443655cd4e65
5424a521-5301-4fd7-acad-aeb9265f4404,2025-11-15 07:22:27.000000,user30,SAP,view,1961,63.31,b59ad770-40dc-4069-98a0-55488eada6de,22c18db3-2d2f-428c-aa16-581eb3f06673
6340db1b-5e44-423b-9aaa-0e80754b96c1,2025-11-15 07:31:46.000000,user40,Snowflake,download,583,110.34,4a3feb21-e994-43bf-be53-9714ca9a999d,920122da-e289-430a-b71d-9e93b1e58ef1
3adf8468-58d4-4953-9c29-0e032024b224,2025-11-15 07:43:25.000000,user27,Workday,modify,1991,147.59,73eb02d6-3d72-4e96-94da-dc69efa51831,
075ea46b-f286-47dc-93bb-bf4b9b0ddb52,2025-11-15 07:47:40.000000,user1,GitHub,modify,1101,417.28,3b457fd2-675d-4b2d-b97b-6d18149f265c,d37e9283-0c58-4092-beb7-9a53f76fd15f
94358376-55dc-46a1-927c-98dc80b4f205,2025-11-15 08:06:01.000000,user22,GitHub,modify,3267,267.21,1f0dd66e-21bd-4dfb-8a89-27d4aa1c5632,2c49bfdc-1aa5-431d-806e-ac6b4168dfcd
ba299721-8442-4117-9624-5767cbeb9d21,2025-11-15 08:12:54.000000,user39,Snowflake,view,2746,101.08,8d78ced0-03a0-4412-a30f-f6fcbfafb2f6,b1c18527-d93c-4378-8f93-369e1aad8338
b63dd51d-9910-4375-beb8-bdaff8ce46ba,2025-11-15 08:28:41.000000,user24,Snowflake,download,1543,205.74,a56a4848-74db-4f3f-b972-dcb5a7ef2a59,447457ba-81ba-4e71-8e51-e332a723b1c9
9d61505d-44b3-45b7-8ce5-f45439579346,2025-11-15 08:29:39.000000,user17,Snowflake,upload,2804,499.69,a2820eab-f027-465c-93c3-5d1119d60b5a,dce39cbb-95e8-469b-8b9c-e096b29989f9
5dadf30e-9bf6-43d9-aff7-b6a170837299,2025-11-15 08:33:19.000000,user1,Databricks,download,1608,443.32,3b457fd2-675d-4b2d-b97b-6d18149f265c,d37e9283-0c58-4092-beb7-9a53f76fd15f
d532a5d7-0e47-406f-a0f9-b913c865d890,2025-11-15 08:37:14.000000,user1,Databricks,view,1780,98.95,3b457fd2-675d-4b2d-b97b-6d18149f265c,5ec3fbb0-8551-48bd-bbae-aa6d14c5f1ff
200c8539-a9fd-490f-a612-4938b979aede,2025-11-15 08:41:51.000000,user30,Databricks,download,2029,86.03,b59ad770-40dc-4069-98a0-55488eada6de,884da6ac-68da-4189-b5d3-b16429db4d3b
7df034b5-b63c-4d4e-876f-8a272d4be272,2025-11-15 08:43:37.000000,user22,GitHub,modify,2409,124.29,1f0dd66e-21bd-4dfb-8a89-27d4aa1c5632,2c49bfdc-1aa5-431d-806e-ac6b4168dfcd
aaf8403b-ffa9-45a3-aaaa-9d190b44f996,2025-11-15 08:49:29.000000,user24,Jira,modify,2423,206.15,a56a4848-74db-4f3f-b972-dcb5a7ef2a59,94dc5986-9103-43e5-8dd1-0dcd4aeddcf9
a7513b71-cb7d-4e11-9fcc-68e3887ef7b5,2025-11-15 09:15:41.000000,user43,Jira,upload,1894,489.16,1d0490ad-6763-4c18-b6eb-8d8c21885e34,
970116c8-82d5-40e9-86b1-873d83ad5ced,2025-11-15 09:21:40.000000,user27,Snowflake,modify,2938,128.84,73eb02d6-3d72-4e96-94da-dc69efa51831,
07c2ed0a-510a-4177-8c9f-499496d0e3c6,2025-11-15 09:36:09.000000,user39,Workday,upload,2385,240.16,8d78ced0-03a0-4412-a30f-f6fcbfafb2f6,b1c18527-d93c-4378-8f93-369e1aad8338
bb4b914f-0311-44c6-8586-047a8ea3a0a1,2025-11-15 09:48:49.000000,user24,Snowflake,download,1309,484.53,a56a4848-74db-4f3f-b972-dcb5a7ef2a59,765a447d-23f3-420f-8ccc-869682af644d
62dca1af-b152-4974-8a36-97c52b01708e,2025-11-15 10:34:02.000000,user43,Databricks,upload,585,370.51,1d0490ad-6763-4c18-b6eb-8d8c21885e34,
94890096-f6a7-4831-a9c8-019183b89318,2025-11-15 10:54:34.000000,user34,Databricks,view,2199,161.11,8ae1cda4-9eff-4f29-917c-356d9b292461,3ac165a1-f758-47a8-abad-67d7d05a4792
ad4e6195-83dd-4325-850b-43ead0854ce1,2025-11-15 11:00:57.000000,user46,Jira,view,625,193.13,2eac5d1b-f499-41aa-bcb9-1de37d695124,87929e36-fbe5-4efe-bf31-308ec7a3f55e
ed1ca166-a5d4-4aa7-aabe-8c74a12477a4,2025-11-15 11:02:16.000000,user39,Salesforce,download,1909,267.47,8d78ced0-03a0-4412-a30f-f6fcbfafb2f6,8af0f73f-c767-4be7-90ec-6e0bae226de1
4b8afd70-a0a6-47d2-96d8-62dfa4717514,2025-11-15 11:13:35.000000,user24,Workday,upload,798,486.99,7ebc6236-753d-4f5b-b7cc-eacb6f525434,
d68f954e-da85-4eb4-b642-381279fd55ff,2025-11-15 11:14:21.000000,user43,GitHub,view,410,42.96,1d0490ad-6763-4c18-b6eb-8d8c21885e34,7962a4f2-0143-4d08-910b-9e5b6038413e
c4338986-2116-432e-9484-1ac904a979bf,2025-11-15 11:21:13.000000,user43,Databricks,modify,2487,403.09,1d0490ad-6763-4c18-b6eb-8d8c21885e34,c5c37446-11e2-4d7b-abff-646ac3e1856e
46652aaf-0a5e-4aef-8244-1693d6091a28,2025-11-15 11:43:45.000000,user46,Snowflake,view,1110,269.48,2eac5d1b-f499-41aa-bcb9-1de37d695124,aa7e2cc4-be86-4748-a5e4-51c8bf7091f8
599d18ac-f6dd-42d1-be98-6cac90402fac,2025-11-15 12:20:12.000000,user17,Snowflake,download,3534,356.99,61b9795b-5df3-41dd-b325-c554f1869b19,8fba1cc0-ed98-4402-bf99-afe91cc015ed
2f91c0ad-ac27-457b-af84-6012063b320c,2025-11-15 13:08:48.000000,user50,Snowflake,upload,525,101.29,5bf8f00e-70b6-4e02-a240-114071ae8601,f3c0d464-4948-4d9f-b157-ad50e7728df2
9b54327d-2347-42f7-b51a-34a316081061,2025-11-15 13:18:28.000000,user17,SAP,download,1315,215.23,61b9795b-5df3-41dd-b325-c554f1869b19,9812fce7-161c-40de-a265-28aedb30a13f
8a5d40a6-107a-4760-b632-2f074d281997,2025-11-15 13:30:54.000000,user17,Salesforce,view,2588,439.71,a2820eab-f027-465c-93c3-5d1119d60b5a,
921d1db9-48cb-4e05-b80d-b6304385cf9c,2025-11-15 13:31:31.000000,user34,Snowflake,download,3395,62.51,8ae1cda4-9eff-4f29-917c-356d9b292461,3ac165a1-f758-47a8-abad-67d7d05a4792
bbfdec42-b0b0-4f54-a614-d97a9751f66d,2025-11-15 13:32:38.000000,user21,SAP,upload,1089,497.45,50703419-4b80-4db8-a657-16c2cc40a271,
c5da82ce-e17b-4882-a432-2b4d6bb4e2da,2025-11-15 13:32:50.000000,user23,Jira,upload,2103,231.83,f19cd1d1-31e0-49cc-b98a-cdc2a23e2700,7178f43c-59c7-4c7b-ab22-b62b34b9a955
bcd21a83-1844-4dcf-a608-843c210f60e9,2025-11-15 13:57:02.000000,user24,Workday,modify,2761,242.67,7ebc6236-753d-4f5b-b7cc-eacb6f525434,a46d2d5d-dd50-4174-8f65-4fb724b0ddad
8dc892e8-48b5-4bbf-9c82-8f6953a7d3c2,2025-11-15 14:19:55.000000,user23,SAP,download,3314,35.11,f19cd1d1-31e0-49cc-b98a-cdc2a23e2700,a9513a1f-b06e-4185-9ff8-5245cacdfbbb
814ba7e8-339d-4747-a13c-3ff3a627685e,2025-11-15 14:34:41.000000,user17,Salesforce,modify,3474,385.33,a2820eab-f027-465c-93c3-5d1119d60b5a,9812fce7-161c-40de-a265-28aedb30a13f
963c63d9-dc31-4d70-96d8-a2ec9bbeaae3,2025-11-15 14:59:25.000000,user24,Jira,upload,1159,223.23,7ebc6236-753d-4f5b-b7cc-eacb6f525434,a46d2d5d-dd50-4174-8f65-4fb724b0ddad
d339b704-8c02-4fe3-acfa-09e98e459bdd,2025-11-15 15:11:54.000000,user24,Salesforce,upload,3098,396.22,a56a4848-74db-4f3f-b972-dcb5a7ef2a59,94dc5986-9103-43e5-8dd1-0dcd4aeddcf9
598519de-3645-44e9-868f-ffa471ba4053,2025-11-15 15:23:19.000000,user17,Jira,download,2128,79.63,0bd0d306-4fdf-4104-a5d9-0899c2347ec9,
2caf867a-c8d0-4d0f-bd09-c30f8cb2dac6,2025-11-15 15:45:32.000000,user36,Jira,upload,634,240.67,57b6a6be-ab06-46a4-b4ef-b01d2a8f777c,c1a356b4-c265-41ff-a1d1-97e34285c574
4bf5614c-b8ff-40db-a427-6bc7a70ccab3,2025-11-15 15:53:24.000000,user21,Databricks,upload,500,398.68,50703419-4b80-4db8-a657-16c2cc40a271,437ca621-0844-4e02-b630-bda24cc27735
09c06f34-ad37-4ef4-9d1e-de66de1210b2,2025-11-15 15:54:20.000000,user17,Workday,upload,2686,83.14,a2820eab-f027-465c-93c3-5d1119d60b5a,799697f9-f559-4b2c-9af8-86f9760cc315
717e8b7e-d035-4ea2-a573-5ca910e3d956,2025-11-15 16:02:50.000000,user24,Jira,download,450,220.1,edbdb44c-f814-48d7-b72a-39684104b4cc,05ab8665-9ba5-4f59-a3a0-ad56b715d38f
9b06c21b-a2fc-4b90-9962-568f1277a376,2025-11-15 16:03:15.000000,user24,SAP,view,1139,375.12,a56a4848-74db-4f3f-b972-dcb5a7ef2a59,94dc5986-9103-43e5-8dd1-0dcd4aeddcf9
1a69fa35-f1fa-44af-bce4-b0128633ec62,2025-11-15 16:10:22.000000,user24,Jira,modify,2362,360.63,62c92923-7e73-4ba5-b8c4-b63a84071c8b,
f95d6096-bced-419e-951f-f106a0f5a845,2025-11-15 16:20:55.000000,user34,SAP,modify,282,353.37,8ae1cda4-9eff-4f29-917c-356d9b292461,3ac165a1-f758-47a8-abad-67d7d05a4792
f75d0ee0-430d-468b-8127-1f05c9131df7,2025-11-15 17:23:49.000000,user24,SAP,view,3290,215.65,7ebc6236-753d-4f5b-b7cc-eacb6f525434,447457ba-81ba-4e71-8e51-e332a723b1c9
d3099ffd-fb93-4737-a3ec-613f25100a0d,2025-11-15 17:43:20.000000,user28,GitHub,modify,2899,10.99,9ee52933-6cab-4222-b18e-fa188f5dd4f6,b8e0d972-ec8c-419e-8823-34ee3bccd0de
478eabc1-00d2-487c-abca-bc4d2982fc88,2025-11-15 17:57:32.000000,user24,Salesforce,upload,828,357.64,7ebc6236-753d-4f5b-b7cc-eacb6f525434,765a447d-23f3-420f-8ccc-869682af644d
7eb7b4f5-2e85-46ad-be84-feddc2c98704,2025-11-15 18:03:38.000000,user17,Jira,modify,2383,34.31,0bd0d306-4fdf-4104-a5d9-0899c2347ec9,9812fce7-161c-40de-a265-28aedb30a13f
42d9e6af-ef8d-4c2c-bec2-431a38a57e08,2025-11-15 19:05:58.000000,user17,Workday,download,171,72.77,0bd0d306-4fdf-4104-a5d9-0899c2347ec9,7da284e1-50c0-4acb-a50e-f58b3cf62ddd
9ffe51f4-c4a6-4291-9a77-ef9b66d38820,2025-11-15 19:28:08.000000,user43,GitHub,upload,287,183.74,e32d4152-8422-407d-8688-dcb9a573ae55,7962a4f2-0143-4d08-910b-9e5b6038413e
e574f5bf-b06c-4317-8973-4435c9e1b739,2025-11-15 19:32:24.000000,user17,GitHub,download,546,168.4,0bd0d306-4fdf-4104-a5d9-0899c2347ec9,1e10a6e9-47dd-47f3-91e5-b5362171ec0e
32206f6f-5814-41ad-854b-85edd538409a,2025-11-15 19:32:52.000000,user6,Databricks,upload,150,351.08,1f2971b7-8493-4ecc-b124-e513a5d5ae65,
35cbc226-a2ef-42a5-8e1e-bd53206691b1,2025-11-15 19:56:26.000000,user39,GitHub,download,2716,87.49,885fd76c-daba-4a82-ac78-b8c4206e0d9e,80ea0568-78e6-4828-90da-ac0949949351
fcefb20f-b3b0-462d-b27d-5365c0263640,2025-11-15 20:06:03.000000,user39,Jira,view,3040,174.54,885fd76c-daba-4a82-ac78-b8c4206e0d9e,8af0f73f-c767-4be7-90ec-6e0bae226de1
1da425f2-a264-4af7-9e94-9d47ebad820b,2025-11-15 20:10:39.000000,user23,Workday,download,3541,279.4,73c6f604-3fbc-4ed0-a272-cfb707f315cd,a9513a1f-b06e-4185-9ff8-5245cacdfbbb
33c03a58-5cba-440d-9154-ef8acdfc812b,2025-11-15 20:38:49.000000,user39,Databricks,modify,1167,79.23,e2c46cc0-7baa-489c-b772-8c538b460cf7,e18255b7-adda-4d71-bcd9-c13a84578893
03bea80d-6bc6-4d7d-8b9b-5e52291293f8,2025-11-15 20:50:32.000000,user10,Salesforce,view,2025,454.32,9627c6b3-6b59-40ac-81f2-fdcda14213d9,743bf1cc-03a4-4c76-ae0b-a979f8653498
86a69a6f-74f9-4df5-b2bf-133bbf48e96e,2025-11-15 21:13:35.000000,user40,Snowflake,upload,639,469.32,19cf1782-6978-431a-896b-68fdb06118dd,920122da-e289-430a-b71d-9e93b1e58ef1
1885a723-a7d5-4d2d-a1e6-2c039b8ad65d,2025-11-15 21:17:45.000000,user24,Snowflake,download,3293,380.78,62c92923-7e73-4ba5-b8c4-b63a84071c8b,
d8dd6c2b-5308-44cd-acb1-7b7f409cb390,2025-11-15 22:00:00.000000,user36,Snowflake,download,2871,454.12,2fd09330-b10b-4939-a079-7ae33a3dddfb,95d5fb1f-855d-4462-bf1b-16438b8fa706
5016f63d-d06b-4abe-a780-375e78b6a2f9,2025-11-15 22:25:25.000000,user39,Snowflake,upload,670,311.82,885fd76c-daba-4a82-ac78-b8c4206e0d9e,
4a6124e8-ab8e-49a0-acb9-07994555a34f,2025-11-15 22:26:05.000000,user6,GitHub,view,2746,406.76,1f2971b7-8493-4ecc-b124-e513a5d5ae65,
ba135f93-99a8-495e-accf-9e1dee8993a1,2025-11-15 22:29:50.000000,user39,Salesforce,download,3297,134.2,885fd76c-daba-4a82-ac78-b8c4206e0d9e,b1c18527-d93c-4378-8f93-369e1aad8338
6cba2155-cfd5-4fc6-87ad-b387e1baf856,2025-11-15 23:25:15.000000,user19,Snowflake,modify,917,142.03,f64cc77e-ce44-4fb5-9556-d9b451b060d2,8bcf9ce9-4768-4c59-aa77-ee47f46f68d6
5da50107-8934-465c-81ef-4f80e12b7f88,2025-11-15 23:28:46.000000,user19,Databricks,upload,2657,259.59,f64cc77e-ce44-4fb5-9556-d9b451b060d2,81726ace-2b2c-4e9a-b784-5726e79da85f
5d4cea55-f4e0-41af-85a4-66881bc0b2a8,2025-11-15 23:31:13.000000,user23,Databricks,view,1393,227.09,73c6f604-3fbc-4ed0-a272-cfb707f315cd,
e0e6066b-4e08-418b-9e03-72fdc6f9799f,2025-11-15 23:38:03.000000,user43,Salesforce,download,2875,476.11,e32d4152-8422-407d-8688-dcb9a573ae55,
443e417e-cacc-4170-aa61-55e3cbdca77b,2025-11-15 23:53:54.000000,user6,Databricks,view,3573,68.4,1f2971b7-8493-4ecc-b124-e513a5d5ae65,
317122c9-c17b-4bbb-bf74-9fe89e5dcb15,2025-11-15 23:58:24.000000,user39,Salesforce,upload,936,168.14,e2c46cc0-7baa-489c-b772-8c538b460cf7,b1c18527-d93c-4378-8f93-369e1aad8338
baa20edd-9c15-4e8e-989b-130110ea16c5,2025-11-15 23:59:49.000000,user18,Jira,download,1828,218.28,b901edc9-a6c9-46a3-bdbc-3832087e9544,
d4df4ee2-1d2a-43fe-b9ea-c0cd8f0863d5,2025-11-16 00:00:08.000000,user19,Snowflake,view,1713,351.13,f64cc77e-ce44-4fb5-9556-d9b451b060d2,
2b46f1f2-a8ce-45db-a913-1952a1093be4,2025-11-16 00:21:04.000000,user43,Workday,download,1039,157.51,e32d4152-8422-407d-8688-dcb9a573ae55,7962a4f2-0143-4d08-910b-9e5b6038413e
b52ef8f5-7a9e-467b-9145-28e80cb0fea5,2025-11-16 00:25:21.000000,user39,Snowflake,download,2283,333.1,e2c46cc0-7baa-489c-b772-8c538b460cf7,b1c18527-d93c-4378-8f93-369e1aad8338
a141e8ae-ac05-4218-9b6f-c243ada249e3,2025-11-16 00:25:33.000000,user23,GitHub,upload,3438,186.77,73c6f604-3fbc-4ed0-a272-cfb707f315cd,a9513a1f-b06e-4185-9ff8-5245cacdfbbb
b760c7f6-fe4d-4731-a070-eaa757dddb9a,2025-11-16 00:53:51.000000,user40,Snowflake,modify,1131,209.02,19cf1782-6978-431a-896b-68fdb06118dd,6d69470a-ac7a-452b-9bda-077b61264b5e
149ff8a1-1c5b-48c5-a8cb-35bfdf92e3d2,2025-11-16 01:43:21.000000,user23,SAP,upload,3081,216.94,f0bf0010-0f0f-42d5-9513-1563cb76ce52,7178f43c-59c7-4c7b-ab22-b62b34b9a955
33f7e546-1f24-4800-9f44-774d143404eb,2025-11-16 02:41:20.000000,user44,Salesforce,download,326,308.1,170d27b2-0a78-43e5-b824-61469ccb0191,813dc41d-86e7-4d70-9829-f1465deb894c
ed870cd7-530a-4691-99aa-0504e55be39e,2025-11-16 02:45:16.000000,user44,Databricks,download,3175,395.67,170d27b2-0a78-43e5-b824-61469ccb0191,3be1af86-db4e-4bd9-ac89-72d47abbc4ee
dcd1ad74-7395-4e9d-a69c-869a4adddecb,2025-11-16 02:58:50.000000,user5,Snowflake,download,3381,404.55,4f6c3fd0-982b-4d83-aed6-a20c3f142434,658bc845-297b-4b04-9018-4421a3ee93bd
7686a2c2-a298-4a56-b24c-986c099fb6b2,2025-11-16 03:02:50.000000,user4,Workday,modify,124,236.41,3053206a-a9db-448f-b283-e1270a47db3b,
bc17d1f2-6f6f-4508-8527-eee624d00e03,2025-11-16 03:12:26.000000,user4,SAP,download,1609,128.08,3053206a-a9db-448f-b283-e1270a47db3b,
905653fd-99f4-4917-880f-ce022ef9c03c,2025-11-16 03:21:28.000000,user18,Salesforce,modify,63,364.19,0d1d7b8b-db50-41d9-af37-46abb7c6f372,
4be69cb2-ebc6-4051-9bc4-f7f5e781c831,2025-11-16 03:39:51.000000,user18,GitHub,view,1380,426.53,0d1d7b8b-db50-41d9-af37-46abb7c6f372,
f808322c-9a85-41e7-94b0-98adf3eea136,2025-11-16 03:45:44.000000,user40,Salesforce,view,2770,34.0,19cf1782-6978-431a-896b-68fdb06118dd,
8936ea45-5feb-458d-ad22-eb373b49f071,2025-11-16 03:53:18.000000,user11,Jira,modify,1124,382.85,988f48ee-d4d1-491f-ac4b-a463c5a6e68a,
55920869-c6ea-46fe-a16b-5d388eb14d15,2025-11-16 03:53:42.000000,user5,Jira,download,3207,129.88,4f6c3fd0-982b-4d83-aed6-a20c3f142434,
6cff75a0-06ce-4cd4-82be-2e3dc029fdec,2025-11-16 03:57:40.000000,user18,Workday,modify,1675,258.15,0d1d7b8b-db50-41d9-af37-46abb7c6f372,a617ba9c-c2bf-40a7-bca0-c69cf7b2b07a
e7a93fdd-5f9b-4ecd-8053-7e302fedb7dd,2025-11-16 04:00:43.000000,user5,SAP,view,688,456.38,4f6c3fd0-982b-4d83-aed6-a20c3f142434,658bc845-297b-4b04-9018-4421a3ee93bd
f5a5edf0-5849-41b2-8d6a-4158f1724948,2025-11-16 04:03:48.000000,user39,Salesforce,upload,2438,167.95,de11e5cd-ae10-4e40-a134-f9396658082e,f82b600c-62a3-4f64-9c2d-ad3207fd722b
d6d36265-3e5c-4ea8-a531-b78914a72a31,2025-11-16 04:53:30.000000,user44,Workday,modify,552,423.58,170d27b2-0a78-43e5-b824-61469ccb0191,813dc41d-86e7-4d70-9829-f1465deb894c
4cc6b05c-d398-4b7f-950e-dc66ad7a44d3,2025-11-16 05:04:53.000000,user44,Snowflake,view,39,54.5,170d27b2-0a78-43e5-b824-61469ccb0191,79ae3bbe-b92e-49d0-a39b-f202ab802785
6b4d91fc-145a-4336-ade5-42b82b65f83f,2025-11-16 05:30:58.000000,user23,GitHub,download,2960,450.85,f0bf0010-0f0f-42d5-9513-1563cb76ce52,
a00598d9-95ea-461e-8358-cea1f422b7e0,2025-11-16 05:48:13.000000,user29,SAP,upload,3367,420.05,ae7b99f0-376f-42e7-a3c0-0e37276a7f6a,abf2f8a5-ad48-48c7-84c1-ca097da1e4c4
cb7c1eae-0722-4a7a-950b-8942e48ac807,2025-11-16 05:51:11.000000,user5,SAP,upload,2348,262.32,4f6c3fd0-982b-4d83-aed6-a20c3f142434,627a33b3-a898-4454-9dad-d3d837b17540
e50c208a-a141-47b6-abfb-be04d9401948,2025-11-16 06:32:13.000000,user19,Workday,view,2629,93.0,f64cc77e-ce44-4fb5-9556-d9b451b060d2,1a4e5c22-8441-45d7-a8bf-8d0bd83588fb
bb07979e-88b3-4e1e-b2a4-ae6be5a7046f,2025-11-16 06:40:18.000000,user4,SAP,upload,808,397.36,3053206a-a9db-448f-b283-e1270a47db3b,a8ce2205-1cce-48ce-a0a6-fd0c382fd4ba
c2583619-127d-4b24-bf72-5d477f8ff6fd,2025-11-16 06:40:49.000000,user19,Salesforce,view,2876,361.13,f64cc77e-ce44-4fb5-9556-d9b451b060d2,d379d841-2571-4487-84cb-60cf215d14df
50e53edb-4239-4bac-9d47-096b887f2d1a,2025-11-16 06:53:02.000000,user31,SAP,upload,1419,317.76,84529506-8f0d-4051-81ad-b4f5c1ad9975,9d319081-fa17-4ebb-9222-6579bbccd83e
d0db6e8e-03b4-4190-a8bf-4a254c74c0b2,2025-11-16 06:54:38.000000,user5,Workday,upload,2425,450.83,4f6c3fd0-982b-4d83-aed6-a20c3f142434,627a33b3-a898-4454-9dad-d3d837b17540
bf9d7618-34aa-42c1-b529-91d88add748b,2025-11-16 07:10:08.000000,user23,Jira,view,3560,289.78,f0bf0010-0f0f-42d5-9513-1563cb76ce52,7178f43c-59c7-4c7b-ab22-b62b34b9a955
ecb0c2e2-1081-446f-8650-bca195091ba4,2025-11-16 07:13:27.000000,user25,SAP,upload,3472,71.24,df577a00-0358-4a6c-b569-7ea38302cfd5,291d2c05-cd99-483a-bba0-0acb49052869
8900cc75-90ee-4480-a181-67005f787d0a,2025-11-16 07:32:19.000000,user4,GitHub,modify,2083,285.34,3053206a-a9db-448f-b283-e1270a47db3b,e9acb8dc-11af-4ad8-94dc-1b6fd2bb69fd
aaca24df-9f7d-4a52-8cb1-eec25be4c59a,2025-11-16 07:33:49.000000,user46,Snowflake,modify,1955,170.89,897d6277-06e8-473b-a24b-4b17d9aad65f,aa7e2cc4-be86-4748-a5e4-51c8bf7091f8
fa691090-48a0-4be6-bccb-e09b317d0c3a,2025-11-16 08:21:28.000000,user19,Databricks,modify,1309,442.37,86ce0f00-0a29-4ab8-9bcf-091d2f3b95ef,368f1022-14ec-4c73-a15d-201287d69868
3f281792-7cc2-4d47-9fbf-616f4392c75d,2025-11-16 08:42:43.000000,user47,Jira,view,894,12.33,71f79644-3c98-4d79-962d-9a0209a7a2e2,779be8b0-ffaa-4ea2-9026-3f735c61170d
c63d782b-920c-4104-ad59-70c0045eaed4,2025-11-16 08:43:25.000000,user4,Snowflake,download,1138,176.5,3053206a-a9db-448f-b283-e1270a47db3b,a8ce2205-1cce-48ce-a0a6-fd0c382fd4ba
dc65bbab-4808-43ec-94a3-e6722dbc9c34,2025-11-16 08:49:58.000000,user24,Workday,upload,2882,124.11,662658e1-269a-4b4a-bd23-23904b85fe0f,
dacccb21-ec94-4e0d-abc6-6b9f7977b5ed,2025-11-16 08:51:57.000000,user46,Databricks,upload,2750,457.77,897d6277-06e8-473b-a24b-4b17d9aad65f,aa7e2cc4-be86-4748-a5e4-51c8bf7091f8
dbd0115c-ba8b-4fd1-97d8-e102023ee735,2025-11-16 09:08:08.000000,user29,GitHub,download,515,252.49,ae7b99f0-376f-42e7-a3c0-0e37276a7f6a,abf2f8a5-ad48-48c7-84c1-ca097da1e4c4
15997693-2385-4f53-ad0d-d42c56de8906,2025-11-16 09:09:16.000000,user46,Jira,download,2849,82.45,897d6277-06e8-473b-a24b-4b17d9aad65f,
a3437b72-b15d-4996-a4d7-89d5b755300c,2025-11-16 09:22:04.000000,user40,Databricks,modify,3044,350.41,ee210193-aa0e-4243-83d4-410a45f8da8d,
349cba02-abe4-4991-be3a-d73a4106afd7,2025-11-16 10:02:50.000000,user31,Workday,view,689,452.64,84529506-8f0d-4051-81ad-b4f5c1ad9975,
d7d32acd-b45a-4a12-960f-10f0417d8665,2025-11-16 10:03:59.000000,user46,Salesforce,modify,92,217.25,897d6277-06e8-473b-a24b-4b17d9aad65f,aa7e2cc4-be86-4748-a5e4-51c8bf7091f8
01dc402c-0393-49db-a66e-e1161f5cf8fb,2025-11-16 10:34:10.000000,user24,Workday,upload,2761,107.56,662658e1-269a-4b4a-bd23-23904b85fe0f,05ab8665-9ba5-4f59-a3a0-ad56b715d38f
e089e175-583a-498b-a56f-8d3209408106,2025-11-16 11:23:50.000000,user29,GitHub,view,2288,116.0,fb372656-46db-4c50-be1e-3450dbd69e09,abf2f8a5-ad48-48c7-84c1-ca097da1e4c4
7f210825-62c2-4ffb-8134-daa442f744e3,2025-11-16 12:29:20.000000,user24,Jira,modify,2340,148.8,662658e1-269a-4b4a-bd23-23904b85fe0f,765a447d-23f3-420f-8ccc-869682af644d
d110fbc0-3104-447d-93f4-b32de84ad541,2025-11-16 12:53:51.000000,user31,Workday,modify,2135,9.86,84529506-8f0d-4051-81ad-b4f5c1ad9975,
aefa0cd4-640e-415c-a55e-632b9d0232ba,2025-11-16 12:57:08.000000,user29,Workday,modify,1644,9.9,fb372656-46db-4c50-be1e-3450dbd69e09,abf2f8a5-ad48-48c7-84c1-ca097da1e4c4
b2ce3ecf-efcb-4656-b930-9e590dc5fc1a,2025-11-16 14:35:55.000000,user29,SAP,download,1949,428.52,fb372656-46db-4c50-be1e-3450dbd69e09,
1dc8d38e-2a30-4e44-8447-ee1e10e8b727,2025-11-16 15:03:42.000000,user29,Workday,view,2948,463.43,fb372656-46db-4c50-be1e-3450dbd69e09,abf2f8a5-ad48-48c7-84c1-ca097da1e4c4
c3109988-d514-4bf1-80dd-64b4002e100c,2025-11-16 15:51:37.000000,user24,Databricks,download,2735,379.44,662658e1-269a-4b4a-bd23-23904b85fe0f,
22c1bf84-84aa-4f58-8d60-9d73f270153a,2025-11-16 16:28:24.000000,user29,Jira,download,3080,129.25,fb372656-46db-4c50-be1e-3450dbd69e09,abf2f8a5-ad48-48c7-84c1-ca097da1e4c4
794ba150-be11-47b3-b3f1-23111e0bb62e,2025-11-16 17:02:15.000000,user46,Databricks,modify,1110,64.95,1aafe01d-10f5-43bf-8fae-49b6c1d7bfa8,
75e535fe-9fde-47ad-bc18-fcc5b372c03a,2025-11-16 19:08:57.000000,user40,Salesforce,modify,2825,295.28,09c4edac-c303-4099-aec1-f565703bd71b,
1c6569e3-ec93-47fe-ba8b-64c6437caaae,2025-11-16 19:17:56.000000,user36,SAP,download,3248,310.82,f851afee-6f97-4942-9e2f-923da04d94dd,c1a356b4-c265-41ff-a1d1-97e34285c574
ac8f9f14-ab11-4ead-9b05-ce711f5cdefe,2025-11-16 19:56:43.000000,user12,Snowflake,modify,2942,189.85,80053b8b-e5f0-4b89-b936-53182940e855,41d0d21f-6bc3-4544-8376-72be45279fa3
248395ad-eed4-4079-b390-03d79bec0857,2025-11-16 20:25:48.000000,user6,Salesforce,download,911,359.07,436d437a-b7c6-4e76-9035-44ace2a696f4,aba79c4c-2f79-46cb-b4f0-20ffda880963
eee42d3c-925a-4f16-bbb0-7cd77c50bf91,2025-11-16 20:44:09.000000,user40,SAP,download,2250,416.26,09c4edac-c303-4099-aec1-f565703bd71b,920122da-e289-430a-b71d-9e93b1e58ef1
27dffe51-cd0f-4b4e-82f2-83130ff24cc6,2025-11-16 20:50:45.000000,user46,Databricks,modify,1359,106.66,1aafe01d-10f5-43bf-8fae-49b6c1d7bfa8,87929e36-fbe5-4efe-bf31-308ec7a3f55e
937cd63b-eeef-49a9-b01b-13170c343ad4,2025-11-16 21:26:15.000000,user12,Databricks,view,2726,402.46,80053b8b-e5f0-4b89-b936-53182940e855,6aabf794-05b9-4c48-8442-99139fc97c81
68509899-6b7b-4e4b-9752-7d436a59d397,2025-11-16 21:56:11.000000,user46,Workday,modify,1897,228.64,1aafe01d-10f5-43bf-8fae-49b6c1d7bfa8,87929e36-fbe5-4efe-bf31-308ec7a3f55e
79129cc5-e207-4c72-9159-74419118acc9,2025-11-16 22:09:44.000000,user12,Databricks,view,438,467.91,80053b8b-e5f0-4b89-b936-53182940e855,
9757442a-3b91-4a32-a59d-9c05cf5bccf3,2025-11-16 22:38:06.000000,user6,SAP,download,2455,475.18,436d437a-b7c6-4e76-9035-44ace2a696f4,88dd69ee-eba2-462a-b055-8079846c2b0e
05c9dfe8-4a9d-45e6-a4dc-292da9ac459c,2025-11-16 23:25:46.000000,user40,SAP,view,645,495.4,09c4edac-c303-4099-aec1-f565703bd71b,6d69470a-ac7a-452b-9bda-077b61264b5e
cd900d69-842b-4a24-91a5-ae6919780806,2025-11-16 23:33:16.000000,user6,Jira,download,2181,332.59,436d437a-b7c6-4e76-9035-44ace2a696f4,
c059fa7d-c833-4150-a6f2-bcd2e91c9670,2025-11-17 00:09:46.000000,user12,Snowflake,view,2947,280.58,89b3aa24-44fc-409b-85e2-c3e510dbeabd,
76e9e1b5-9f9f-40ef-99f5-2eb3014d63c2,2025-11-17 00:41:57.000000,user16,Snowflake,upload,758,252.8,d5b9cf8e-5d75-4b60-9d50-590fd189742e,
1525ea06-1999-48c6-845c-f0a9a96214d0,2025-11-17 00:54:09.000000,user40,GitHub,upload,1861,376.66,09c4edac-c303-4099-aec1-f565703bd71b,6d69470a-ac7a-452b-9bda-077b61264b5e
a2e0ef4d-85f5-49a3-9ae0-09c3e6270971,2025-11-17 02:35:01.000000,user12,Workday,download,3432,177.19,89b3aa24-44fc-409b-85e2-c3e510dbeabd,2d32c768-d1fc-45ca-9a91-892ddc7a0dac
d69c5c05-3ae2-4469-a3ce-ab9047a20f06,2025-11-17 02:35:15.000000,user40,Workday,upload,1922,166.28,09c4edac-c303-4099-aec1-f565703bd71b,3fc68a79-0378-4a04-ad13-338646489999
ae4492ad-ed6c-4603-b1f8-d62d3c704a39,2025-11-17 03:21:05.000000,user40,Salesforce,view,1081,1.5,a41e506c-c0b6-40db-83aa-eed29c6cbd92,920122da-e289-430a-b71d-9e93b1e58ef1
94a3e69d-eda3-4663-85c5-186b23e25fa7,2025-11-17 04:13:01.000000,user11,Workday,view,3259,207.05,db3e077c-dc0f-467e-9293-e050c57cc245,b6818fc6-5371-4bc5-92be-7aa3cd1765a9
dc6deb79-613a-48bd-a0b6-c196fc2eb831,2025-11-17 04:23:43.000000,user37,Workday,view,3086,28.64,267e602d-13a4-4021-b09f-d4d2a71513f9,951ac8f2-d9d9-481a-ae43-df01758bc9a2
eb7e8c88-1934-428e-b872-499522871e8c,2025-11-17 04:31:56.000000,user35,Databricks,modify,1371,116.77,a2add7e2-db2e-44b6-a1e6-32c89a286deb,40fefd57-3cd7-4653-a99d-171e8fd22b3e
1db4d379-1631-4e11-b361-a8b33fff1eda,2025-11-17 04:33:56.000000,user12,Jira,download,2368,211.84,89b3aa24-44fc-409b-85e2-c3e510dbeabd,6aabf794-05b9-4c48-8442-99139fc97c81
0c23af0c-3925-4e8a-9b3f-9ebbc655e151,2025-11-17 04:34:09.000000,user27,Workday,modify,1614,465.19,1d3e6715-7e1c-439d-9ccc-cd2b8e4bcbb5,e5384566-98b3-4cc3-8e0b-1cebf9a109d1
aefefbff-835c-48dc-b8fa-cb74106f5702,2025-11-17 05:06:06.000000,user22,Salesforce,download,666,371.73,0709e9b0-448b-49ce-bcb6-9df575b6627e,2c49bfdc-1aa5-431d-806e-ac6b4168dfcd
90a6871a-fde9-4b07-8ca0-6c9f8a3766d7,2025-11-17 05:07:28.000000,user17,Snowflake,upload,3581,291.76,62f3b693-9d59-4faf-9b11-3e8d5ac8856a,05aad117-c96c-4b0a-94e1-be69227939d8
b09154fc-7716-4f9d-9480-06816741f6bc,2025-11-17 05:10:28.000000,user34,Salesforce,upload,3372,258.62,6c9c9e65-ec19-4a9e-8781-23e8845e37c1,d9d3c543-c613-4ed5-ae94-38df532eaf29
6773b28b-b703-4d57-a897-0a3678aedfa8,2025-11-17 05:24:25.000000,user10,Workday,modify,113,22.95,e2a0204f-4ac2-4240-891f-db37c4018a7a,f2d14631-b12e-49fd-83e8-fa374b411ccd
ea7ad18f-2fad-4609-8cbd-49915de2987f,2025-11-17 05:33:02.000000,user40,Workday,modify,1619,399.78,a41e506c-c0b6-40db-83aa-eed29c6cbd92,
dcb92ec2-1cdc-4b0c-a512-bf331dea6732,2025-11-17 05:44:42.000000,user12,SAP,upload,2611,26.78,89b3aa24-44fc-409b-85e2-c3e510dbeabd,6aabf794-05b9-4c48-8442-99139fc97c81
65739aae-323d-4927-94b4-18b976261638,2025-11-17 05:54:14.000000,user12,Salesforce,download,2811,232.92,89b3aa24-44fc-409b-85e2-c3e510dbeabd,
b65fa9b7-921b-46d6-a78a-cbdeab57f95e,2025-11-17 05:59:27.000000,user34,SAP,upload,2981,346.44,6c9c9e65-ec19-4a9e-8781-23e8845e37c1,
f6d79558-19eb-4496-a7c7-6ca8a3531a75,2025-11-17 06:38:11.000000,user40,Salesforce,upload,3225,318.97,0da7e9d7-b958-46c4-a847-b41b6f7bfa6e,7c760b54-bb9c-41b1-a426-85e28481171a
b717ab33-13e9-4415-b12a-7ffc443be1c5,2025-11-17 06:45:25.000000,user17,Jira,modify,1339,43.82,62f3b693-9d59-4faf-9b11-3e8d5ac8856a,53eb2470-ba66-4ff5-9bf3-a6036ab5abb3
f8c28999-8f30-426e-a966-58dbb849757b,2025-11-17 07:01:31.000000,user17,Workday,view,2748,256.12,62f3b693-9d59-4faf-9b11-3e8d5ac8856a,
4a8f08c0-4abe-4696-a0d7-99c903408b47,2025-11-17 07:07:24.000000,user11,Salesforce,download,3440,334.58,db3e077c-dc0f-467e-9293-e050c57cc245,f9e09b5f-7cb7-4acd-8fd4-7743eec96089
515b2afd-cf28-42d8-b010-d26442933883,2025-11-17 07:15:57.000000,user12,Workday,modify,2718,203.04,5184e44e-8cda-4ca1-9d82-dcace60c86ba,2d32c768-d1fc-45ca-9a91-892ddc7a0dac
7f0286ca-c91b-4be6-b64e-2249d48574e0,2025-11-17 07:29:09.000000,user40,SAP,download,2068,222.69,a41e506c-c0b6-40db-83aa-eed29c6cbd92,920122da-e289-430a-b71d-9e93b1e58ef1
294d499a-149e-458a-bd59-3008cee4efee,2025-11-17 07:32:54.000000,user17,Salesforce,download,1853,49.98,62f3b693-9d59-4faf-9b11-3e8d5ac8856a,
f987f2f6-d7f0-4860-bb50-dc27428e7ccb,2025-11-17 07:42:08.000000,user45,Salesforce,download,781,137.18,453602f3-d102-4eec-8057-5ecf5047e7b8,3db91b1b-ca3a-4f36-bc5b-39054c2e64e9
f73f9b99-fbcf-4e6e-b3f0-c767eab93da7,2025-11-17 07:45:06.000000,user2,Jira,modify,3555,481.07,82b77b76-2361-4b6f-bf0f-60fb8e73b63e,
da418fa4-657b-453d-843e-f2889e081635,2025-11-17 07:48:47.000000,user37,Jira,view,781,340.25,267e602d-13a4-4021-b09f-d4d2a71513f9,2e4e01c1-1b2a-406d-9305-e0fd42b29858
19b5f4ee-46f5-49a5-9ad3-0530eb2f310e,2025-11-17 07:51:13.000000,user11,Jira,view,3104,467.93,db3e077c-dc0f-467e-9293-e050c57cc245,5362b7a8-b5c7-4d77-8476-38ee2d8b5a3d
39c3df13-5da5-4a9a-a021-242d4af4dbcb,2025-11-17 08:50:37.000000,user37,Databricks,upload,3354,231.16,267e602d-13a4-4021-b09f-d4d2a71513f9,2e4e01c1-1b2a-406d-9305-e0fd42b29858
6fbc80e8-1fa7-4c6a-8589-f3f3daca5100,2025-11-17 09:32:41.000000,user11,Salesforce,view,2001,421.34,db3e077c-dc0f-467e-9293-e050c57cc245,
1432150d-e1b0-4f19-ac95-a77f1ed39427,2025-11-17 10:16:07.000000,user40,GitHub,view,877,333.14,a41e506c-c0b6-40db-83aa-eed29c6cbd92,920122da-e289-430a-b71d-9e93b1e58ef1
9c9e1411-b213-4c93-ad3f-d94e2a1882d8,2025-11-17 10:47:33.000000,user2,GitHub,modify,2406,433.88,82b77b76-2361-4b6f-bf0f-60fb8e73b63e,ff332f8f-6db2-4a6a-ba33-f6785f2ab4ad
2e0537cd-791c-4934-b07e-a90ef4879169,2025-11-17 10:55:22.000000,user37,Jira,download,877,160.77,267e602d-13a4-4021-b09f-d4d2a71513f9,
46e185d5-4fb7-4e7a-af35-300beea365e6,2025-11-17 11:06:04.000000,user27,Jira,modify,3235,494.8,1d3e6715-7e1c-439d-9ccc-cd2b8e4bcbb5,e5384566-98b3-4cc3-8e0b-1cebf9a109d1
d5b9e475-e933-4501-a0e8-ee81f3134cb7,2025-11-17 11:49:30.000000,user27,GitHub,modify,1514,163.64,1d3e6715-7e1c-439d-9ccc-cd2b8e4bcbb5,
91882a2d-2130-4fea-8347-7f5a6ed9ead5,2025-11-17 12:12:43.000000,user48,Jira,download,921,499.42,13e5c98e-c698-4e3e-bb3d-b3413cbbbca8,f949d0a6-c40b-494c-94b7-3019fd43fb52
f1b5b31c-0b04-42ff-83f7-e646960ed0b3,2025-11-17 14:07:38.000000,user44,Workday,view,898,490.32,219b6ce3-7ae9-4ac3-a1fb-f0eabd3928b0,
9f57f8ee-7566-475f-8302-98544b0eb404,2025-11-17 14:09:22.000000,user17,GitHub,download,1260,242.73,4e9e7341-c294-4027-a280-81f507ccda3a,8fba1cc0-ed98-4402-bf99-afe91cc015ed
bc1f49e8-5dc8-4939-88a7-e5e4eb537c9a,2025-11-17 14:25:45.000000,user10,GitHub,modify,2859,273.85,37ce0a39-097a-4d4e-893e-429ff4af1dbb,ea7f6af8-61a2-4fb6-9abb-6afd54021b8c
42c9bf9e-d983-431c-8b25-cdc713700fce,2025-11-17 14:33:13.000000,user11,Snowflake,upload,2076,241.53,02c69632-dbfa-4340-8fcc-e5a47547945d,423c984e-e471-41d8-9520-6c2b9048f7f0
369743fb-6478-44da-a1a8-00ad5decc8d7,2025-11-17 14:35:24.000000,user19,Databricks,view,3276,495.31,721abf7a-0a6d-4c4f-920d-47568cc58834,1a621056-d1e3-4527-8fb8-36383826e144
f6ad3f29-e420-42e5-88c3-84052d458479,2025-11-17 14:43:34.000000,user23,SAP,upload,3164,431.91,1dfc601c-08b1-4a4f-83ea-38fa50238b78,7178f43c-59c7-4c7b-ab22-b62b34b9a955
3e0ed5fe-0ffe-4401-962a-d073ff9b9377,2025-11-17 15:42:46.000000,user44,Jira,upload,1753,10.84,219b6ce3-7ae9-4ac3-a1fb-f0eabd3928b0,813dc41d-86e7-4d70-9829-f1465deb894c
e09dbf0a-6f95-4736-8977-d0f501175ef2,2025-11-17 16:16:45.000000,user39,Snowflake,view,2720,64.52,17c4a762-0e65-4d57-8fc9-11a100f78d1a,f82b600c-62a3-4f64-9c2d-ad3207fd722b
3d767cad-c51c-4300-94f6-55345d7f90cd,2025-11-17 16:18:34.000000,user20,GitHub,view,2185,273.62,2d56e2ca-f67c-45ad-bd75-adfda8f2f636,
8384ed04-d84e-4221-a2b1-61ae1ae04224,2025-11-17 16:20:27.000000,user23,Snowflake,download,2120,231.7,1dfc601c-08b1-4a4f-83ea-38fa50238b78,a9513a1f-b06e-4185-9ff8-5245cacdfbbb
d44d77d7-6c0f-4be1-8cfc-c743a27b14c7,2025-11-17 16:27:31.000000,user17,Salesforce,download,2189,306.62,4e9e7341-c294-4027-a280-81f507ccda3a,
71a1837d-c346-4e43-a636-aae4ebe62108,2025-11-17 16:48:04.000000,user47,Jira,upload,685,241.88,92d35b2f-ec87-4754-8192-33556d4a800a,d8201d8a-7e71-4a9f-8fc4-b32d0b3cbd16
7be96190-dc64-4708-bcca-7e068f52b93e,2025-11-17 16:54:23.000000,user23,Workday,view,3598,150.93,1dfc601c-08b1-4a4f-83ea-38fa50238b78,
9ef7bbc6-e2b9-4ef2-970f-2cb1768f019c,2025-11-17 17:23:25.000000,user29,GitHub,view,1972,45.5,0b5e4cc8-8382-43c2-8715-dfce59110989,abf2f8a5-ad48-48c7-84c1-ca097da1e4c4
782b13d0-94e9-4d0a-8778-7b2d1966f24f,2025-11-17 17:25:38.000000,user10,Workday,download,1119,206.77,6d693622-9d7e-43e1-91de-1cddef059d42,2090defb-2e0b-42d6-8ae8-5789cd5e86a2
850cc490-d931-41c9-8fad-864e71e12a77,2025-11-17 17:35:34.000000,user39,Salesforce,view,1363,146.93,17c4a762-0e65-4d57-8fc9-11a100f78d1a,b1c18527-d93c-4378-8f93-369e1aad8338
4127bc45-4d59-450d-ac65-d3d4b71dc57c,2025-11-17 18:00:48.000000,user29,GitHub,download,1834,230.94,0b5e4cc8-8382-43c2-8715-dfce59110989,
6ea01eac-ceac-4720-8123-1afe7864629e,2025-11-17 18:04:53.000000,user10,Workday,download,828,3.87,37ce0a39-097a-4d4e-893e-429ff4af1dbb,1c51181e-a3fa-45cb-bad5-7de71970c000
b2d1617b-e9e5-4113-be8b-5d09ee4a4da6,2025-11-17 18:38:50.000000,user47,SAP,download,3096,316.26,92d35b2f-ec87-4754-8192-33556d4a800a,
d7ab6df9-53f8-462b-a875-08a3cf6233c2,2025-11-17 18:43:57.000000,user27,Salesforce,download,2022,297.68,8f71fbc8-9494-40b2-9ae9-4fe280dd2681,3784c12c-d0dc-42cc-a3cc-41d4ecccc21a
916d7e94-c9b2-466d-a946-0764bf3f242e,2025-11-17 18:51:52.000000,user40,Workday,download,3113,43.4,f418f94c-3c24-4240-8cbe-972a7754114b,7c760b54-bb9c-41b1-a426-85e28481171a
b181494a-17d0-4139-9064-ab60173be89b,2025-11-17 19:04:59.000000,user10,GitHub,upload,2315,300.42,37ce0a39-097a-4d4e-893e-429ff4af1dbb,
83dd4d11-a4e4-4b5b-9c53-1cecdc0ca7e3,2025-11-17 19:05:14.000000,user10,Salesforce,modify,2521,464.26,37ce0a39-097a-4d4e-893e-429ff4af1dbb,f2d14631-b12e-49fd-83e8-fa374b411ccd
540f6c5e-a7b0-411d-ac1b-dd31094f1b29,2025-11-17 19:20:31.000000,user12,GitHub,modify,2280,443.15,92074d96-9c12-4db9-b499-c18012adb847,41d0d21f-6bc3-4544-8376-72be45279fa3
69eb4846-40cd-4bda-ba48-20f072b0e4d5,2025-11-17 19:40:21.000000,user27,Salesforce,download,1573,97.74,8f71fbc8-9494-40b2-9ae9-4fe280dd2681,3784c12c-d0dc-42cc-a3cc-41d4ecccc21a
69f52bf6-ca65-40c4-a880-c25967002aae,2025-11-17 19:44:08.000000,user40,Salesforce,upload,737,350.49,f418f94c-3c24-4240-8cbe-972a7754114b,3fc68a79-0378-4a04-ad13-338646489999
c7be8795-1415-4ecc-9942-deaeab488c1b,2025-11-17 19:50:33.000000,user10,Jira,modify,2159,123.45,6d693622-9d7e-43e1-91de-1cddef059d42,1c51181e-a3fa-45cb-bad5-7de71970c000
75d7568b-2a62-4efe-a48e-4131417a1a59,2025-11-17 19:53:36.000000,user10,Salesforce,modify,669,396.81,ee03ff9f-eb4d-4ae9-9e2e-1df815069bf9,a16601a6-c5a1-482c-bede-69011f4d93f6
a796797b-eee4-4998-9e54-b05702002216,2025-11-17 19:56:23.000000,user10,Jira,upload,3076,287.46,ee03ff9f-eb4d-4ae9-9e2e-1df815069bf9,a16601a6-c5a1-482c-bede-69011f4d93f6
3857fdfe-2b1f-45b7-a1c6-d608f2e84b52,2025-11-17 20:15:48.000000,user40,Databricks,view,1134,178.35,4b119275-8311-45c9-b8e2-196300bee973,920122da-e289-430a-b71d-9e93b1e58ef1
60b8a3a9-fc1f-4372-a46d-afc21387275a,2025-11-17 21:58:30.000000,user12,Snowflake,upload,1968,66.15,92074d96-9c12-4db9-b499-c18012adb847,2d32c768-d1fc-45ca-9a91-892ddc7a0dac
9957105a-65af-45bd-9349-1131da4ba90d,2025-11-17 22:06:44.000000,user27,GitHub,upload,3102,13.76,8f71fbc8-9494-40b2-9ae9-4fe280dd2681,3784c12c-d0dc-42cc-a3cc-41d4ecccc21a
d0385be4-2a0e-45de-a7aa-7371d70a1d02,2025-11-17 23:44:23.000000,user36,GitHub,download,1850,185.23,fc9210e5-ab3c-4991-92a4-22a77a23306c,95d5fb1f-855d-4462-bf1b-16438b8fa706
895fed30-18c9-4615-975a-10443fcd622a,2025-11-17 23:45:14.000000,user44,Snowflake,upload,2443,7.14,9c67f445-08cd-4b2d-b57f-a6a9c28fcb9a,ae991d53-f99a-4e5f-a629-8387fc24799e
6c67c4ed-d191-432d-bb08-c63ecdfd40a1,2025-11-17 23:52:37.000000,user12,Snowflake,upload,704,58.54,92074d96-9c12-4db9-b499-c18012adb847,41d0d21f-6bc3-4544-8376-72be45279fa3
3798db9c-c85a-46fd-9942-59ac618669e3,2025-11-17 23:54:35.000000,user27,SAP,view,1340,265.36,8f71fbc8-9494-40b2-9ae9-4fe280dd2681,1f68baa5-53ee-4992-838e-2c30cac2725a
88527e15-aa29-4caf-97a0-47147c058602,2025-11-17 23:58:14.000000,user28,Workday,download,1407,119.14,86e41f0e-af8e-4969-ae73-6d828340a8f1,
6fc85abc-be86-4c96-b113-a8d083b8f640,2025-11-18 00:01:10.000000,user40,Jira,modify,1622,218.48,4b119275-8311-45c9-b8e2-196300bee973,
2cd74141-7b3e-420a-a20d-e551670f1f4e,2025-11-18 00:06:45.000000,user10,Salesforce,view,2553,462.51,ee03ff9f-eb4d-4ae9-9e2e-1df815069bf9,f2d14631-b12e-49fd-83e8-fa374b411ccd
b289e060-43f1-47f0-9500-ea69b19a8e4d,2025-11-18 00:57:46.000000,user10,Workday,upload,1022,468.08,ee03ff9f-eb4d-4ae9-9e2e-1df815069bf9,aac94f2a-168d-450a-b0b2-177011aa9c99
ea73ca8e-98dc-4049-9049-cc71a4424861,2025-11-18 01:03:26.000000,user27,GitHub,download,1812,40.61,8f71fbc8-9494-40b2-9ae9-4fe280dd2681,
aa87eb2e-9a0a-4140-a312-ce3529f28f3f,2025-11-18 01:18:06.000000,user36,GitHub,modify,1826,320.46,fc9210e5-ab3c-4991-92a4-22a77a23306c,c1a356b4-c265-41ff-a1d1-97e34285c574
d6b3d8b0-5bde-403d-bcb7-04d3cd8728f0,2025-11-18 01:22:14.000000,user40,Jira,download,95,286.5,4b119275-8311-45c9-b8e2-196300bee973,6d69470a-ac7a-452b-9bda-077b61264b5e
3541d7c1-4c69-4089-bc13-817b39c820a0,2025-11-18 01:36:31.000000,user43,Salesforce,upload,1402,488.06,175fb4b6-6e5a-496f-9054-8af37bb04646,38324122-0408-4a40-b1f0-448e99912f04
9ba8ed09-2e3d-42c8-9751-8e13ec349013,2025-11-18 01:40:28.000000,user46,Salesforce,download,3332,150.42,ad3ca6d9-468b-4d20-8733-7959151166fa,87929e36-fbe5-4efe-bf31-308ec7a3f55e
ccf65e29-b488-460c-b94b-46aaada830fc,2025-11-18 01:59:41.000000,user44,Jira,modify,1585,161.72,9c67f445-08cd-4b2d-b57f-a6a9c28fcb9a,ae991d53-f99a-4e5f-a629-8387fc24799e
3b85dbfb-62bc-49cd-aa5e-79c1a73b0f08,2025-11-18 02:08:33.000000,user44,GitHub,download,544,430.0,9c67f445-08cd-4b2d-b57f-a6a9c28fcb9a,
dd83d559-4991-4618-9849-15ae24d1f13d,2025-11-18 02:26:06.000000,user14,Snowflake,download,30,263.15,b0d42312-9634-4508-849e-4fb27e268b93,
e8b13baa-f358-420b-8a22-63e88f9dfdf6,2025-11-18 02:34:12.000000,user36,Databricks,upload,771,170.13,fc9210e5-ab3c-4991-92a4-22a77a23306c,c1a356b4-c265-41ff-a1d1-97e34285c574
f9fe504f-174c-42f1-97f4-79561375697b,2025-11-18 02:41:32.000000,user43,Workday,download,809,233.07,175fb4b6-6e5a-496f-9054-8af37bb04646,
91343387-1f7d-4cb3-a597-b0c7c74d30d0,2025-11-18 02:42:06.000000,user44,SAP,view,2371,112.83,9c67f445-08cd-4b2d-b57f-a6a9c28fcb9a,3be1af86-db4e-4bd9-ac89-72d47abbc4ee
73547849-c5fb-4d74-ac09-555c6e0436af,2025-11-18 02:51:07.000000,user28,Databricks,upload,2538,472.5,86e41f0e-af8e-4969-ae73-6d828340a8f1,
b23c79cd-8326-4355-822e-295abd3cc3ee,2025-11-18 02:51:34.000000,user40,GitHub,view,2514,278.77,4b119275-8311-45c9-b8e2-196300bee973,
f04dd175-148c-42da-a94d-7e938429fb4e,2025-11-18 02:53:23.000000,user46,SAP,upload,1884,59.12,ad3ca6d9-468b-4d20-8733-7959151166fa,87929e36-fbe5-4efe-bf31-308ec7a3f55e
0adb665e-05df-43a7-8dce-f4230d8a6441,2025-11-18 04:11:46.000000,user6,GitHub,upload,1111,479.09,84730931-f0b8-499d-b03f-481f76d2bead,aba79c4c-2f79-46cb-b4f0-20ffda880963
80901437-8873-4b5a-a864-f3b27451639a,2025-11-18 04:24:42.000000,user36,Salesforce,modify,549,365.51,fc9210e5-ab3c-4991-92a4-22a77a23306c,
3f0b5764-b7d4-464d-b4cf-789c503e99e2,2025-11-18 04:37:40.000000,user46,GitHub,modify,2422,276.02,e3c0160d-a32a-4079-b4e9-8f747769582a,87929e36-fbe5-4efe-bf31-308ec7a3f55e
b14bdc51-8582-406d-ae75-cdad0a5f5399,2025-11-18 05:08:02.000000,user27,SAP,view,1460,41.95,dc894da2-f7e6-428c-bd62-44e895fd3d03,
a4eb23f4-f447-436d-a604-eda3341f01c6,2025-11-18 05:13:42.000000,user43,Jira,modify,2409,320.97,175fb4b6-6e5a-496f-9054-8af37bb04646,38324122-0408-4a40-b1f0-448e99912f04
6a9d26fc-ebe7-4fe9-856e-d680da85f34b,2025-11-18 05:40:04.000000,user20,GitHub,view,3052,176.26,e4ca2fc1-74a2-4af9-950d-12c1dbeb5cf8,0324b900-97c7-43ba-b4bd-fa2aae82391b
9ef9a599-80b9-46d6-868a-412c3c2da6e5,2025-11-18 05:50:29.000000,user14,SAP,download,2095,326.17,b0d42312-9634-4508-849e-4fb27e268b93,b839c83f-edb1-4675-8d5c-68b799853481
bd62c96e-cf18-4169-93e7-8cde8a4d8dcc,2025-11-18 05:53:07.000000,user47,Salesforce,download,673,472.63,23189b10-f92c-49cb-a48c-056008747fa0,
3a91ce90-a3b9-4199-ac1a-c35a0e9f74c4,2025-11-18 06:03:09.000000,user43,Workday,download,3493,193.03,175fb4b6-6e5a-496f-9054-8af37bb04646,
5682bbdf-3b72-46ef-bdad-774e6491bacc,2025-11-18 06:06:56.000000,user44,Snowflake,modify,801,305.42,9c67f445-08cd-4b2d-b57f-a6a9c28fcb9a,
389a707a-f93c-451a-8bfd-ae1b65f02bf1,2025-11-18 06:26:03.000000,user36,Snowflake,download,1390,187.28,fc9210e5-ab3c-4991-92a4-22a77a23306c,95d5fb1f-855d-4462-bf1b-16438b8fa706
001e77b7-3391-436d-ab85-ef8bc4e48be4,2025-11-18 06:33:35.000000,user27,Jira,download,1866,91.65,dc894da2-f7e6-428c-bd62-44e895fd3d03,
f5fe335a-ef0a-480e-a17b-11a740785c36,2025-11-18 07:11:22.000000,user20,Salesforce,modify,1445,145.53,e4ca2fc1-74a2-4af9-950d-12c1dbeb5cf8,0e4fff21-48ce-4fe6-8b49-eaff3a4b88f7
5a23f263-b502-4d88-981d-aeeefef7709b,2025-11-18 07:52:25.000000,user19,Salesforce,view,2695,192.83,a75ed7c9-4ca4-4ba0-887a-0d2034c5fa69,368f1022-14ec-4c73-a15d-201287d69868
ffb2e805-5da9-4ea0-b744-4366ba781f2e,2025-11-18 07:56:48.000000,user10,GitHub,view,762,164.78,e5dfe611-a4bc-499b-b850-06238eb8b967,1c51181e-a3fa-45cb-bad5-7de71970c000
ecc5f647-8677-4857-851b-b03f32cd5464,2025-11-18 08:07:54.000000,user46,Snowflake,download,1378,356.21,e3c0160d-a32a-4079-b4e9-8f747769582a,87929e36-fbe5-4efe-bf31-308ec7a3f55e
8a6fcb39-e09c-4901-aedf-f0e9bac9e409,2025-11-18 08:10:33.000000,user50,SAP,upload,2405,123.1,379b9754-8928-4f5e-a5c7-01ad8a16d776,
5c9f7318-9502-48ea-b2db-24c8a49fc00c,2025-11-18 08:13:02.000000,user14,Snowflake,download,3350,79.06,b0d42312-9634-4508-849e-4fb27e268b93,0934373b-865b-4f05-8d08-c6271dcefefd
317d6708-6934-4b15-a382-1a0409aa963e,2025-11-18 08:33:37.000000,user43,Snowflake,upload,1166,497.98,175fb4b6-6e5a-496f-9054-8af37bb04646,
81ab96b2-b8b9-4d8c-a025-73407f371527,2025-11-18 08:58:48.000000,user43,Snowflake,download,1018,2.26,2fc3140a-f2d4-47c8-9141-61074fb08a90,38324122-0408-4a40-b1f0-448e99912f04
9e57e3e1-d75a-445d-adde-59714ef81c5c,2025-11-18 09:19:42.000000,user46,SAP,download,2776,18.12,e3c0160d-a32a-4079-b4e9-8f747769582a,aa7e2cc4-be86-4748-a5e4-51c8bf7091f8
18c09f55-6521-4ac4-8a3f-945a4b4f64a9,2025-11-18 09:23:10.000000,user29,Workday,modify,3040,457.09,c691a617-3a9b-4991-a6f0-b98b05b76521,abf2f8a5-ad48-48c7-84c1-ca097da1e4c4
04372600-a941-4c07-b89d-fb63598cf7b3,2025-11-18 09:24:03.000000,user10,GitHub,download,2001,450.2,e5dfe611-a4bc-499b-b850-06238eb8b967,1c51181e-a3fa-45cb-bad5-7de71970c000
6bbb22a0-3ef6-4332-ba78-af818024adae,2025-11-18 09:37:51.000000,user12,Jira,modify,3595,309.99,15000bf5-a3da-4432-a321-a0369916b871,6aabf794-05b9-4c48-8442-99139fc97c81
85a4b4c9-235a-4149-b28a-ded83b858873,2025-11-18 09:40:25.000000,user50,Salesforce,modify,2940,91.8,af480f03-8e4b-4aad-a92a-a9f4a2845cbe,7bee73de-c15a-48f9-8fb0-461a149edf76
c06cfa2d-71c8-41a0-8a1b-744f0aaef3b4,2025-11-18 09:42:47.000000,user44,Workday,download,2607,75.34,b4b5d31d-7214-44d7-acf0-9b559e1a4644,
56cb1ed1-8008-4de8-8046-1524cb03f3fb,2025-11-18 09:47:37.000000,user29,Snowflake,download,1974,240.89,c691a617-3a9b-4991-a6f0-b98b05b76521,abf2f8a5-ad48-48c7-84c1-ca097da1e4c4
db5a9de1-0d1d-4ce0-a0ea-9eb4ef9dcdb3,2025-11-18 09:48:24.000000,user40,Workday,view,2014,20.15,de955cf5-0735-4617-9b46-68d67c34bef4,7c760b54-bb9c-41b1-a426-85e28481171a
e928a1e8-9cb4-4be7-8d31-19c648250f35,2025-11-18 10:02:07.000000,user43,Workday,upload,2203,108.66,2fc3140a-f2d4-47c8-9141-61074fb08a90,ab46a1b3-faa6-482d-9df1-3989e8a221f4
ac6d4565-064a-4bd3-8e6d-55b8f559cedf,2025-11-18 10:17:14.000000,user12,GitHub,modify,3067,196.55,15000bf5-a3da-4432-a321-a0369916b871,6aabf794-05b9-4c48-8442-99139fc97c81
83a93d52-b34d-46ec-a0f8-a905950541f5,2025-11-18 10:30:07.000000,user19,Snowflake,modify,562,313.47,a75ed7c9-4ca4-4ba0-887a-0d2034c5fa69,8bcf9ce9-4768-4c59-aa77-ee47f46f68d6
8113d3fa-93bb-4e21-8da8-e4221a2e9350,2025-11-18 10:32:25.000000,user46,Workday,download,704,139.7,e3c0160d-a32a-4079-b4e9-8f747769582a,
affef702-98d6-4f10-a31d-ae0b43acfb51,2025-11-18 10:53:49.000000,user29,Jira,download,693,100.28,c691a617-3a9b-4991-a6f0-b98b05b76521,
c14fb949-54ee-4d62-b3df-a7fbf9a76512,2025-11-18 10:58:27.000000,user50,Snowflake,modify,2683,142.98,379b9754-8928-4f5e-a5c7-01ad8a16d776,7bee73de-c15a-48f9-8fb0-461a149edf76
3e223d7c-4619-40c8-a147-d69846324bf5,2025-11-18 11:11:22.000000,user50,Jira,modify,2779,304.13,e947da0b-6ca2-4a2c-9a43-bc3c4b3b0917,7bee73de-c15a-48f9-8fb0-461a149edf76
4a5bee09-c807-475b-850a-99f279596b1b,2025-11-18 11:17:31.000000,user29,Workday,download,3218,466.77,c691a617-3a9b-4991-a6f0-b98b05b76521,abf2f8a5-ad48-48c7-84c1-ca097da1e4c4
da9e9fad-08e5-4907-a48e-1ca9cbbaf433,2025-11-18 11:19:57.000000,user50,Jira,view,382,172.29,379b9754-8928-4f5e-a5c7-01ad8a16d776,f3c0d464-4948-4d9f-b157-ad50e7728df2
9a6541a2-d200-4fc7-ad75-b836d4216421,2025-11-18 11:40:20.000000,user19,Snowflake,view,199,435.97,a75ed7c9-4ca4-4ba0-887a-0d2034c5fa69,8bcf9ce9-4768-4c59-aa77-ee47f46f68d6
09095f52-99ac-47a6-82c9-7753cdf77a5e,2025-11-18 11:50:49.000000,user44,Snowflake,view,3278,143.84,b4b5d31d-7214-44d7-acf0-9b559e1a4644,3be1af86-db4e-4bd9-ac89-72d47abbc4ee
9f69ae2c-f90e-44d5-b979-9fc37d888ba8,2025-11-18 11:55:35.000000,user27,GitHub,download,2272,121.92,dc894da2-f7e6-428c-bd62-44e895fd3d03,1f68baa5-53ee-4992-838e-2c30cac2725a
498c473b-c8d5-4359-bc1e-416bf3de5a02,2025-11-18 12:27:55.000000,user2,Salesforce,view,1660,484.85,280858b5-de7e-4a97-a57b-88b707cc5783,
aa30e1f2-945c-4ff0-9089-a8a1b250d4e6,2025-11-18 12:30:15.000000,user2,Workday,download,2060,316.35,280858b5-de7e-4a97-a57b-88b707cc5783,27c9c5fe-39c0-4359-a28b-b1410af170f6
43a89dff-327b-4623-9e9e-e4d817907799,2025-11-18 12:48:08.000000,user2,Jira,modify,331,249.41,280858b5-de7e-4a97-a57b-88b707cc5783,27c9c5fe-39c0-4359-a28b-b1410af170f6
0a3f8b7c-bb77-4070-8c8b-3c330ab9bc49,2025-11-18 13:16:09.000000,user43,Jira,upload,949,225.45,2fc3140a-f2d4-47c8-9141-61074fb08a90,7962a4f2-0143-4d08-910b-9e5b6038413e
43613d81-3358-4adc-85e4-ca857ec66de4,2025-11-18 13:34:05.000000,user43,Snowflake,upload,2999,287.18,2fc3140a-f2d4-47c8-9141-61074fb08a90,7962a4f2-0143-4d08-910b-9e5b6038413e
fe638f14-53de-4e59-ad00-7827ec4fe737,2025-11-18 14:15:57.000000,user10,Salesforce,view,135,314.46,e5dfe611-a4bc-499b-b850-06238eb8b967,
6b35018f-6b5a-4bcc-bef6-8593f080dda8,2025-11-18 14:16:22.000000,user40,Jira,upload,2025,70.91,de955cf5-0735-4617-9b46-68d67c34bef4,6d69470a-ac7a-452b-9bda-077b61264b5e
3258bf05-2fb4-4574-b0d6-c91d54a9dc3c,2025-11-18 14:23:29.000000,user44,Databricks,modify,1433,242.73,b4b5d31d-7214-44d7-acf0-9b559e1a4644,79ae3bbe-b92e-49d0-a39b-f202ab802785
f4f89aa2-8317-4398-a7e3-e9eadc6284e5,2025-11-18 14:23:43.000000,user10,GitHub,upload,1704,193.14,dc1c6407-924a-436b-b0ea-7c2e6d15e11b,2090defb-2e0b-42d6-8ae8-5789cd5e86a2
6c4cf2be-6d13-446d-96a8-a7120529dc1f,2025-11-18 14:38:32.000000,user40,SAP,view,2806,113.41,de955cf5-0735-4617-9b46-68d67c34bef4,
e550f374-3f13-4355-97f8-f5814f4a320f,2025-11-18 14:56:51.000000,user40,Snowflake,upload,3598,321.77,de955cf5-0735-4617-9b46-68d67c34bef4,7c760b54-bb9c-41b1-a426-85e28481171a
f7fca35c-fcfe-4dfe-ae32-ac5ea89722e6,2025-11-18 15:17:41.000000,user10,Snowflake,modify,3577,175.24,dc1c6407-924a-436b-b0ea-7c2e6d15e11b,b020f5ef-0f58-4e3a-ac57-33b8d9bd22c7
772e5db5-bdc1-435d-ba0d-50fb71820fd1,2025-11-18 15:29:40.000000,user40,GitHub,download,2688,174.79,de955cf5-0735-4617-9b46-68d67c34bef4,6d69470a-ac7a-452b-9bda-077b61264b5e
a7c86b1b-f708-4fbd-b89d-b6dbd81f92e3,2025-11-18 15:49:46.000000,user50,GitHub,upload,897,296.26,e947da0b-6ca2-4a2c-9a43-bc3c4b3b0917,f3c0d464-4948-4d9f-b157-ad50e7728df2
509c4fa3-1afb-46c4-8a5a-bbd87b6ba334,2025-11-18 16:18:14.000000,user10,Databricks,download,3417,42.16,716b9de3-3ef1-4ff2-a1ff-e20f9eb9d8be,
abbb3953-9f24-44f2-a1f5-d70579ca8a1b,2025-11-18 16:34:28.000000,user10,SAP,modify,2280,48.87,dc1c6407-924a-436b-b0ea-7c2e6d15e11b,30f8db48-b936-4be4-bb40-c5a55095e394
beb4a1e4-2c14-40b4-a17f-ddad1a73951f,2025-11-18 16:47:02.000000,user10,Workday,download,415,466.49,716b9de3-3ef1-4ff2-a1ff-e20f9eb9d8be,
331e60f2-e0ad-4fba-b59b-618d882c87b3,2025-11-18 17:11:35.000000,user2,Snowflake,modify,102,115.68,280858b5-de7e-4a97-a57b-88b707cc5783,
5d017531-043e-4a27-a899-533492e590d3,2025-11-18 17:11:50.000000,user26,GitHub,view,1545,93.49,586523af-b311-4552-8d5c-526659c92f8c,
e838fb50-187b-458e-8329-c75ba61fd8ae,2025-11-18 17:19:11.000000,user22,Workday,modify,1849,124.02,e4aa19b9-a6f7-46e5-bab0-92e690fac57e,62e92e05-3e86-4d8c-9194-487cf224db75
794ca055-b7b5-404a-8b40-573d610c1011,2025-11-18 17:44:11.000000,user10,Jira,download,1646,86.94,dc1c6407-924a-436b-b0ea-7c2e6d15e11b,a16601a6-c5a1-482c-bede-69011f4d93f6
8def50b8-f520-4559-870f-6e0ac325e2a0,2025-11-18 18:46:55.000000,user10,Snowflake,view,2614,282.47,716b9de3-3ef1-4ff2-a1ff-e20f9eb9d8be,ea7f6af8-61a2-4fb6-9abb-6afd54021b8c
3e7d6a88-56dd-456a-a2b7-d0110d157dce,2025-11-18 19:14:22.000000,user26,SAP,modify,2485,451.56,586523af-b311-4552-8d5c-526659c92f8c,5e2b1b47-b4ed-47fe-b1c2-f3ebbbd02a02
6f0b9b5b-3b5b-4f3b-9cdc-125c40b60b09,2025-11-18 20:00:16.000000,user2,Snowflake,download,478,369.63,280858b5-de7e-4a97-a57b-88b707cc5783,ff332f8f-6db2-4a6a-ba33-f6785f2ab4ad
e4280c2d-e2eb-4d25-bd56-9598a1b749ab,2025-11-18 20:23:27.000000,user11,Snowflake,modify,1813,347.2,4d5811ca-14a4-4dc1-bcf1-52773f05aa1f,423c984e-e471-41d8-9520-6c2b9048f7f0
3daaf9d2-3db9-4cac-83cd-ac6aa907d031,2025-11-18 20:34:15.000000,user10,Snowflake,download,978,326.36,716b9de3-3ef1-4ff2-a1ff-e20f9eb9d8be,a16601a6-c5a1-482c-bede-69011f4d93f6
5ee0a649-f02c-481c-a641-aeb46b38e761,2025-11-18 20:37:50.000000,user26,GitHub,upload,1082,44.07,586523af-b311-4552-8d5c-526659c92f8c,
2b22e087-9eaa-43ad-aa61-f36791c87f8e,2025-11-18 20:41:56.000000,user22,SAP,modify,1309,449.58,e4aa19b9-a6f7-46e5-bab0-92e690fac57e,
8260931b-6ac9-4265-bb69-986d45395211,2025-11-18 21:08:34.000000,user35,GitHub,modify,3596,483.9,bde863f1-7a3b-4eae-8d32-585eaeda334e,40fefd57-3cd7-4653-a99d-171e8fd22b3e
4e8102a4-2f5c-4cfb-9d79-75512599aad3,2025-11-18 21:20:20.000000,user35,GitHub,upload,1428,193.31,dc3ed60f-1450-4dfb-9588-a90da0a4e3a0,2a2d79d2-328f-41ac-8589-0f41afa0160b
fa41eb0a-bf6f-4f23-aa63-3ee75de8acba,2025-11-18 21:47:20.000000,user10,GitHub,download,3273,373.06,dc1c6407-924a-436b-b0ea-7c2e6d15e11b,6161605b-8f64-4326-ad2f-2729bdcbdb5d
5aa5ae98-08a7-495a-ab83-0cf1da522911,2025-11-18 22:12:20.000000,user22,Salesforce,download,3423,214.86,e4aa19b9-a6f7-46e5-bab0-92e690fac57e,62e92e05-3e86-4d8c-9194-487cf224db75
ce50094f-709e-45f2-b519-d3c076c9b0fd,2025-11-18 22:26:50.000000,user34,GitHub,view,2865,332.32,5b6163b7-4bef-4d69-9078-5291eb5d2371,d9d3c543-c613-4ed5-ae94-38df532eaf29
aaae5753-accf-4f69-9616-a406d76d048b,2025-11-18 22:37:18.000000,user40,Databricks,download,543,224.96,39da915f-617d-4de1-bf89-8be9184bbf41,6d69470a-ac7a-452b-9bda-077b61264b5e
a9aeedeb-7f82-437e-b44b-e170abc88719,2025-11-18 23:06:32.000000,user40,SAP,modify,650,203.95,39da915f-617d-4de1-bf89-8be9184bbf41,3fc68a79-0378-4a04-ad13-338646489999
1ccc0eb1-6ba7-465a-85f5-8d341330d943,2025-11-18 23:12:07.000000,user35,SAP,modify,3434,45.05,dc3ed60f-1450-4dfb-9588-a90da0a4e3a0,148b7787-e0e3-4eed-a4e3-7cd86ffbed1f
1e82378f-155d-4e97-8f8d-c6bb363da1bc,2025-11-18 23:23:26.000000,user35,Workday,upload,1441,37.12,bde863f1-7a3b-4eae-8d32-585eaeda334e,
7d3ccf69-dfd6-4ad0-aa8c-19f368127827,2025-11-18 23:28:35.000000,user34,Snowflake,modify,2301,340.61,7df88a34-649f-4b9d-90a1-62b9007a2237,42643768-1052-4048-8a66-9cba91088789
57476d5c-ae62-4a44-9bcb-1b8ff6583358,2025-11-18 23:33:45.000000,user10,GitHub,download,388,448.43,716b9de3-3ef1-4ff2-a1ff-e20f9eb9d8be,
04fd0ea0-72b2-4ed3-8044-ff358f26cf18,2025-11-19 00:21:25.000000,user35,Workday,download,1419,4.31,bde863f1-7a3b-4eae-8d32-585eaeda334e,
8d6151da-f7c6-4f67-b1b8-dc16ed9f926b,2025-11-19 00:23:40.000000,user22,Workday,modify,3021,409.08,e4aa19b9-a6f7-46e5-bab0-92e690fac57e,
790a445d-04a0-4172-a26f-17b9c046aa63,2025-11-19 00:25:37.000000,user34,Databricks,upload,824,36.91,7df88a34-649f-4b9d-90a1-62b9007a2237,
207eda11-e08e-43ff-b36d-c1429ede8cb5,2025-11-19 00:33:49.000000,user22,Snowflake,download,1182,330.29,e4aa19b9-a6f7-46e5-bab0-92e690fac57e,51c56aef-2c7e-49ba-96b8-569a16df96b7
b7d6cc1c-90ef-47a6-9e20-1967939a6604,2025-11-19 00:39:24.000000,user48,SAP,modify,469,242.35,c1a49c44-7a67-4348-8cfc-d24ff745199b,a23b2ad0-3d00-4e8b-9291-7d88fa66a870
910d3fa1-ad3f-4067-9c3e-4f0683c4f3c7,2025-11-19 00:43:14.000000,user35,Salesforce,view,2121,452.46,bde863f1-7a3b-4eae-8d32-585eaeda334e,
84af77d1-34d9-43fe-a6b2-7d151d883762,2025-11-19 00:48:58.000000,user36,Snowflake,upload,3578,240.55,0ee6f320-e8e0-4316-b879-083454712854,80af903e-90ac-4904-bfab-6d1fe8545a24
8bfaa7de-11fa-49a7-801c-f9f59eafe137,2025-11-19 00:52:13.000000,user46,GitHub,view,3553,159.44,b8e8602a-e669-46ad-af83-0ea5ac6c5009,aa7e2cc4-be86-4748-a5e4-51c8bf7091f8
c64b90c3-272e-4586-ae43-598663aea1df,2025-11-19 01:06:52.000000,user44,Workday,modify,2399,9.93,2c39dfbe-00f8-4a43-b8f9-acb512b1d56c,
7877c25d-d551-43a3-a85e-70e36f829a45,2025-11-19 01:21:31.000000,user34,SAP,upload,3288,486.43,7df88a34-649f-4b9d-90a1-62b9007a2237,e4c02114-af61-4266-aea9-b42b2a9fc72c
d8efb85b-eecc-4246-a959-9533bc7787ae,2025-11-19 01:31:07.000000,user20,Workday,modify,1303,431.55,2c125de6-c16b-46e6-8bc2-0c2ddc8fb5b8,2d739fb0-5a1b-4bc7-ab27-6a1a2921319d
02e42f1a-ae38-48c8-9082-6cac7564095c,2025-11-19 01:33:00.000000,user48,Databricks,view,854,209.12,c1a49c44-7a67-4348-8cfc-d24ff745199b,d3d38c4d-67fb-4d53-b7e9-f780730a24a8
a8feb787-9829-4645-b212-d716d1583aec,2025-11-19 01:58:29.000000,user44,GitHub,download,1199,257.32,2c39dfbe-00f8-4a43-b8f9-acb512b1d56c,
7ba3b3a1-2fc4-4023-a53e-e6327a89ca72,2025-11-19 02:04:09.000000,user48,Databricks,download,1704,252.81,c1a49c44-7a67-4348-8cfc-d24ff745199b,f949d0a6-c40b-494c-94b7-3019fd43fb52
3d9c8dd2-a12f-4847-a41c-81bbb5391bb8,2025-11-19 02:22:44.000000,user20,GitHub,view,1216,199.19,2c125de6-c16b-46e6-8bc2-0c2ddc8fb5b8,
d7d1a859-69b4-44a3-ad50-68d62a6e2ca1,2025-11-19 02:31:29.000000,user46,SAP,modify,2337,242.53,b8e8602a-e669-46ad-af83-0ea5ac6c5009,
893915ae-977e-4455-96ec-234d87df3a0e,2025-11-19 02:45:43.000000,user48,SAP,modify,3156,94.18,c1a49c44-7a67-4348-8cfc-d24ff745199b,
50406110-a246-4d4f-8e70-a90045e0badc,2025-11-19 02:57:11.000000,user35,Databricks,view,1826,79.02,bde863f1-7a3b-4eae-8d32-585eaeda334e,
9caedadd-b46c-4b4a-8794-3470c29ffcaf,2025-11-19 03:00:25.000000,user40,Workday,upload,2420,343.31,39da915f-617d-4de1-bf89-8be9184bbf41,
3293b00d-f1b8-414b-9fd5-a5f5f330bb9f,2025-11-19 03:38:06.000000,user14,Jira,download,158,308.92,3569a075-83e2-4c99-bf9e-965174fa9cd7,
b493146f-c988-4f0b-a916-d1b145f55861,2025-11-19 03:44:34.000000,user40,Jira,upload,2105,396.95,39da915f-617d-4de1-bf89-8be9184bbf41,7c760b54-bb9c-41b1-a426-85e28481171a
1da9f9dd-d18d-4715-bc9c-1c6be082008f,2025-11-19 03:47:16.000000,user19,Workday,upload,1508,300.48,2deaf893-ed86-4364-a7ef-6802ef304595,1a621056-d1e3-4527-8fb8-36383826e144
25e130bf-9c6b-48e0-8ea7-0d3cc9a9b268,2025-11-19 04:12:22.000000,user50,GitHub,view,2214,108.0,a2d0fa52-37c7-4078-8d10-4a09733d4623,7bee73de-c15a-48f9-8fb0-461a149edf76
eb8a56f0-7056-42bc-837d-e1e2bd14af01,2025-11-19 04:23:13.000000,user50,Jira,modify,250,263.2,a2d0fa52-37c7-4078-8d10-4a09733d4623,
415ce8ac-29d6-4a5d-b602-3a69fa349d12,2025-11-19 04:44:42.000000,user32,GitHub,modify,655,298.43,9cf7899d-19f6-4b98-b83d-bde5bbb071a8,c845b03d-0cd9-4a6c-b46d-7d2aba778236
f0dcb2a9-1709-4819-9498-ddbcb86620d8,2025-11-19 05:00:26.000000,user40,Workday,download,2231,484.8,39da915f-617d-4de1-bf89-8be9184bbf41,7c760b54-bb9c-41b1-a426-85e28481171a
bb74919e-02fa-409b-8b2a-ede24ada5319,2025-11-19 05:07:25.000000,user50,SAP,upload,783,433.76,a2d0fa52-37c7-4078-8d10-4a09733d4623,7bee73de-c15a-48f9-8fb0-461a149edf76
95edc1ce-4cef-4caf-896f-7dff11d9f48e,2025-11-19 05:16:31.000000,user36,Databricks,download,2656,50.55,0ee6f320-e8e0-4316-b879-083454712854,
dd90e345-2137-4751-a3ee-42dcb214be29,2025-11-19 05:17:35.000000,user36,Databricks,upload,459,319.53,0ee6f320-e8e0-4316-b879-083454712854,b09652bf-7cae-4394-8179-65991dabd0a4
05fb4782-69dc-4d79-84fb-721bc85d681f,2025-11-19 05:20:27.000000,user19,Salesforce,modify,2285,342.28,2deaf893-ed86-4364-a7ef-6802ef304595,8bcf9ce9-4768-4c59-aa77-ee47f46f68d6
384c643c-fc3c-48bf-bbd7-411ae9e1171e,2025-11-19 05:22:15.000000,user48,Snowflake,upload,971,202.76,c1a49c44-7a67-4348-8cfc-d24ff745199b,
e0c3e3df-6169-48a8-bc90-c648fd6ba3a4,2025-11-19 05:23:12.000000,user50,Salesforce,modify,495,146.16,a2d0fa52-37c7-4078-8d10-4a09733d4623,7bee73de-c15a-48f9-8fb0-461a149edf76
724f2a05-ae27-46e5-9a8a-67ae4238703b,2025-11-19 05:39:21.000000,user50,Jira,modify,2934,307.95,a2d0fa52-37c7-4078-8d10-4a09733d4623,f3c0d464-4948-4d9f-b157-ad50e7728df2
3f1328a8-2421-48ec-87a2-00652301a009,2025-11-19 05:58:07.000000,user34,Snowflake,download,1679,140.49,7df88a34-649f-4b9d-90a1-62b9007a2237,e4c02114-af61-4266-aea9-b42b2a9fc72c
46ca03b5-5d95-4e2b-aa27-92a88649446d,2025-11-19 05:59:48.000000,user44,Snowflake,view,1427,422.91,2c39dfbe-00f8-4a43-b8f9-acb512b1d56c,813dc41d-86e7-4d70-9829-f1465deb894c
430d827d-19bb-4ebb-9a3a-0bacc5ef53be,2025-11-19 06:29:15.000000,user32,SAP,modify,288,116.29,9cf7899d-19f6-4b98-b83d-bde5bbb071a8,2ada13e7-a7d4-45e9-8be1-bb2c855b6357
90ce6fa8-3771-46e9-8c0b-7f09c096672a,2025-11-19 06:46:57.000000,user47,SAP,upload,2685,9.52,fa85bd85-700e-472b-ac3d-e45b287ecebe,
495df084-7355-4598-a90d-e7579c9d0365,2025-11-19 06:47:07.000000,user34,Jira,modify,2232,30.1,7df88a34-649f-4b9d-90a1-62b9007a2237,d9d3c543-c613-4ed5-ae94-38df532eaf29
cabbdbc7-7f4b-4394-9bba-c357ed5facfa,2025-11-19 07:05:14.000000,user44,Jira,view,2005,4.63,2c39dfbe-00f8-4a43-b8f9-acb512b1d56c,813dc41d-86e7-4d70-9829-f1465deb894c
e3c50b1e-ca3e-4778-a3f1-58ca7de8f318,2025-11-19 07:19:33.000000,user46,Workday,download,80,250.55,b8e8602a-e669-46ad-af83-0ea5ac6c5009,87929e36-fbe5-4efe-bf31-308ec7a3f55e
b3d60430-376c-449e-acb7-da9758e12f89,2025-11-19 07:28:35.000000,user36,GitHub,view,1733,63.56,0ee6f320-e8e0-4316-b879-083454712854,
638b4215-0fe1-4416-8791-52c29246914f,2025-11-19 07:28:38.000000,user23,GitHub,download,156,46.23,60a1674e-9a87-4130-8f1f-7f8b4829e992,7178f43c-59c7-4c7b-ab22-b62b34b9a955
ffcf62da-434e-4a74-92b7-e5ee66b6b11f,2025-11-19 08:03:41.000000,user32,Salesforce,download,2776,339.82,9cf7899d-19f6-4b98-b83d-bde5bbb071a8,f1f23ff4-fb26-4adf-93a8-b983d6dfe503
ee87ca57-c5c0-4a9b-8b4d-3dc9b3a7c5fe,2025-11-19 08:18:40.000000,user23,GitHub,download,2408,210.84,60a1674e-9a87-4130-8f1f-7f8b4829e992,
f752056b-77b9-46db-aaa2-0a9d107c97d1,2025-11-19 08:28:51.000000,user47,Workday,modify,3046,491.18,fa85bd85-700e-472b-ac3d-e45b287ecebe,9f042912-bee0-42d2-9ad8-e9edaa335511
3a64667c-d0dc-41cc-8d39-6e003f74a471,2025-11-19 09:20:24.000000,user12,SAP,upload,564,380.51,7998af2f-61d4-4508-bf9d-421be9e776f0,41d0d21f-6bc3-4544-8376-72be45279fa3
7eb04f73-b9a5-44f1-94a2-e1d1b8e84716,2025-11-19 10:07:14.000000,user12,Databricks,modify,461,4.89,7998af2f-61d4-4508-bf9d-421be9e776f0,2d32c768-d1fc-45ca-9a91-892ddc7a0dac
5a932700-f16e-4a0e-9b3a-f18b194bd2a4,2025-11-19 10:08:26.000000,user18,Salesforce,upload,1326,233.09,b2eb7d99-babd-4e1a-803a-d97e2da335da,a617ba9c-c2bf-40a7-bca0-c69cf7b2b07a
056a3095-a009-4171-a223-af569297b992,2025-11-19 10:22:09.000000,user47,Jira,modify,1988,421.29,fa85bd85-700e-472b-ac3d-e45b287ecebe,9f042912-bee0-42d2-9ad8-e9edaa335511
dbfdd2e8-e81d-418f-b45e-970d5841ee85,2025-11-19 10:42:34.000000,user19,Jira,upload,1224,118.13,2deaf893-ed86-4364-a7ef-6802ef304595,
4bc9efe3-21d5-4d56-b87a-4dd8aaeb9841,2025-11-19 11:04:47.000000,user47,Salesforce,modify,2240,246.93,fa85bd85-700e-472b-ac3d-e45b287ecebe,
7417f790-1d15-4a63-a3e8-acb546a47114,2025-11-19 11:05:00.000000,user12,Databricks,modify,509,190.19,7998af2f-61d4-4508-bf9d-421be9e776f0,
797d7bc1-24b8-4772-bcf9-f55527ae7f53,2025-11-19 11:24:45.000000,user12,Workday,download,253,343.6,7998af2f-61d4-4508-bf9d-421be9e776f0,6aabf794-05b9-4c48-8442-99139fc97c81
73b04fff-3b63-4cef-80d8-4e87bc154663,2025-11-19 11:48:11.000000,user16,Databricks,upload,2479,185.17,447e3318-11de-42a8-9208-0e0605916596,
f9eccf88-8df7-4dac-905f-e9ebb4514b10,2025-11-19 11:52:24.000000,user2,Workday,modify,419,315.44,66471f41-f2b1-4e0a-afe3-e7f76f0810f4,90672cc9-0c56-43c3-b6f7-5a239bf8219c
21faaa80-d47e-47b8-8e9e-75e388e141b0,2025-11-19 11:54:36.000000,user47,Workday,download,2873,396.4,7f2e77a3-fa84-45eb-b2cb-69c799c062a6,9f042912-bee0-42d2-9ad8-e9edaa335511
d4c5bd4f-9048-43dc-85ca-f0f6f1c1ca5f,2025-11-19 12:17:36.000000,user47,Jira,download,1207,41.5,7f2e77a3-fa84-45eb-b2cb-69c799c062a6,9f042912-bee0-42d2-9ad8-e9edaa335511
5a895bca-628f-4ca5-8af1-ceb90c6ed7c9,2025-11-19 12:23:40.000000,user10,GitHub,download,2170,312.6,13a79dcf-b4b6-462e-9bb9-a93e657f7cff,30f8db48-b936-4be4-bb40-c5a55095e394
13015e18-4d75-4054-ac4e-8cb840478b6a,2025-11-19 12:28:35.000000,user30,SAP,upload,505,79.45,774e8ab8-40d7-4325-80fb-386fc83d76d0,884da6ac-68da-4189-b5d3-b16429db4d3b
1c3dc640-4f37-417d-8c5b-bcec905805e1,2025-11-19 12:33:15.000000,user16,Databricks,modify,3332,464.3,447e3318-11de-42a8-9208-0e0605916596,6616041d-beb3-4ba3-b1ab-8ae47fc271e7
87e74174-f925-43df-b09e-cea2575421e6,2025-11-19 12:50:38.000000,user23,Salesforce,upload,1300,452.44,5235d2ba-af46-4133-bc04-6a4910c945f7,a9513a1f-b06e-4185-9ff8-5245cacdfbbb
b665ddd3-19b8-4819-8b5f-885cb32ce930,2025-11-19 13:16:26.000000,user47,Jira,view,2071,169.23,7f2e77a3-fa84-45eb-b2cb-69c799c062a6,779be8b0-ffaa-4ea2-9026-3f735c61170d
ade4e736-9bf1-46f6-af96-51241bb94361,2025-11-19 13:30:22.000000,user47,Snowflake,modify,1237,290.98,7f2e77a3-fa84-45eb-b2cb-69c799c062a6,
621f25d5-eb29-4a5f-b15d-c5f5a0c9fe0a,2025-11-19 13:37:08.000000,user12,GitHub,modify,59,424.75,7998af2f-61d4-4508-bf9d-421be9e776f0,6aabf794-05b9-4c48-8442-99139fc97c81
5f7fc417-04ef-4534-aee7-5dd9dafaee3b,2025-11-19 13:47:28.000000,user39,Salesforce,view,1188,97.28,7ef07501-73f4-4d96-bcef-f0b5aa1852f9,e18255b7-adda-4d71-bcd9-c13a84578893
ddb5ea4c-bc02-486b-a957-6ecee5a0e104,2025-11-19 14:34:22.000000,user18,Snowflake,view,53,420.91,b2eb7d99-babd-4e1a-803a-d97e2da335da,05201160-1e2f-46a0-a5f3-b4b5e28f6840
3fd94619-c24f-4190-83cf-00ef6c30b25c,2025-11-19 14:39:58.000000,user16,Databricks,upload,775,132.6,447e3318-11de-42a8-9208-0e0605916596,
e4b63594-99c7-40d0-9070-f97f16a63a2a,2025-11-19 15:40:36.000000,user23,GitHub,download,1830,109.2,5235d2ba-af46-4133-bc04-6a4910c945f7,
29bfe70f-9420-4de9-abc0-5ed6156d763a,2025-11-19 15:43:44.000000,user23,Jira,view,816,127.83,5235d2ba-af46-4133-bc04-6a4910c945f7,a9513a1f-b06e-4185-9ff8-5245cacdfbbb
466216ce-6670-49da-8de6-a9ca7fbe229f,2025-11-19 15:57:00.000000,user10,Snowflake,download,463,159.31,13a79dcf-b4b6-462e-9bb9-a93e657f7cff,
6d688e73-b177-4540-ba5a-77d526d2aab9,2025-11-19 16:04:56.000000,user18,Workday,view,2502,333.27,b2eb7d99-babd-4e1a-803a-d97e2da335da,67117661-27aa-4da4-b986-ab495f8f2687
4dc5703a-ff24-4a4e-9a35-632861543bf6,2025-11-19 16:15:06.000000,user18,Jira,download,3298,404.49,b2eb7d99-babd-4e1a-803a-d97e2da335da,
8abe704c-922c-4ea6-9e1a-61205a79a695,2025-11-19 17:39:13.000000,user19,Workday,upload,1220,428.04,c14fe228-89e2-4575-bb46-c01837afb7e1,81726ace-2b2c-4e9a-b784-5726e79da85f
12ec228e-6f05-4b61-a653-d273d1c7d2ae,2025-11-19 17:39:52.000000,user47,Jira,view,252,199.03,7f2e77a3-fa84-45eb-b2cb-69c799c062a6,
5c3d9b99-c564-4e3c-a464-8a8967b9e0e5,2025-11-19 18:35:26.000000,user10,Salesforce,view,1672,408.02,13a79dcf-b4b6-462e-9bb9-a93e657f7cff,
234fd75c-2635-4b0a-afd5-8d737bffbe44,2025-11-19 18:57:47.000000,user23,Jira,view,3065,235.51,5235d2ba-af46-4133-bc04-6a4910c945f7,
584503da-1c54-4a20-94f0-1f2097b92f2f,2025-11-19 19:08:52.000000,user36,Databricks,view,494,52.66,bc4105ae-82e6-4626-9792-23d7cad7de83,80af903e-90ac-4904-bfab-6d1fe8545a24
d2050f17-6731-40d2-9205-a16ad69f55c6,2025-11-19 19:36:28.000000,user36,Snowflake,download,1681,441.58,eb1dd758-b4dc-4229-8275-ea76d7d23d34,
7bb356f0-7071-4e0c-9bed-ba52570d82ee,2025-11-19 19:43:11.000000,user45,Jira,upload,1769,129.3,ea2eb30b-6bd6-46f8-a38d-d634fae9f845,
416ba023-5f93-4271-910a-df60f6a8d8f3,2025-11-19 19:43:38.000000,user22,Databricks,upload,3152,344.56,0d95e498-15d1-4d72-a3a3-9dc5cb15195c,51c56aef-2c7e-49ba-96b8-569a16df96b7
6cdb33e1-6b18-4f79-8438-21662f910e42,2025-11-19 19:47:55.000000,user45,Jira,upload,1669,28.35,ea2eb30b-6bd6-46f8-a38d-d634fae9f845,
a95af442-c1d9-4347-81f1-0aa717591869,2025-11-19 19:58:04.000000,user19,GitHub,download,1093,7.1,c14fe228-89e2-4575-bb46-c01837afb7e1,1a621056-d1e3-4527-8fb8-36383826e144
cbe7b765-b45a-457a-bdc1-22c23360b03a,2025-11-19 20:27:33.000000,user45,SAP,download,1233,64.02,ea2eb30b-6bd6-46f8-a38d-d634fae9f845,99096180-c22e-4bf3-a56d-86a1caa4be78
5918e05e-dde9-4ad5-ad39-7c8abc6e87e2,2025-11-19 20:29:57.000000,user23,GitHub,view,2378,445.79,5235d2ba-af46-4133-bc04-6a4910c945f7,
560e04e3-cdea-4146-8e7d-b222ea70a214,2025-11-19 20:54:21.000000,user43,Workday,view,2752,476.23,dbe9cfa4-fcc1-44d6-a76b-77bce5a2413c,7962a4f2-0143-4d08-910b-9e5b6038413e
67947b08-7b13-43f7-8b29-ffbf9dfae9ea,2025-11-19 21:21:56.000000,user22,SAP,view,3455,61.93,0d95e498-15d1-4d72-a3a3-9dc5cb15195c,
c9d2a222-ef90-426d-a1f9-615a5cd34e39,2025-11-19 22:12:27.000000,user45,GitHub,download,1631,159.98,ea2eb30b-6bd6-46f8-a38d-d634fae9f845,f1bb58b5-2a45-48d5-847c-03390768bb6b
90f3f57f-fb80-479f-86fd-31f3f9456a39,2025-11-19 22:32:23.000000,user43,Snowflake,download,694,15.78,dbe9cfa4-fcc1-44d6-a76b-77bce5a2413c,
9db08f8f-480e-46fd-9afb-b8074b4b7327,2025-11-19 22:49:09.000000,user24,Databricks,view,1153,54.13,1e5e9b94-6188-42a3-9dec-88f574b56b48,94dc5986-9103-43e5-8dd1-0dcd4aeddcf9
db2ccabd-012b-40d0-93fe-3db733656564,2025-11-19 22:54:49.000000,user22,SAP,download,1817,73.1,0d95e498-15d1-4d72-a3a3-9dc5cb15195c,51c56aef-2c7e-49ba-96b8-569a16df96b7
9d74a405-8bb7-4152-979c-5a8bbcc60420,2025-11-19 23:06:18.000000,user17,Workday,modify,1970,10.25,7a9a53b3-ff93-463c-89e8-a06ec73130a4,53eb2470-ba66-4ff5-9bf3-a6036ab5abb3
eab23e6f-702b-46f6-bb8e-0e4c9a9b9ad3,2025-11-19 23:06:52.000000,user16,Jira,view,946,321.29,7eafc281-1323-43cb-96c4-41e4f525af90,be8f51ce-eb26-4959-972d-00979150cf6c
4b1fc670-fb86-4f4a-91f0-ea2cd9e75281,2025-11-19 23:25:32.000000,user30,SAP,modify,1209,39.41,b856e379-72a8-4e41-b1f6-757e1fbe0bef,a74ca85e-b5fe-4711-933d-8c4567480df5
ecd352fa-ce33-438a-a8ef-99ba865f42c5,2025-11-19 23:51:04.000000,user45,Salesforce,upload,430,314.33,ea2eb30b-6bd6-46f8-a38d-d634fae9f845,
179ea142-b4a3-4a0f-bda2-339c3a0a9917,2025-11-20 00:03:14.000000,user45,Snowflake,download,757,370.1,6edac913-5b2f-4b9a-b5bb-f82285ae31c0,252c74b3-f2ca-4dbf-a402-3cb95bcb79b3
974e7276-2f21-4e7e-8b7b-5d4cdccc2972,2025-11-20 00:22:04.000000,user30,Jira,modify,1629,199.71,b856e379-72a8-4e41-b1f6-757e1fbe0bef,608b40df-7c5c-4a8c-8d06-e61f2d2befb1
101ea56c-9d8f-48ca-acf8-6b1337199483,2025-11-20 00:49:06.000000,user16,Workday,modify,2621,53.49,7eafc281-1323-43cb-96c4-41e4f525af90,742cfb6f-3883-4bc6-9784-c1cf7d4af380
33e3e900-355e-48f0-82ed-f3e595136031,2025-11-20 00:50:53.000000,user50,Jira,download,591,173.76,fb4745a7-2231-4d91-9811-f36ac633f434,7bee73de-c15a-48f9-8fb0-461a149edf76
c42fc403-4c2e-4a55-b7e4-d5da1f834afe,2025-11-20 00:55:06.000000,user50,Databricks,view,1915,468.34,fb4745a7-2231-4d91-9811-f36ac633f434,
e2b417ba-c25f-46d0-b6ba-0e8acaecadf7,2025-11-20 01:11:13.000000,user22,Salesforce,modify,3518,146.16,0d95e498-15d1-4d72-a3a3-9dc5cb15195c,51c56aef-2c7e-49ba-96b8-569a16df96b7
a01a6ded-db22-4953-9016-9ddc3611c839,2025-11-20 01:25:09.000000,user30,Databricks,view,1371,362.41,b856e379-72a8-4e41-b1f6-757e1fbe0bef,52f11624-e766-4d14-a725-b3ca5bb6ac77
1f64a374-c1d2-4c12-ad3a-b9f93097c17e,2025-11-20 01:53:48.000000,user30,Snowflake,download,168,389.78,111583a2-f9b5-4297-9821-04978e556f2b,
a1a3c292-dbc6-4514-a495-5e964dc99711,2025-11-20 02:52:04.000000,user24,SAP,modify,1550,492.88,1e5e9b94-6188-42a3-9dec-88f574b56b48,447457ba-81ba-4e71-8e51-e332a723b1c9
d229c2d7-fc47-4fb8-a053-2789200ff067,2025-11-20 02:55:41.000000,user17,Jira,view,414,332.76,7a9a53b3-ff93-463c-89e8-a06ec73130a4,b2829cec-79f6-400a-9348-e3ae096c7fda
57986d1b-e5ce-448a-9b9e-9fb9a2d7bcf5,2025-11-20 03:07:55.000000,user50,Workday,modify,888,121.47,fb4745a7-2231-4d91-9811-f36ac633f434,f3c0d464-4948-4d9f-b157-ad50e7728df2
0582aeea-b69b-497e-9255-0d05a5a49dac,2025-11-20 03:13:48.000000,user17,Databricks,upload,3457,121.47,7a9a53b3-ff93-463c-89e8-a06ec73130a4,
8563fdca-9d2a-4ef8-ac25-901942839ae4,2025-11-20 03:32:31.000000,user30,Snowflake,download,3110,433.23,111583a2-f9b5-4297-9821-04978e556f2b,
2bbe4041-4fbb-41fe-877d-fd75aa66ea87,2025-11-20 03:33:59.000000,user2,Jira,upload,488,185.44,40b7f8e3-bf72-41f8-9e7f-277b6a94062f,427ec365-2dd6-43e8-93ed-27d35e02f876
c8800d9b-1454-4009-aad3-316371627985,2025-11-20 03:34:50.000000,user24,SAP,upload,1884,374.1,1e5e9b94-6188-42a3-9dec-88f574b56b48,
50357280-41c6-42ad-a0a3-f86748522e00,2025-11-20 04:23:44.000000,user16,Salesforce,view,2647,242.28,7eafc281-1323-43cb-96c4-41e4f525af90,dbf03ca5-fe48-4ef0-a270-10ad7b9d0b03
05269bd1-c57c-4c02-9f30-5e731136a8c7,2025-11-20 04:27:51.000000,user24,SAP,upload,2030,153.91,1e5e9b94-6188-42a3-9dec-88f574b56b48,447457ba-81ba-4e71-8e51-e332a723b1c9
14513612-f482-4424-bac7-c8640d0a6fec,2025-11-20 04:43:15.000000,user17,SAP,download,3294,431.44,7a9a53b3-ff93-463c-89e8-a06ec73130a4,
5c080139-0c93-4630-9a83-dcd5b7fee652,2025-11-20 04:57:21.000000,user30,Snowflake,upload,2008,460.93,b856e379-72a8-4e41-b1f6-757e1fbe0bef,
d33af2c2-e3f6-42eb-9639-24d7e6e4351f,2025-11-20 05:08:04.000000,user24,Workday,upload,766,454.19,3e26fa1a-17fd-4f0f-bfa2-b46e14bae300,a46d2d5d-dd50-4174-8f65-4fb724b0ddad
41347c5f-4f14-4f29-a4ac-8f6002c6e085,2025-11-20 05:10:45.000000,user24,Databricks,modify,855,158.46,3e26fa1a-17fd-4f0f-bfa2-b46e14bae300,a46d2d5d-dd50-4174-8f65-4fb724b0ddad
5b0416c7-d27a-40e2-8983-5b72770c4f47,2025-11-20 05:10:46.000000,user35,Workday,download,534,212.88,026c43c8-8f37-44ea-b47d-909bf7db4ad7,
8c785111-18ee-497b-8b81-24f5c3c1a2f2,2025-11-20 05:27:58.000000,user17,Salesforce,download,2311,286.58,7a9a53b3-ff93-463c-89e8-a06ec73130a4,05aad117-c96c-4b0a-94e1-be69227939d8
a8bea366-967b-48f4-a42a-48cfd55b7935,2025-11-20 05:59:19.000000,user50,Salesforce,view,2121,488.56,fb4745a7-2231-4d91-9811-f36ac633f434,
87566231-a832-4ac6-a474-401c9fc65a02,2025-11-20 06:43:36.000000,user35,GitHub,view,806,140.35,026c43c8-8f37-44ea-b47d-909bf7db4ad7,d320074d-1f8d-4a8d-9be0-5d38efb2846e
e9bc808f-ec4b-4aca-9b2a-571252c9a167,2025-11-20 06:48:16.000000,user50,Snowflake,download,2087,399.73,fb4745a7-2231-4d91-9811-f36ac633f434,
411ce53b-3061-4b0f-9bef-e2e3cf15ad39,2025-11-20 06:56:52.000000,user17,GitHub,modify,1557,472.82,959d8121-382c-4e23-8406-d69f3b5780d7,799697f9-f559-4b2c-9af8-86f9760cc315
54e43883-b5e0-4620-9f0a-5ef7d5a28d75,2025-11-20 07:15:37.000000,user17,Snowflake,view,1010,328.15,959d8121-382c-4e23-8406-d69f3b5780d7,9812fce7-161c-40de-a265-28aedb30a13f
df28f2dc-930e-43ab-be30-f47adf77b91f,2025-11-20 07:47:07.000000,user45,SAP,modify,78,304.99,03092ced-1d85-45e4-9d64-ed600816374a,
5d00887b-f2a6-4fb8-b7a2-7d925a771c42,2025-11-20 07:52:35.000000,user2,SAP,upload,617,171.85,40b7f8e3-bf72-41f8-9e7f-277b6a94062f,27c9c5fe-39c0-4359-a28b-b1410af170f6
da1ad13f-6486-404c-b766-0b21e4b809e7,2025-11-20 08:59:49.000000,user47,Snowflake,download,3246,125.39,4214a5a4-f4c2-44c3-9165-40e1774a90a4,5700cae1-3fcb-43fd-8045-cf86217de7a9
2dca3fa6-77ae-4594-9a46-1d37e4ff50d9,2025-11-20 09:14:26.000000,user26,Jira,modify,1649,148.4,5fa94639-dbb8-4ece-8dec-4c098081738f,c15b5a48-2ac7-4cda-a096-0f3b7cbab210
0feb1c4a-8ab1-41de-851e-2ed6847f8447,2025-11-20 11:04:59.000000,user26,Databricks,view,3566,383.28,5fa94639-dbb8-4ece-8dec-4c098081738f,5e2b1b47-b4ed-47fe-b1c2-f3ebbbd02a02
df88080c-9a27-4352-8b1e-b284f83cc831,2025-11-20 11:17:19.000000,user16,Workday,view,1048,240.54,16a46939-5533-462e-87af-17cffee7e075,d9980874-a3aa-4876-9288-9b82d1c09e3d
ca756e8a-610f-46b6-8463-786806d19d05,2025-11-20 11:23:44.000000,user19,Jira,view,2779,125.85,d3f22bc3-b63f-46dd-9f69-071ba1b72e53,
6dadfe03-eb75-41db-af18-ba67cbd27be5,2025-11-20 11:47:21.000000,user19,Workday,upload,1312,154.98,d3f22bc3-b63f-46dd-9f69-071ba1b72e53,8bcf9ce9-4768-4c59-aa77-ee47f46f68d6
e07ceacd-4ded-4e38-8026-e91125c6a5d4,2025-11-20 11:53:45.000000,user19,Jira,modify,2257,62.53,d3f22bc3-b63f-46dd-9f69-071ba1b72e53,
004ea4f7-48d9-45b9-b038-07d80942a951,2025-11-20 12:38:34.000000,user17,Jira,upload,2181,416.31,959d8121-382c-4e23-8406-d69f3b5780d7,dce39cbb-95e8-469b-8b9c-e096b29989f9
8d2786c4-9099-4e2f-981f-33db3b95fbab,2025-11-20 12:47:13.000000,user29,GitHub,upload,2956,299.69,3ccad8c0-c37e-4a36-8f38-25ea0f27f9b2,
8f179065-f81e-4037-bcb1-6b4f60df92ab,2025-11-20 13:03:17.000000,user17,SAP,view,552,291.91,959d8121-382c-4e23-8406-d69f3b5780d7,1e10a6e9-47dd-47f3-91e5-b5362171ec0e
eae6435d-1466-40e2-9811-c73c1b962b8e,2025-11-20 13:03:34.000000,user26,Jira,upload,1888,75.33,5fa94639-dbb8-4ece-8dec-4c098081738f,d593038b-c884-4eb3-9ba7-b886d14d7c2e
754d77bb-d83a-4fa0-9928-bdcad518388b,2025-11-20 13:18:46.000000,user16,Salesforce,download,2156,103.35,16a46939-5533-462e-87af-17cffee7e075,
0286bfd2-b170-4006-8b9a-3ad77c087b8d,2025-11-20 13:21:51.000000,user19,Snowflake,view,1344,456.97,d3f22bc3-b63f-46dd-9f69-071ba1b72e53,
cc712a0f-4594-4433-8a47-d3a31c79638e,2025-11-20 13:28:34.000000,user7,Snowflake,view,3221,256.08,6e6f71cb-7a7b-4409-b07b-5805e086bc84,
b9115022-58a1-4d41-9469-0ca5addf416f,2025-11-20 13:33:34.000000,user16,SAP,view,2142,4.26,16a46939-5533-462e-87af-17cffee7e075,dbf03ca5-fe48-4ef0-a270-10ad7b9d0b03
3eb438d5-f8bd-467b-8eea-56dfcfa5e237,2025-11-20 13:52:54.000000,user17,Databricks,modify,601,411.57,959d8121-382c-4e23-8406-d69f3b5780d7,9812fce7-161c-40de-a265-28aedb30a13f
b108e7f5-54a6-4fd8-b0b9-2e79bd05bd98,2025-11-20 14:00:18.000000,user7,Salesforce,modify,3528,103.03,6e6f71cb-7a7b-4409-b07b-5805e086bc84,
7c432b7c-2da0-4846-8621-f2dcd196b6cf,2025-11-20 14:08:34.000000,user16,Snowflake,download,3371,473.22,16a46939-5533-462e-87af-17cffee7e075,be8f51ce-eb26-4959-972d-00979150cf6c
fa677c78-6ddd-4e66-8292-4c86e62db6f2,2025-11-20 14:11:48.000000,user47,Workday,download,272,470.62,4214a5a4-f4c2-44c3-9165-40e1774a90a4,beaaa680-6bec-4fdd-96b0-ded9ef93d47e
545763dc-025d-42e2-aaa3-cd7e9fe52880,2025-11-20 15:53:17.000000,user16,Snowflake,upload,467,312.67,16a46939-5533-462e-87af-17cffee7e075,dbf03ca5-fe48-4ef0-a270-10ad7b9d0b03
d14d2488-d50c-47e3-80c8-7b486592e27a,2025-11-20 16:31:25.000000,user19,Databricks,view,838,222.69,d3f22bc3-b63f-46dd-9f69-071ba1b72e53,
b55db8ca-f1a1-4dd3-aefc-8673e6913b18,2025-11-20 17:09:10.000000,user7,Databricks,modify,2149,496.22,6e6f71cb-7a7b-4409-b07b-5805e086bc84,
9ff34505-3afa-49eb-bafd-8c806c5174db,2025-11-20 23:06:32.000000,user31,Jira,upload,440,161.24,a51805d9-8f0e-4659-a8a0-265c40a68958,980e07e4-d144-4108-ba59-fa5c2a10374a
9e5ff060-17d1-4386-87de-cfc37099a35e,2025-11-21 00:00:41.000000,user37,Jira,modify,3422,135.88,8d49b75e-8781-4cb0-a749-046ef8cb7d4c,342a389d-bc1f-465d-ab71-6269d1b6be9a
d1a5ceb8-1cbc-4544-966d-488f10b0467a,2025-11-21 00:54:40.000000,user31,Workday,modify,401,50.83,a51805d9-8f0e-4659-a8a0-265c40a68958,54051b9c-148f-4394-9326-d32b45df1e5c
5e4ed462-bffa-48db-846b-64313e5e2c62,2025-11-21 01:14:15.000000,user39,Jira,view,3200,474.01,375d5e1c-c433-41c7-851f-7a25dd8077a6,b76ee81f-d21f-489a-a81f-04e7f0f8ed31
1ee68750-97c6-4134-84e3-b41b08e23199,2025-11-21 01:49:59.000000,user31,Salesforce,download,3045,177.7,a51805d9-8f0e-4659-a8a0-265c40a68958,980e07e4-d144-4108-ba59-fa5c2a10374a
cf1ae121-7dd7-46c9-99f7-f84e56a319d6,2025-11-21 01:54:12.000000,user36,SAP,upload,2045,241.14,37a94144-9de3-40d5-b1af-4524b1240f6b,
4941e48f-d850-406e-8f13-8a3438eee33b,2025-11-21 01:54:22.000000,user31,Jira,download,279,322.67,a51805d9-8f0e-4659-a8a0-265c40a68958,f08634f1-d84e-4db9-85f2-283d0c58861f
8eb3ea0a-17e4-4be1-ba16-5211e63117e4,2025-11-21 02:36:59.000000,user31,Databricks,modify,3075,17.63,a51805d9-8f0e-4659-a8a0-265c40a68958,
1d17a99e-01ac-4430-ab91-dd93cfc4cae2,2025-11-21 03:26:12.000000,user9,Snowflake,upload,1410,372.04,17c54dfa-3bb7-4c6f-9a05-ee68f9b1590d,285b9f7c-851c-43d9-98c4-a29939c3551a
00ef1e2f-5227-4a42-a4cb-fbb378fc22c9,2025-11-21 04:12:31.000000,user2,SAP,view,3474,95.97,27603bce-5fa6-44f1-b14a-5b1e0fa72e28,427ec365-2dd6-43e8-93ed-27d35e02f876
bf62278a-3cba-42c5-8d1a-63619f170220,2025-11-21 04:13:33.000000,user11,Salesforce,view,2358,302.64,3a831e32-4166-4566-8c7e-40387d983171,
ae656ad9-4089-4c91-bd2e-89976cd6edad,2025-11-21 04:48:04.000000,user11,Databricks,view,3365,225.7,997d12fb-96cc-454f-8140-9b2246c5a1bb,5362b7a8-b5c7-4d77-8476-38ee2d8b5a3d
a893d154-8349-4934-860f-8d8684304563,2025-11-21 04:48:35.000000,user37,Snowflake,download,429,405.56,8d49b75e-8781-4cb0-a749-046ef8cb7d4c,a417c8aa-10f4-4149-ac0d-5e38a83f0690
e5f9eccd-5e9f-4629-a578-7b9d939ba78c,2025-11-21 04:53:12.000000,user37,Snowflake,upload,1549,259.16,8d49b75e-8781-4cb0-a749-046ef8cb7d4c,7cf88bf6-9aab-4ca7-83e1-f637c8ff2d9d
2aa146bd-add1-4b21-9f68-5d223829df4d,2025-11-21 05:10:52.000000,user43,Workday,view,1271,436.69,ffb6dc8d-8505-4cc3-a85a-2dfe43e02d81,c5c37446-11e2-4d7b-abff-646ac3e1856e
e917612e-d2c4-431d-aaef-d91ea931f035,2025-11-21 05:47:02.000000,user46,Snowflake,view,1233,19.67,61d2d961-a306-47ef-86f9-925a6a2bc364,
e3df8bc2-cd0f-46cd-ad8e-51ec741b7fbf,2025-11-21 05:54:24.000000,user37,Jira,upload,1988,122.67,8d49b75e-8781-4cb0-a749-046ef8cb7d4c,951ac8f2-d9d9-481a-ae43-df01758bc9a2
63bb6a3e-cd9a-49ab-8e98-5ebd2e78c3b7,2025-11-21 06:01:28.000000,user11,GitHub,modify,1605,403.73,997d12fb-96cc-454f-8140-9b2246c5a1bb,5362b7a8-b5c7-4d77-8476-38ee2d8b5a3d
a0a09c98-fea0-41a6-8e38-31eb5acf68ef,2025-11-21 07:44:13.000000,user9,Workday,download,1475,89.26,ba5a2dd9-8873-4d10-897e-c2d8ce8b5dc9,285b9f7c-851c-43d9-98c4-a29939c3551a
b3b6813a-88a0-489f-a067-1879a09c2c95,2025-11-21 07:49:33.000000,user43,Snowflake,upload,2858,333.32,ffb6dc8d-8505-4cc3-a85a-2dfe43e02d81,c5c37446-11e2-4d7b-abff-646ac3e1856e
dc2782ee-0c39-4329-b237-a5a6f340530b,2025-11-21 07:52:13.000000,user40,Snowflake,modify,1315,347.97,c4931e4f-8453-4ecc-b632-4203203b426e,
c1cbce32-f279-44ee-8813-c1394c3c5fab,2025-11-21 07:56:28.000000,user9,Snowflake,view,818,265.64,ba5a2dd9-8873-4d10-897e-c2d8ce8b5dc9,ac602fe5-9be1-48b7-976e-a1007df90323
3e1e01ad-d171-4805-a5c3-57f2abd350a1,2025-11-21 07:58:14.000000,user11,Snowflake,download,1375,417.4,997d12fb-96cc-454f-8140-9b2246c5a1bb,
dfcfb31c-4cc4-4eaf-b709-423f69e5d849,2025-11-21 08:32:41.000000,user43,Salesforce,modify,175,462.45,ffb6dc8d-8505-4cc3-a85a-2dfe43e02d81,c5c37446-11e2-4d7b-abff-646ac3e1856e
c1e1ecea-243c-4fc6-a74b-f6b59e9e2100,2025-11-21 08:39:31.000000,user40,Salesforce,upload,1982,274.82,c4931e4f-8453-4ecc-b632-4203203b426e,
af5e82a9-54bd-49a7-adc4-55138974abc4,2025-11-21 08:47:01.000000,user43,Snowflake,modify,228,59.4,ffb6dc8d-8505-4cc3-a85a-2dfe43e02d81,c5c37446-11e2-4d7b-abff-646ac3e1856e
74782fdd-4f14-4b31-8fb0-b7a9a91f9067,2025-11-21 09:48:08.000000,user35,GitHub,view,1828,434.14,125749ac-42e0-4baa-8a05-ff82052bad33,d320074d-1f8d-4a8d-9be0-5d38efb2846e
e907bc81-5d08-480b-a2bd-2ed00581718c,2025-11-21 09:48:53.000000,user31,Salesforce,modify,3551,141.73,50e32349-b380-47aa-87cc-f160bb3e421f,9d319081-fa17-4ebb-9222-6579bbccd83e
478e5a95-da9e-4611-a967-af36b766241a,2025-11-21 10:37:27.000000,user46,Salesforce,modify,788,254.74,700a5dcc-7e09-46ec-b59e-5e59e1d34f6e,
a570e103-56a0-40dd-85fb-bc9760c2571a,2025-11-21 10:55:35.000000,user31,GitHub,download,1467,86.03,50e32349-b380-47aa-87cc-f160bb3e421f,
627c3c83-c36f-41eb-a7cf-004436a1f8eb,2025-11-21 10:55:39.000000,user11,Jira,upload,2913,223.9,3a831e32-4166-4566-8c7e-40387d983171,423c984e-e471-41d8-9520-6c2b9048f7f0
4a64408a-61b4-469c-9853-f08bb636af91,2025-11-21 11:25:34.000000,user11,Workday,download,2240,429.99,3a831e32-4166-4566-8c7e-40387d983171,
2c6c41e2-b7fd-48bf-8e54-247e2bbb6701,2025-11-21 11:40:45.000000,user35,Databricks,modify,528,292.39,125749ac-42e0-4baa-8a05-ff82052bad33,
6573d966-0b5a-49f0-a1c9-9994638370d2,2025-11-21 12:03:37.000000,user43,GitHub,upload,789,17.77,ffb6dc8d-8505-4cc3-a85a-2dfe43e02d81,38324122-0408-4a40-b1f0-448e99912f04
42ecf14c-6b27-457d-9b0b-3e91bec295f5,2025-11-21 12:05:46.000000,user35,Workday,download,802,409.46,125749ac-42e0-4baa-8a05-ff82052bad33,148b7787-e0e3-4eed-a4e3-7cd86ffbed1f
0785c5ae-fe0b-42f2-abd0-15aac014a4f4,2025-11-21 12:10:17.000000,user46,GitHub,download,2461,210.29,700a5dcc-7e09-46ec-b59e-5e59e1d34f6e,
66e1b908-94e3-4414-8f11-f72627990641,2025-11-21 12:26:53.000000,user46,Jira,download,108,285.88,61d2d961-a306-47ef-86f9-925a6a2bc364,aa7e2cc4-be86-4748-a5e4-51c8bf7091f8
460b5221-fcd9-4329-87b2-06296c5f5e5b,2025-11-21 12:36:30.000000,user31,GitHub,upload,2582,231.52,50e32349-b380-47aa-87cc-f160bb3e421f,0d16b1f4-e5a1-4944-8def-765ac61dec0f
ed98f381-a9ae-483c-88f7-92265c3def2b,2025-11-21 12:42:17.000000,user9,SAP,view,1537,283.51,ba5a2dd9-8873-4d10-897e-c2d8ce8b5dc9,7f48b1d5-ff6e-4502-94e3-0c3986ba743f
b943d059-07e1-47f8-9419-fc8c060f6eea,2025-11-21 13:03:28.000000,user9,SAP,view,395,493.88,ba5a2dd9-8873-4d10-897e-c2d8ce8b5dc9,b67adbb1-c83d-4400-adcc-be26c44f33a2
49e3cbb3-9b5e-4520-93ab-be7ff64fce5d,2025-11-21 13:11:10.000000,user46,SAP,modify,1059,341.91,700a5dcc-7e09-46ec-b59e-5e59e1d34f6e,
4760e2ee-4b0f-46dd-8a37-c0223b4fc89a,2025-11-21 13:24:20.000000,user46,Jira,upload,1297,260.05,61d2d961-a306-47ef-86f9-925a6a2bc364,87929e36-fbe5-4efe-bf31-308ec7a3f55e
b0d74a26-a070-4756-9e0f-92957eadd63d,2025-11-21 13:33:42.000000,user50,Workday,modify,1466,56.65,7c6577ab-2c6f-4673-9bab-4cbf3ce5de27,7bee73de-c15a-48f9-8fb0-461a149edf76
3007830e-1106-493c-992e-5f1a5aa322d8,2025-11-21 14:09:15.000000,user46,GitHub,download,438,207.23,700a5dcc-7e09-46ec-b59e-5e59e1d34f6e,87929e36-fbe5-4efe-bf31-308ec7a3f55e
3ee572a9-ffd3-4b40-990f-c7c3ee63cdd0,2025-11-21 16:42:42.000000,user29,Jira,download,2873,475.25,bb3640ad-ee58-4892-9ce2-bbdd8e9ce425,9c9480e1-e620-4610-81e4-8490cedc0467
e5d8e09d-b3e9-4257-992b-77e230982ffa,2025-11-21 17:10:51.000000,user35,SAP,view,2859,481.25,125749ac-42e0-4baa-8a05-ff82052bad33,
f05edac8-884e-4eee-b43f-b95787f514a0,2025-11-21 17:14:28.000000,user29,Databricks,upload,2392,329.25,bb3640ad-ee58-4892-9ce2-bbdd8e9ce425,9c9480e1-e620-4610-81e4-8490cedc0467
6ac0959b-9cd9-4b7c-9292-d77b001f0b3b,2025-11-21 17:20:14.000000,user35,GitHub,view,2618,216.99,125749ac-42e0-4baa-8a05-ff82052bad33,148b7787-e0e3-4eed-a4e3-7cd86ffbed1f
794902de-69ce-4bd6-8d2a-d001c917eb8d,2025-11-21 17:29:15.000000,user50,Jira,download,2758,319.66,7c6577ab-2c6f-4673-9bab-4cbf3ce5de27,
2b0aa733-0769-4ec2-b731-0eafe34e9fe4,2025-11-21 18:39:32.000000,user17,Workday,download,2621,64.37,11d3bd8f-edc2-4b82-943f-87a61eed5896,8fba1cc0-ed98-4402-bf99-afe91cc015ed
2de0cfe8-8830-4631-8494-1b3ab3156c3e,2025-11-21 18:42:33.000000,user32,Workday,download,256,68.25,a643af1f-616c-4793-a97d-1bee5e5e2ad0,d0f71308-4deb-490b-845d-011dfd1992e5
5ff6bd1d-ec30-4b39-9a6f-9544f9c07bfd,2025-11-21 18:45:43.000000,user32,Jira,download,3408,497.18,a643af1f-616c-4793-a97d-1bee5e5e2ad0,
3323ab0f-6409-4f11-aa40-c1d74042bfcd,2025-11-21 18:59:59.000000,user10,Salesforce,view,2969,429.74,9c5d5be1-484f-474c-8c0c-173b67e4be5f,
9cc51bb4-a32e-44d1-9eb8-09f930fd5b22,2025-11-21 19:09:43.000000,user50,Workday,upload,1689,118.08,7c6577ab-2c6f-4673-9bab-4cbf3ce5de27,7bee73de-c15a-48f9-8fb0-461a149edf76
c6057f72-6f50-47e1-ad78-fda38b1c4a0e,2025-11-21 19:10:30.000000,user10,Salesforce,modify,3229,289.56,9c5d5be1-484f-474c-8c0c-173b67e4be5f,7bca4937-1150-4982-93b0-874a8aa6e11d
5708d9f4-5f06-4b7e-bb7b-118a597794bf,2025-11-21 19:15:08.000000,user32,Jira,download,1334,288.01,26fc55ec-7101-4b4d-b6a2-3b77feb70631,
74ba3bba-9da7-4bdc-ac0d-4fae2019afee,2025-11-21 19:24:45.000000,user23,Salesforce,download,3314,52.2,eaec560a-847c-4245-a974-5e64d7609691,
38a74448-37ea-4849-b99d-6f89672fe49c,2025-11-21 19:29:03.000000,user29,Jira,download,3493,464.25,bb3640ad-ee58-4892-9ce2-bbdd8e9ce425,9c9480e1-e620-4610-81e4-8490cedc0467
8e643b54-2330-4052-9131-6e9d2da56841,2025-11-21 19:33:37.000000,user32,SAP,view,2885,43.69,a643af1f-616c-4793-a97d-1bee5e5e2ad0,
11df84a1-6216-4aff-add8-a494438e93a2,2025-11-21 19:35:26.000000,user32,GitHub,upload,176,320.31,a643af1f-616c-4793-a97d-1bee5e5e2ad0,
7fdba9de-67b7-48bd-8fc5-7a4cada06ef8,2025-11-21 19:47:06.000000,user10,Salesforce,upload,111,444.65,9c5d5be1-484f-474c-8c0c-173b67e4be5f,743bf1cc-03a4-4c76-ae0b-a979f8653498
bebccacd-65e3-4a56-b060-a31f2d1f9455,2025-11-21 20:10:03.000000,user23,Jira,upload,2341,497.49,eaec560a-847c-4245-a974-5e64d7609691,7178f43c-59c7-4c7b-ab22-b62b34b9a955
8fb54353-8ed2-4dd9-8183-17fe4fb39cf9,2025-11-21 20:15:35.000000,user36,SAP,download,687,235.74,f2ff528e-93bc-4165-8e6a-eea6d61c0d02,
809b6f97-e84b-4078-b285-cef985ff35db,2025-11-21 20:21:46.000000,user44,Snowflake,upload,138,499.84,ab0b0ebc-1f5d-4835-af65-e3d14ba343dd,
3f467157-2250-4db5-b3b4-4b52b0a9ca57,2025-11-21 20:23:27.000000,user50,Salesforce,download,2324,10.12,7c6577ab-2c6f-4673-9bab-4cbf3ce5de27,7bee73de-c15a-48f9-8fb0-461a149edf76
8cba35f7-8621-423e-930a-1ef6bed7a251,2025-11-21 20:28:55.000000,user50,Workday,download,872,226.93,7c6577ab-2c6f-4673-9bab-4cbf3ce5de27,7bee73de-c15a-48f9-8fb0-461a149edf76
d9cf0066-5361-46b9-8a21-abd870226890,2025-11-21 20:36:28.000000,user47,Workday,view,3257,318.47,c81cd29a-bf4e-4715-9d52-5f05fb6d9329,9f042912-bee0-42d2-9ad8-e9edaa335511
c8feb04f-b641-42c6-81ce-23965cf309ee,2025-11-21 20:46:47.000000,user29,Salesforce,view,2493,95.67,bb3640ad-ee58-4892-9ce2-bbdd8e9ce425,abf2f8a5-ad48-48c7-84c1-ca097da1e4c4
133d1735-3f28-4f8e-8c46-c6195ef9cdb2,2025-11-21 21:15:40.000000,user44,Jira,upload,1124,466.96,ab0b0ebc-1f5d-4835-af65-e3d14ba343dd,813dc41d-86e7-4d70-9829-f1465deb894c
67c0d15e-41c8-4f40-ba81-a8464762862b,2025-11-21 21:16:18.000000,user36,Jira,view,2968,278.11,f2ff528e-93bc-4165-8e6a-eea6d61c0d02,95d5fb1f-855d-4462-bf1b-16438b8fa706
bab4365d-c396-4045-a2e8-5aa54f3690ec,2025-11-21 21:25:58.000000,user42,Salesforce,view,1997,312.82,d1f4aad7-45ae-4bb6-9440-9189e2f69e4e,05a66d2e-8476-4981-8fe7-c17381adf69a
d6a3436f-239b-4a98-9eaa-b8357ddc943e,2025-11-21 21:26:14.000000,user17,Jira,modify,3292,445.63,54f2dcb4-d37b-4877-8ae3-1eb5b265062e,76b29193-7a56-4586-9e41-d463eef47b78
3466cedd-05ef-428d-968e-23d37d05d3f1,2025-11-21 21:26:54.000000,user20,Jira,modify,3498,269.58,f47e6443-add6-47d8-a8bf-bd6d26382b9e,e7cf9b59-1a95-4376-9ce7-59521cf3ad13
34b66dfc-193b-415c-98b4-554358896337,2025-11-21 22:03:05.000000,user42,SAP,view,116,262.42,d1f4aad7-45ae-4bb6-9440-9189e2f69e4e,05a66d2e-8476-4981-8fe7-c17381adf69a
eafa9beb-7f65-426c-a8f9-d6aa107c64b1,2025-11-21 22:07:38.000000,user23,Workday,download,2818,263.23,eaec560a-847c-4245-a974-5e64d7609691,a9513a1f-b06e-4185-9ff8-5245cacdfbbb
96e31552-9a06-4a63-a1f4-4e7439e07d8a,2025-11-21 22:10:19.000000,user32,Jira,view,2739,152.2,a643af1f-616c-4793-a97d-1bee5e5e2ad0,4ec3d8f8-673a-427b-aeab-7e4ddecbaa48
128be309-2dc8-4536-adc0-c4b35205f974,2025-11-21 22:12:02.000000,user44,Databricks,modify,3421,169.79,ab0b0ebc-1f5d-4835-af65-e3d14ba343dd,79ae3bbe-b92e-49d0-a39b-f202ab802785
0292ba09-cee2-4dcf-b77a-c479cd37464e,2025-11-21 22:32:36.000000,user10,Jira,upload,191,124.39,17eccc5c-b169-4f49-8e49-455824913f0f,2090defb-2e0b-42d6-8ae8-5789cd5e86a2
3e37eae7-857d-47d1-86c4-dcc1d2f2ff84,2025-11-21 22:32:59.000000,user42,Workday,view,609,105.04,d1f4aad7-45ae-4bb6-9440-9189e2f69e4e,a42c4f85-11c1-4db9-8943-9ce00a3cb5cf
c1cc50a1-a8bc-4f48-96ef-967f2515d2c4,2025-11-21 22:53:38.000000,user44,SAP,upload,2936,334.88,ab0b0ebc-1f5d-4835-af65-e3d14ba343dd,3be1af86-db4e-4bd9-ac89-72d47abbc4ee
0becf871-b8c5-4eaf-bdfd-228529fbd8a8,2025-11-21 22:58:24.000000,user27,Snowflake,upload,2498,476.07,ce89eb65-e9b6-4398-b532-c1e89860ebb7,3784c12c-d0dc-42cc-a3cc-41d4ecccc21a
9c3fec2b-280b-4c5c-84c0-bffe395c09f9,2025-11-21 23:25:56.000000,user27,Salesforce,upload,661,109.2,ce89eb65-e9b6-4398-b532-c1e89860ebb7,3784c12c-d0dc-42cc-a3cc-41d4ecccc21a
9e4540b1-e103-465c-bdc5-7000ad2159e4,2025-11-21 23:40:55.000000,user10,Salesforce,modify,3134,390.24,17eccc5c-b169-4f49-8e49-455824913f0f,aac94f2a-168d-450a-b0b2-177011aa9c99
a7b9867a-ba5c-47eb-914c-26abad94ece0,2025-11-21 23:47:30.000000,user27,SAP,modify,142,405.05,ce89eb65-e9b6-4398-b532-c1e89860ebb7,1f68baa5-53ee-4992-838e-2c30cac2725a
a58b85c4-aee9-42d2-953c-0005000aacfe,2025-11-22 00:11:24.000000,user44,GitHub,download,3356,162.56,ab0b0ebc-1f5d-4835-af65-e3d14ba343dd,67924b06-7f40-4cf0-aac4-a8615b2fd9fd
c1fe71cd-3735-467a-a20e-7e3ba5fcbb62,2025-11-22 00:14:05.000000,user23,SAP,download,2413,167.5,eaec560a-847c-4245-a974-5e64d7609691,7178f43c-59c7-4c7b-ab22-b62b34b9a955
93468528-899b-4aa5-9c24-f3691a64a318,2025-11-22 00:58:26.000000,user36,SAP,modify,1974,195.15,f2ff528e-93bc-4165-8e6a-eea6d61c0d02,95d5fb1f-855d-4462-bf1b-16438b8fa706
a1f87571-2749-43fc-8c9d-7e93048dade1,2025-11-22 01:01:44.000000,user25,Snowflake,modify,1867,237.97,06f36a7a-07e7-4cb2-af95-d8e7f8377b1b,
e980076f-f379-4024-9ebe-a6fb96701baa,2025-11-22 01:33:05.000000,user47,GitHub,upload,2245,87.07,c81cd29a-bf4e-4715-9d52-5f05fb6d9329,beaaa680-6bec-4fdd-96b0-ded9ef93d47e
d81d22d6-35a8-4e92-8f2a-314173760307,2025-11-22 01:47:02.000000,user25,Jira,modify,3364,38.24,06f36a7a-07e7-4cb2-af95-d8e7f8377b1b,c1433c5b-09f3-4c09-9e21-ed18bd950db6
0f1674d8-5a2b-42f1-a292-75d71e2d0a83,2025-11-22 01:58:54.000000,user25,GitHub,modify,676,212.83,06f36a7a-07e7-4cb2-af95-d8e7f8377b1b,291d2c05-cd99-483a-bba0-0acb49052869
55307f3b-d062-4b2f-a0a8-b836c8d1357c,2025-11-22 02:07:50.000000,user47,Databricks,download,3376,202.14,c81cd29a-bf4e-4715-9d52-5f05fb6d9329,
147d4c11-cf64-43f0-a339-dd16565f4e30,2025-11-22 02:12:31.000000,user10,Salesforce,view,513,322.79,17eccc5c-b169-4f49-8e49-455824913f0f,6161605b-8f64-4326-ad2f-2729bdcbdb5d
373d8226-26d5-40ff-9a15-08d1c6e68a39,2025-11-22 02:22:48.000000,user25,Databricks,upload,2601,275.4,eb498407-10f8-45be-8fba-d04ab4d67f5c,d734d354-b970-4907-98e7-dc8af18d2176
10e20f8d-1aee-406c-abfa-242cbc328120,2025-11-22 02:23:44.000000,user23,GitHub,modify,2864,180.82,eaec560a-847c-4245-a974-5e64d7609691,
da1cb494-3682-4dd5-b2aa-182532999804,2025-11-22 02:37:48.000000,user10,Snowflake,view,2883,190.29,17eccc5c-b169-4f49-8e49-455824913f0f,743bf1cc-03a4-4c76-ae0b-a979f8653498
0981cc9e-ac92-421f-bbb4-2da044c388aa,2025-11-22 02:56:02.000000,user36,Salesforce,view,1107,217.89,17d07d31-19c2-4e59-960c-29252ac8b278,c1a356b4-c265-41ff-a1d1-97e34285c574
d6cf41ef-aafd-457b-a0af-35045a7ed83c,2025-11-22 04:04:01.000000,user42,GitHub,view,435,194.71,d1f4aad7-45ae-4bb6-9440-9189e2f69e4e,2517e6df-2114-4072-ba4e-65d47510ab07
955ae79e-95e5-46b5-9bd2-1dab7e31372d,2025-11-22 05:01:45.000000,user25,GitHub,modify,2200,250.95,eb498407-10f8-45be-8fba-d04ab4d67f5c,
53de250e-d0dc-4a2d-9c3a-42ee0e210c7c,2025-11-22 05:38:34.000000,user17,Snowflake,modify,104,143.54,1446ee74-f10e-459d-9487-5f5bad90b38f,42e3812f-1807-4a2e-b41b-9c481b358f6f
aaf725e5-d8cb-4e79-a050-da408ddbb46c,2025-11-22 06:02:18.000000,user17,Jira,view,2351,35.46,1446ee74-f10e-459d-9487-5f5bad90b38f,53eb2470-ba66-4ff5-9bf3-a6036ab5abb3
4c2bd89f-93c9-4bc1-b66f-d650c05c8170,2025-11-22 06:24:18.000000,user25,SAP,download,1493,440.39,eb498407-10f8-45be-8fba-d04ab4d67f5c,f1ec4e04-5372-4d8a-ad2e-3e8e813410ca
66b9e703-12f9-463e-9d31-390334435101,2025-11-22 06:49:26.000000,user6,Databricks,download,2317,359.63,33f38679-fde9-410a-b135-3dc0be45ac95,88dd69ee-eba2-462a-b055-8079846c2b0e
2261392e-2297-473c-af91-7f1fbea7d573,2025-11-22 06:57:22.000000,user35,Workday,upload,1331,15.95,0fba1f9f-2042-45ea-968a-c8b6846916cc,2a2d79d2-328f-41ac-8589-0f41afa0160b
1cc70f9e-47d5-483b-9123-ca99baf0f652,2025-11-22 06:57:55.000000,user6,Jira,modify,2104,244.31,33f38679-fde9-410a-b135-3dc0be45ac95,
0e8b4001-8930-411a-818e-5b7cea2c89cf,2025-11-22 07:07:49.000000,user44,Salesforce,download,3577,310.59,9600a1fc-e5ac-407f-9a98-5dfb6e49a29f,813dc41d-86e7-4d70-9829-f1465deb894c
266b9e75-9e2e-4846-94ed-9953dd64ec99,2025-11-22 07:37:43.000000,user44,Jira,view,243,147.99,9600a1fc-e5ac-407f-9a98-5dfb6e49a29f,
84be1f32-4b84-4d90-a248-ee2d2e401303,2025-11-22 07:41:29.000000,user6,Workday,upload,2797,387.24,33f38679-fde9-410a-b135-3dc0be45ac95,ab7e8e1c-2091-4a6f-852d-da2de8d29ab7
c0f57da8-08ae-4c02-aa0f-130c83ac6195,2025-11-22 07:47:27.000000,user17,Jira,upload,1823,265.03,1446ee74-f10e-459d-9487-5f5bad90b38f,7da284e1-50c0-4acb-a50e-f58b3cf62ddd
1f3e2edb-8474-4cbb-ae23-245290c4788e,2025-11-22 08:00:01.000000,user31,Jira,upload,1729,475.84,f70318fb-cfe1-418b-be5d-429099cb7656,
9458064b-488b-4648-842b-52c96fd7a5e3,2025-11-22 08:14:04.000000,user6,GitHub,view,3312,86.56,33f38679-fde9-410a-b135-3dc0be45ac95,ab7e8e1c-2091-4a6f-852d-da2de8d29ab7
f94ac33e-d316-4b7a-b937-0de42089708a,2025-11-22 09:03:13.000000,user17,GitHub,modify,3252,344.55,1446ee74-f10e-459d-9487-5f5bad90b38f,
596f26ff-6561-4d6e-bebc-16910a5bcd04,2025-11-22 09:04:03.000000,user31,SAP,view,154,441.25,f70318fb-cfe1-418b-be5d-429099cb7656,4c01fc74-1a84-43b1-acb2-dd228eae6280
788b3f0f-b3a7-448c-ba65-4cf824cdf26a,2025-11-22 09:06:39.000000,user6,Salesforce,modify,3035,255.59,33f38679-fde9-410a-b135-3dc0be45ac95,
b58a2db9-d96b-4130-a7fd-38d34f4108ee,2025-11-22 10:19:40.000000,user44,Workday,upload,440,372.08,9600a1fc-e5ac-407f-9a98-5dfb6e49a29f,813dc41d-86e7-4d70-9829-f1465deb894c
dfb9740b-ded6-4b0b-8e42-196071c5cf2b,2025-11-22 10:24:02.000000,user44,Jira,view,884,262.58,91a475c3-1446-4623-9201-d993aa6539a5,
a0ff8844-2cdf-421f-ad97-025ed721bddb,2025-11-22 10:33:36.000000,user22,SAP,download,902,227.12,6ca672ff-fe46-4184-a933-b7965092eb4c,2c49bfdc-1aa5-431d-806e-ac6b4168dfcd
ee3a08a4-99c0-4751-8d26-2cbf1581c07d,2025-11-22 10:35:08.000000,user22,Jira,view,371,420.89,6ca672ff-fe46-4184-a933-b7965092eb4c,
5ae5cb5b-3747-4be1-833f-9cedcda4330e,2025-11-22 13:18:18.000000,user44,Jira,download,247,86.36,91a475c3-1446-4623-9201-d993aa6539a5,67924b06-7f40-4cf0-aac4-a8615b2fd9fd
9c21c54e-a5b2-4b91-a84c-e1aca73b13c9,2025-11-22 13:30:28.000000,user31,SAP,download,1157,284.05,f70318fb-cfe1-418b-be5d-429099cb7656,
ab522ad5-6048-48d9-9a9a-5f293d5c1405,2025-11-22 13:42:27.000000,user31,GitHub,download,1844,421.83,f70318fb-cfe1-418b-be5d-429099cb7656,980e07e4-d144-4108-ba59-fa5c2a10374a
fa275460-ac73-4744-8085-7da1bfd2f821,2025-11-22 14:54:24.000000,user2,Salesforce,upload,2533,483.54,febdec1e-de51-4f2b-82d8-d59f60b7afe3,
9f969e64-b015-4fcb-a169-d5e56d59188d,2025-11-22 15:07:39.000000,user31,Jira,view,2874,24.11,f70318fb-cfe1-418b-be5d-429099cb7656,54051b9c-148f-4394-9326-d32b45df1e5c
ac9ec061-8890-4178-87f8-bff9e9c8b93c,2025-11-22 15:57:55.000000,user22,Salesforce,modify,3573,80.49,6ca672ff-fe46-4184-a933-b7965092eb4c,
8bafcf75-0ea1-4c71-aaa3-6202954a55f2,2025-11-22 16:10:42.000000,user44,GitHub,modify,1428,271.7,91a475c3-1446-4623-9201-d993aa6539a5,ae991d53-f99a-4e5f-a629-8387fc24799e
8673b6ea-3095-4d43-ac0e-38908b60b9af,2025-11-22 16:23:57.000000,user22,GitHub,modify,1724,79.09,6ca672ff-fe46-4184-a933-b7965092eb4c,62e92e05-3e86-4d8c-9194-487cf224db75
a16f1942-ac9e-460e-9fa9-8d628ac54912,2025-11-22 18:11:37.000000,user35,Snowflake,view,3429,279.0,dc1d3bd4-368f-4d53-8f92-fd87cc37a86f,148b7787-e0e3-4eed-a4e3-7cd86ffbed1f
75d71d45-fbd7-43ec-a42b-c211a508406c,2025-11-22 19:19:59.000000,user19,SAP,upload,3503,22.77,ced5d095-8707-4c2e-837e-64032f22a50e,d379d841-2571-4487-84cb-60cf215d14df
ada4aa77-bafb-4e06-a21b-5cdec0bc0882,2025-11-22 19:28:53.000000,user20,Databricks,download,3213,250.0,c215032d-6f72-4191-9c06-1a47648048da,
bc980f33-b0e1-47aa-a4e4-ab5dca3bc425,2025-11-22 20:20:48.000000,user14,GitHub,view,369,447.2,0ae081e5-29f6-45ee-a0b3-15eb8cceec13,b839c83f-edb1-4675-8d5c-68b799853481
a24d5887-78e1-46a2-adfd-42e309eeffb9,2025-11-22 20:41:48.000000,user50,Workday,upload,1570,75.68,0fbce69b-3b31-4f60-882b-72a60a6ced9b,
3f987b6e-8b86-47e0-b7d0-52bc1226b4cb,2025-11-22 20:44:08.000000,user50,Jira,upload,2745,373.33,0fbce69b-3b31-4f60-882b-72a60a6ced9b,
31566dff-9417-4901-8183-095ce41e93cc,2025-11-22 21:31:27.000000,user20,Snowflake,modify,1674,246.46,c215032d-6f72-4191-9c06-1a47648048da,0e4fff21-48ce-4fe6-8b49-eaff3a4b88f7
2551cfb9-4abd-4342-92a4-da1f604412a5,2025-11-22 21:32:02.000000,user19,SAP,download,2052,395.7,ced5d095-8707-4c2e-837e-64032f22a50e,
05e9fb52-7c93-472c-8a04-c6986b071f78,2025-11-22 21:39:59.000000,user2,Workday,modify,2003,203.71,febdec1e-de51-4f2b-82d8-d59f60b7afe3,c7eb3396-3b92-48f5-a887-07c4ee0ae05f
0e04d9ce-9084-4676-8247-aa1fe8440892,2025-11-22 21:43:04.000000,user35,Salesforce,download,1738,25.79,dbb84f02-efc8-47b4-8818-1a1ef865a034,148b7787-e0e3-4eed-a4e3-7cd86ffbed1f
67f3c401-6d0b-43d8-9d01-a93d02b23efd,2025-11-22 21:47:56.000000,user19,GitHub,modify,2586,486.49,ced5d095-8707-4c2e-837e-64032f22a50e,8bcf9ce9-4768-4c59-aa77-ee47f46f68d6
e44f044b-7984-435b-bec7-b183808b9661,2025-11-22 21:56:04.000000,user13,GitHub,view,3575,230.04,306d4981-30be-4c78-bac6-7ee24f2dccc5,a7bb8abf-21dc-4449-b9eb-8cf684f1ec46
071690ad-21c4-4c48-8810-63c46e2808e7,2025-11-22 22:06:08.000000,user35,Workday,upload,3293,463.54,dbb84f02-efc8-47b4-8818-1a1ef865a034,
07b668e6-18ee-4d12-9d7c-31676bae6304,2025-11-22 22:09:05.000000,user19,Databricks,download,2770,256.39,ced5d095-8707-4c2e-837e-64032f22a50e,
0bc8729a-dff8-489b-9b86-e7970b1bac51,2025-11-22 22:17:43.000000,user20,Workday,download,1412,426.51,c215032d-6f72-4191-9c06-1a47648048da,
133d2f24-b6d8-47bf-a79b-7bb682281ce9,2025-11-22 22:30:33.000000,user16,Salesforce,download,661,336.18,f0163d8b-8314-4604-bdc5-018c272bd321,742cfb6f-3883-4bc6-9784-c1cf7d4af380
fed62e87-fb62-4612-949b-86c9e30e0612,2025-11-22 22:38:02.000000,user19,GitHub,view,1105,136.15,ced5d095-8707-4c2e-837e-64032f22a50e,
37917cfb-fb78-474a-ab32-3c94a0e317ac,2025-11-22 22:39:30.000000,user50,Databricks,modify,1298,200.95,0fbce69b-3b31-4f60-882b-72a60a6ced9b,7bee73de-c15a-48f9-8fb0-461a149edf76
7189f78f-8421-42fa-af53-cdfcecbb9223,2025-11-22 23:28:31.000000,user19,GitHub,view,1713,363.08,2a7fe33f-58ed-4aa0-a25b-08e6f9f6a8df,c4c20f60-5934-42d2-b3a6-68be730a140e
f0a7560b-0024-4b30-8a1b-979f063e7532,2025-11-22 23:34:54.000000,user20,Salesforce,download,2779,393.05,c215032d-6f72-4191-9c06-1a47648048da,e7cf9b59-1a95-4376-9ce7-59521cf3ad13
af25125c-5b23-4c7c-afb3-a6aa6c38f17a,2025-11-23 00:07:10.000000,user6,Jira,download,86,41.08,2e489c86-f495-49bf-97ab-102b1ae43f8b,ab7e8e1c-2091-4a6f-852d-da2de8d29ab7
8b2e21ad-d114-4bbe-a089-4e61426f3618,2025-11-23 01:12:29.000000,user17,Snowflake,view,52,449.66,db1b805d-6937-4d64-af9f-58e2c9d36842,
bf92915b-d5a0-4aea-973c-9a4aef901279,2025-11-23 01:26:03.000000,user19,SAP,view,210,215.16,2a7fe33f-58ed-4aa0-a25b-08e6f9f6a8df,1a621056-d1e3-4527-8fb8-36383826e144
8b18d6f8-04ed-447f-8983-b80eaa643d97,2025-11-23 01:29:14.000000,user19,Databricks,view,1853,487.95,2a7fe33f-58ed-4aa0-a25b-08e6f9f6a8df,8bcf9ce9-4768-4c59-aa77-ee47f46f68d6
b45d0df3-293e-4658-846a-8170fde2d2cb,2025-11-23 01:44:19.000000,user20,Salesforce,view,1597,28.7,c215032d-6f72-4191-9c06-1a47648048da,0324b900-97c7-43ba-b4bd-fa2aae82391b
201d5081-d6da-4a10-b9d6-630683713564,2025-11-23 01:59:14.000000,user17,SAP,view,2504,363.34,db1b805d-6937-4d64-af9f-58e2c9d36842,7da284e1-50c0-4acb-a50e-f58b3cf62ddd
51a9be81-263a-41fa-9c2c-82fa91bbf451,2025-11-23 02:01:04.000000,user17,Jira,download,2005,399.77,db1b805d-6937-4d64-af9f-58e2c9d36842,76b29193-7a56-4586-9e41-d463eef47b78
cb9df549-8947-4a9f-9a79-39d792d36744,2025-11-23 02:20:58.000000,user17,Salesforce,upload,1536,181.93,db1b805d-6937-4d64-af9f-58e2c9d36842,7da284e1-50c0-4acb-a50e-f58b3cf62ddd
5414ae60-e8d1-4914-aeab-0a77d72f0e8c,2025-11-23 02:24:19.000000,user13,Workday,download,1633,206.15,306d4981-30be-4c78-bac6-7ee24f2dccc5,
f498af29-9930-462a-af2d-6fc85a2c01ef,2025-11-23 02:26:55.000000,user19,Jira,upload,2558,473.74,2a7fe33f-58ed-4aa0-a25b-08e6f9f6a8df,
795f05f9-9681-4cfa-9d60-f0c049059124,2025-11-23 03:43:58.000000,user10,GitHub,upload,3340,144.0,c3c5f2f6-41b9-48de-addd-6e45e9db77ed,1c51181e-a3fa-45cb-bad5-7de71970c000
68c3e8f9-f648-460a-a290-86d1f61d9ec0,2025-11-23 04:22:11.000000,user1,GitHub,view,1090,103.45,4d20adea-43b8-4a2a-bd5c-be73c1e9555c,
dcadc031-fe07-4e4e-bd60-4aac6dcbe5ab,2025-11-23 05:06:53.000000,user1,Snowflake,upload,678,226.79,4d20adea-43b8-4a2a-bd5c-be73c1e9555c,5ec3fbb0-8551-48bd-bbae-aa6d14c5f1ff
1a2fb9f3-7f9d-4f16-8841-f3ed7943341d,2025-11-23 05:57:58.000000,user43,Databricks,download,2133,244.6,19c73c2f-6337-481d-98bf-09acd8cb1604,
890c030a-0012-4872-a4b4-ea6b002da2e5,2025-11-23 06:22:43.000000,user6,Workday,view,639,179.48,4e652ff4-f471-4f85-9ac5-fb5512966911,29e73c4d-2921-4a3e-b7a3-b8ab3b14a5a0
b7e90b8e-dce0-49c1-9b11-8b4d6d62eae5,2025-11-23 06:59:46.000000,user17,Snowflake,upload,534,196.32,35b73ed8-8810-41b8-a82b-e3ba23e4a9a8,b2829cec-79f6-400a-9348-e3ae096c7fda
3638c38d-b9c0-416d-8ed6-7fda87248336,2025-11-23 07:22:34.000000,user17,Jira,download,651,491.3,35b73ed8-8810-41b8-a82b-e3ba23e4a9a8,
fe68897d-e453-4956-b87a-2cb006c102ca,2025-11-23 07:37:21.000000,user17,GitHub,download,3086,97.24,35b73ed8-8810-41b8-a82b-e3ba23e4a9a8,
f37b9249-c8ff-44dc-93d6-beb1b478b4f6,2025-11-23 08:03:11.000000,user19,Salesforce,modify,833,211.99,7a1db513-4a13-42f3-9d61-dcadf46e4735,1a621056-d1e3-4527-8fb8-36383826e144
a46855ba-4b53-4d00-9ec7-19c34e8e895f,2025-11-23 08:19:06.000000,user6,Jira,view,401,89.01,4e652ff4-f471-4f85-9ac5-fb5512966911,
f185e69a-86a0-4283-812c-a31cb89cdfbe,2025-11-23 08:48:45.000000,user19,Workday,view,2175,339.26,7a1db513-4a13-42f3-9d61-dcadf46e4735,8bcf9ce9-4768-4c59-aa77-ee47f46f68d6
16089bc9-3824-48f5-b160-066d286b7b13,2025-11-23 09:15:47.000000,user25,Snowflake,view,238,320.22,f06116b5-b3fc-47b8-8397-23c3b2a3e347,291d2c05-cd99-483a-bba0-0acb49052869
6e209f23-eba9-42b0-a169-705deb79312d,2025-11-23 09:38:56.000000,user6,Jira,modify,279,266.53,4e652ff4-f471-4f85-9ac5-fb5512966911,ab7e8e1c-2091-4a6f-852d-da2de8d29ab7
c37c221b-6720-4707-a961-cefefcca9557,2025-11-23 10:06:01.000000,user6,Snowflake,download,2688,85.03,4e652ff4-f471-4f85-9ac5-fb5512966911,ab7e8e1c-2091-4a6f-852d-da2de8d29ab7
dbd851ba-c7ad-4929-ae7c-62847b8b874d,2025-11-23 10:34:07.000000,user17,Databricks,download,285,114.02,6608c055-b969-4a07-81ea-c59e70e8942c,ce2d0779-4397-45ce-8951-d45cfe91d17d
4bee6eca-c66e-4039-b606-da7baaf4bf31,2025-11-23 11:17:48.000000,user47,Salesforce,view,684,424.53,b0dd1796-834e-443d-ae4f-941f7ca3b204,beaaa680-6bec-4fdd-96b0-ded9ef93d47e
5dd581e7-4d52-4566-b55f-3950faecf551,2025-11-23 11:25:11.000000,user25,GitHub,upload,1016,425.97,f06116b5-b3fc-47b8-8397-23c3b2a3e347,4f90a174-b3a0-4f97-be09-0a1a565d0491
d1fd6c29-46f5-4c22-ad0a-c765d657edeb,2025-11-23 11:35:50.000000,user47,Workday,view,3529,60.02,b0dd1796-834e-443d-ae4f-941f7ca3b204,beaaa680-6bec-4fdd-96b0-ded9ef93d47e
8e9928d8-6ed3-4b35-8c17-f5ccdfc56d7d,2025-11-23 11:37:34.000000,user47,SAP,modify,266,132.14,b0dd1796-834e-443d-ae4f-941f7ca3b204,779be8b0-ffaa-4ea2-9026-3f735c61170d
6f4411f5-4c6b-4a32-ab84-c00569f03658,2025-11-23 12:01:51.000000,user39,Databricks,upload,3241,2.33,2a78280b-915e-4151-b378-dd2a98c406a2,8d3ef1f4-b069-41c2-a74f-261e5ccf1819
de6faa64-2d99-4919-a23e-751a66be8ecc,2025-11-23 12:24:15.000000,user40,Workday,download,35,354.75,c333d0d7-7ca5-4ab5-be58-0953dc050c42,7c760b54-bb9c-41b1-a426-85e28481171a
b231bd0c-f654-4a5e-ba8c-b2814711414c,2025-11-23 12:38:55.000000,user46,Jira,upload,105,306.65,c07f18c6-b787-4456-962b-bcb9ee243b33,aa7e2cc4-be86-4748-a5e4-51c8bf7091f8
2ed3e861-0029-48a9-ba91-df3dbc21c478,2025-11-23 12:41:16.000000,user46,Databricks,upload,1160,180.43,c07f18c6-b787-4456-962b-bcb9ee243b33,aa7e2cc4-be86-4748-a5e4-51c8bf7091f8
75370d11-00bb-42b3-88fd-067bec39e3d6,2025-11-23 13:18:00.000000,user39,Databricks,view,1547,347.04,2a78280b-915e-4151-b378-dd2a98c406a2,80ea0568-78e6-4828-90da-ac0949949351
dc590da1-8794-4bf0-9f94-5351a98b7870,2025-11-23 13:21:11.000000,user25,Jira,view,3377,420.23,f06116b5-b3fc-47b8-8397-23c3b2a3e347,
3617bc46-c520-4ac7-b72d-4240ee4cb5cf,2025-11-23 14:01:48.000000,user40,Snowflake,download,1160,283.05,c333d0d7-7ca5-4ab5-be58-0953dc050c42,920122da-e289-430a-b71d-9e93b1e58ef1
8b268e1e-45da-44ac-a7b6-c4279717d647,2025-11-23 14:18:58.000000,user25,Salesforce,modify,141,378.48,f06116b5-b3fc-47b8-8397-23c3b2a3e347,
77198712-b1dd-4a2f-bea7-8d47acb8d607,2025-11-23 14:43:50.000000,user25,Workday,modify,3398,479.35,f06116b5-b3fc-47b8-8397-23c3b2a3e347,
bd6d723c-742e-42c0-ab6c-d285a7bf81e8,2025-11-23 14:48:29.000000,user39,Snowflake,view,3310,219.42,2a78280b-915e-4151-b378-dd2a98c406a2,f82b600c-62a3-4f64-9c2d-ad3207fd722b
f259d45b-0bd5-4bbc-b501-76cefcefd239,2025-11-23 14:50:02.000000,user9,SAP,upload,307,166.28,3b50fa35-c70c-4ad4-9ff9-84014056b61e,
f800a5cb-461e-4fa0-9637-e681df28badb,2025-11-23 15:02:06.000000,user47,Databricks,view,2838,472.08,b0dd1796-834e-443d-ae4f-941f7ca3b204,d6de783a-8c3d-4581-a0e1-683af840b183
5371973c-0078-44f9-a8dd-d4e2ab698e4e,2025-11-23 15:15:12.000000,user9,SAP,view,3395,145.46,3b50fa35-c70c-4ad4-9ff9-84014056b61e,b67adbb1-c83d-4400-adcc-be26c44f33a2
01d821dd-6f58-49ee-8c76-242dd547eb1f,2025-11-23 15:36:43.000000,user9,Workday,view,2047,129.89,3b50fa35-c70c-4ad4-9ff9-84014056b61e,de5fb309-9dc5-4c64-bc9c-874004667d3b
820201f9-10fa-4f17-91f1-51d029c026d6,2025-11-23 16:12:49.000000,user40,GitHub,view,1195,142.04,c333d0d7-7ca5-4ab5-be58-0953dc050c42,920122da-e289-430a-b71d-9e93b1e58ef1
b24b6585-27b2-425d-9f46-6a5d92206a31,2025-11-23 16:21:00.000000,user9,Salesforce,view,2203,317.92,3b50fa35-c70c-4ad4-9ff9-84014056b61e,
f2c10e02-c961-45c6-a94f-b935c21748c5,2025-11-23 16:25:57.000000,user39,Salesforce,upload,767,242.87,2a78280b-915e-4151-b378-dd2a98c406a2,
6b57ae80-1e58-4c2c-a446-f10788cfd72e,2025-11-23 16:41:24.000000,user39,Workday,upload,259,59.42,2a78280b-915e-4151-b378-dd2a98c406a2,e18255b7-adda-4d71-bcd9-c13a84578893
168a9c5f-a940-4152-9eae-7464a745d8da,2025-11-23 16:50:05.000000,user47,Jira,upload,1253,241.62,b0dd1796-834e-443d-ae4f-941f7ca3b204,779be8b0-ffaa-4ea2-9026-3f735c61170d
45cff6d4-a352-4dba-b5e4-1de6be8df46c,2025-11-23 16:51:01.000000,user17,SAP,upload,759,425.53,38dda3cb-5945-4dfc-a55a-7f818c091855,7da284e1-50c0-4acb-a50e-f58b3cf62ddd
cef1755f-7027-4b20-8d38-25147a87dc51,2025-11-23 18:37:49.000000,user13,Jira,upload,3592,95.66,efc4a0ca-7a29-4a7a-bb10-82a350ace3a7,b9349ebe-c64f-4f7b-b904-619d33710410
a9b982eb-096e-41d2-91c6-66b85b860dc8,2025-11-23 18:46:07.000000,user9,GitHub,view,2977,181.36,3b50fa35-c70c-4ad4-9ff9-84014056b61e,c43a4d22-f2a1-4071-9388-d4dd6438a1df
e5ad9869-06e1-418e-9cc8-379d565e032d,2025-11-23 19:27:10.000000,user44,Salesforce,download,1712,390.75,0393a84c-3384-4fd8-87ea-b31e6492aba9,67924b06-7f40-4cf0-aac4-a8615b2fd9fd
20b33447-aa78-434b-9904-33446cd2439a,2025-11-23 19:27:45.000000,user44,Jira,modify,3264,326.89,0393a84c-3384-4fd8-87ea-b31e6492aba9,
21369b68-b7cb-4cec-b363-b4feeeb57c9e,2025-11-23 20:07:26.000000,user11,Databricks,modify,3359,111.79,95d5e2b0-7dfe-450a-a061-16cde7b2ba08,
611ef196-afdc-44ba-9cc9-3cef2897faf6,2025-11-23 20:39:17.000000,user44,Workday,view,557,100.04,0393a84c-3384-4fd8-87ea-b31e6492aba9,
f3a41b4a-9d70-48d9-b6fd-b5a898143ccd,2025-11-23 20:42:19.000000,user13,GitHub,modify,374,329.24,efc4a0ca-7a29-4a7a-bb10-82a350ace3a7,b9349ebe-c64f-4f7b-b904-619d33710410
f1570855-dce1-4f19-80d2-380bc5fa496e,2025-11-23 20:46:17.000000,user17,Databricks,download,2330,286.3,38dda3cb-5945-4dfc-a55a-7f818c091855,b2829cec-79f6-400a-9348-e3ae096c7fda
30f09e1c-f91b-4c5c-80dc-176b9445f98f,2025-11-23 21:27:58.000000,user29,Databricks,view,3483,277.82,3ea34580-895c-4683-af71-a27b8853da71,9c9480e1-e620-4610-81e4-8490cedc0467
35c70165-698d-49bc-9aad-63c673b64901,2025-11-23 21:28:49.000000,user16,Workday,view,863,239.11,54e08a75-530e-4b93-841a-813aad3b2f85,ff61d5d2-1678-4dec-b2fe-bf5dc1e25a97
919f1403-58f4-4287-9df5-c52b7542af65,2025-11-23 21:35:44.000000,user29,Snowflake,modify,1236,232.61,3ea34580-895c-4683-af71-a27b8853da71,abf2f8a5-ad48-48c7-84c1-ca097da1e4c4
400bc295-db72-44a9-88fe-edc6fe39ab92,2025-11-23 21:39:35.000000,user11,Jira,view,1088,3.88,95d5e2b0-7dfe-450a-a061-16cde7b2ba08,b6818fc6-5371-4bc5-92be-7aa3cd1765a9
43e50461-62f3-4123-b71d-2a45f09cbf87,2025-11-23 21:39:40.000000,user29,GitHub,view,2174,346.51,3ea34580-895c-4683-af71-a27b8853da71,9c9480e1-e620-4610-81e4-8490cedc0467
381548ed-1780-45a7-b807-cfb6ae58772c,2025-11-23 21:46:57.000000,user17,Salesforce,download,3459,306.26,38dda3cb-5945-4dfc-a55a-7f818c091855,8fba1cc0-ed98-4402-bf99-afe91cc015ed
30e20b77-c65c-4e60-9d3b-56f9238f3d23,2025-11-23 21:55:49.000000,user36,SAP,download,1777,102.07,566009e3-649a-4d0f-ae8f-03efbe84e652,c1a356b4-c265-41ff-a1d1-97e34285c574
290dbf69-72c2-4ff9-9eb5-03e9b4a9314a,2025-11-23 21:57:14.000000,user17,GitHub,download,843,206.32,38dda3cb-5945-4dfc-a55a-7f818c091855,53eb2470-ba66-4ff5-9bf3-a6036ab5abb3
e0a2aeb9-f9c4-475a-b1d8-03eb0a55d8e6,2025-11-23 21:57:46.000000,user17,Databricks,modify,3315,386.07,38dda3cb-5945-4dfc-a55a-7f818c091855,
190cda9f-5f41-4289-a438-cbe4630949f2,2025-11-23 22:02:32.000000,user31,Databricks,upload,733,272.6,bcbb4ecc-8635-4095-9c2b-285e4197d355,0d16b1f4-e5a1-4944-8def-765ac61dec0f
c2a9d2d1-8b31-47bb-82db-50b9cc8c583f,2025-11-23 22:14:02.000000,user31,Salesforce,download,76,7.87,bcbb4ecc-8635-4095-9c2b-285e4197d355,
ca6238ec-cb55-478e-bc1e-703c5a7bc75a,2025-11-23 22:42:13.000000,user36,Salesforce,download,1584,214.94,566009e3-649a-4d0f-ae8f-03efbe84e652,
154b0095-be52-42aa-866c-8afa98ee79df,2025-11-23 23:01:17.000000,user13,GitHub,view,3118,271.98,efc4a0ca-7a29-4a7a-bb10-82a350ace3a7,
d07c6106-6f16-455b-88fe-b2a3909b268d,2025-11-23 23:13:55.000000,user36,SAP,modify,1622,22.37,566009e3-649a-4d0f-ae8f-03efbe84e652,c1a356b4-c265-41ff-a1d1-97e34285c574
25a29b8b-0108-41f3-b875-ba804b1f4b65,2025-11-23 23:25:24.000000,user11,Snowflake,download,46,384.49,95d5e2b0-7dfe-450a-a061-16cde7b2ba08,b6818fc6-5371-4bc5-92be-7aa3cd1765a9
f107f5e9-81e7-4940-8c0e-13d191f7d350,2025-11-23 23:27:49.000000,user22,Snowflake,download,2506,221.99,ae9a6156-c17b-4f43-b29d-f7cb75801c3a,62e92e05-3e86-4d8c-9194-487cf224db75
30089e3f-ea37-4cd6-8c7e-9231808887a9,2025-11-24 00:13:01.000000,user22,Salesforce,modify,1112,279.82,ae9a6156-c17b-4f43-b29d-f7cb75801c3a,2c49bfdc-1aa5-431d-806e-ac6b4168dfcd
1825ad65-1d12-4354-bdb2-4f821d634f32,2025-11-24 00:42:48.000000,user40,Jira,view,992,316.24,2593b881-a07c-498c-8f5f-8b8853c4d072,7c760b54-bb9c-41b1-a426-85e28481171a
baf431c1-5037-4949-b5fc-ba9e5c34d50d,2025-11-24 00:43:35.000000,user13,SAP,upload,1557,476.21,efc4a0ca-7a29-4a7a-bb10-82a350ace3a7,
2d16c7c3-d71f-4403-bdb2-129be200cc62,2025-11-24 00:48:31.000000,user29,Salesforce,download,3468,94.87,3ea34580-895c-4683-af71-a27b8853da71,abf2f8a5-ad48-48c7-84c1-ca097da1e4c4
d01f4216-3ee3-4624-b8ec-16b43f2947d3,2025-11-24 01:40:40.000000,user22,Jira,view,2805,225.34,ae9a6156-c17b-4f43-b29d-f7cb75801c3a,2c49bfdc-1aa5-431d-806e-ac6b4168dfcd
b1557c83-57c3-434d-8005-e8253997651d,2025-11-24 01:41:31.000000,user13,Databricks,upload,2222,494.24,efc4a0ca-7a29-4a7a-bb10-82a350ace3a7,026f55cc-4f85-45d9-b9f3-ce5cdb78a909
0d278dcf-7306-4d8e-88f9-8e2d51bb04f7,2025-11-24 01:59:21.000000,user29,Databricks,modify,807,441.58,3ea34580-895c-4683-af71-a27b8853da71,
62b2e14b-7e86-4bbd-87ab-c953aa727539,2025-11-24 02:21:14.000000,user28,Databricks,view,2774,497.92,82e9116a-ca43-4513-a82d-95a106eebadc,95758258-8d87-459a-915c-8693af3f6971
05fa6434-bbef-4222-bec1-fd2a26afcb31,2025-11-24 02:24:55.000000,user31,SAP,modify,2100,324.81,bcbb4ecc-8635-4095-9c2b-285e4197d355,
d13daacb-48f6-4cf6-8546-61e6522479e8,2025-11-24 03:50:51.000000,user28,Salesforce,modify,818,128.23,82e9116a-ca43-4513-a82d-95a106eebadc,277d01ee-e4b2-411e-b4a4-68912d419654
19634cdc-9d22-4bc3-a675-efa75cf7ee46,2025-11-24 04:12:43.000000,user19,GitHub,upload,1084,454.26,36c4c919-1668-4545-a999-4f47aafa86d2,1a4e5c22-8441-45d7-a8bf-8d0bd83588fb
430ee851-8a65-4736-8f51-7580da764080,2025-11-24 04:40:10.000000,user31,Jira,view,683,243.69,bcbb4ecc-8635-4095-9c2b-285e4197d355,
bb2184bc-4101-41b5-a231-961122f01fcc,2025-11-24 04:48:06.000000,user26,GitHub,download,1869,147.86,3bc8a4ba-8ce9-4a07-99e9-279f1415eb7b,
cb4f18cc-618c-444f-aaef-14b35dd1a040,2025-11-24 05:02:28.000000,user40,Jira,modify,2661,388.19,2593b881-a07c-498c-8f5f-8b8853c4d072,6d69470a-ac7a-452b-9bda-077b61264b5e
2e71b0e9-1ed4-405b-9058-1d719a8e3910,2025-11-24 05:05:32.000000,user28,SAP,download,1249,29.0,82e9116a-ca43-4513-a82d-95a106eebadc,2e1698fa-1c4f-4ff6-8aec-749b55272f83
60182269-d776-4e6c-97f3-91668c8f0126,2025-11-24 05:14:35.000000,user40,Databricks,view,2205,249.85,2593b881-a07c-498c-8f5f-8b8853c4d072,7c760b54-bb9c-41b1-a426-85e28481171a
ae21df23-87bc-4b8d-849d-2dd4fb7323bb,2025-11-24 05:14:46.000000,user40,GitHub,download,1703,217.92,c676c7c6-6894-4612-a2cd-ec62fbd80259,3fc68a79-0378-4a04-ad13-338646489999
92b6571c-76d5-4525-8a2a-0dda173fc30c,2025-11-24 05:37:17.000000,user40,GitHub,modify,519,420.52,c676c7c6-6894-4612-a2cd-ec62fbd80259,
09ebd289-b824-4fe9-8a80-40a8ff7fd4ce,2025-11-24 06:04:37.000000,user28,SAP,download,3045,317.57,82e9116a-ca43-4513-a82d-95a106eebadc,2e1698fa-1c4f-4ff6-8aec-749b55272f83
55e0d9a8-8a02-4e46-a122-de6020997894,2025-11-24 06:24:32.000000,user40,Databricks,download,467,64.23,2593b881-a07c-498c-8f5f-8b8853c4d072,
a973cc2b-e92d-4105-8f64-958f23986874,2025-11-24 06:40:19.000000,user40,Salesforce,download,124,144.38,2593b881-a07c-498c-8f5f-8b8853c4d072,
1f203683-2460-490b-849d-ea3770bc4f60,2025-11-24 08:06:01.000000,user28,Snowflake,modify,2146,82.66,c9bb0ba6-ccef-4f2f-a7a4-06ccb749b5ff,277d01ee-e4b2-411e-b4a4-68912d419654
7d3f3599-96ff-4100-9496-29cf93c9b419,2025-11-24 08:11:36.000000,user26,Salesforce,upload,3480,214.29,3bc8a4ba-8ce9-4a07-99e9-279f1415eb7b,c15b5a48-2ac7-4cda-a096-0f3b7cbab210
6cfdabf2-92cc-4fc1-8d58-e983a6fc77a8,2025-11-24 09:12:52.000000,user48,Jira,upload,2958,457.83,cb7697d3-407d-4f98-ab15-7ef7213b9d88,a23b2ad0-3d00-4e8b-9291-7d88fa66a870
dd724384-cfdf-4146-9581-ff93a4397cdc,2025-11-24 09:32:55.000000,user16,Workday,modify,1711,73.68,e4db0381-1232-40c6-812f-b64930fc3cf7,
e99b88d8-2cf7-4979-953a-4f11b7831025,2025-11-24 09:50:18.000000,user7,Jira,download,3559,143.4,82d7a156-8688-4512-b938-bdb5aa678821,
af3f62f5-fadc-4a3a-91ef-c97e44964f0c,2025-11-24 09:52:36.000000,user28,Salesforce,modify,3321,102.24,c9bb0ba6-ccef-4f2f-a7a4-06ccb749b5ff,
d14a1849-527f-4d00-b846-d1c3937429f8,2025-11-24 09:53:05.000000,user40,GitHub,download,2463,301.54,c676c7c6-6894-4612-a2cd-ec62fbd80259,6d69470a-ac7a-452b-9bda-077b61264b5e
546d6d8f-aa35-4aed-9b8d-fb1700adcbc7,2025-11-24 10:22:33.000000,user40,Workday,view,2064,488.04,c676c7c6-6894-4612-a2cd-ec62fbd80259,6d69470a-ac7a-452b-9bda-077b61264b5e
38868220-dd63-4908-a849-6b111ef58944,2025-11-24 10:25:22.000000,user26,SAP,upload,643,132.27,3bc8a4ba-8ce9-4a07-99e9-279f1415eb7b,5e2b1b47-b4ed-47fe-b1c2-f3ebbbd02a02
f634d5fc-0e9f-44c6-8776-4177fd3f4e76,2025-11-24 12:06:10.000000,user28,Jira,upload,208,217.29,c9bb0ba6-ccef-4f2f-a7a4-06ccb749b5ff,2e1698fa-1c4f-4ff6-8aec-749b55272f83
6b016fb0-fb49-439a-8b1c-64dcb8ca2775,2025-11-24 12:44:54.000000,user16,Snowflake,modify,1506,201.32,e4db0381-1232-40c6-812f-b64930fc3cf7,
be369cc8-60b6-4b88-9887-1e4c7c310870,2025-11-24 13:08:32.000000,user31,Databricks,view,1716,495.94,2d4833d0-bb97-48af-81e8-db802e0cebeb,f08634f1-d84e-4db9-85f2-283d0c58861f
6919efb1-985e-4e4e-b504-b7e1f8658246,2025-11-24 13:11:25.000000,user30,Jira,upload,3528,200.67,e963fc15-b040-43b2-a486-db0cf85dbfca,22c18db3-2d2f-428c-aa16-581eb3f06673
133ca3c1-9023-4d8a-aa24-3036336d53c3,2025-11-24 13:11:47.000000,user4,Databricks,download,1752,454.17,adfd09d8-da6f-4d16-bbc2-9aaa3008b4fa,7f4bd8f8-adf3-4efa-97ff-77c5dbf502c8
45570df5-2481-424b-80b1-0a9f7b87589a,2025-11-24 13:21:13.000000,user16,Salesforce,upload,852,245.82,e4db0381-1232-40c6-812f-b64930fc3cf7,6616041d-beb3-4ba3-b1ab-8ae47fc271e7
68ab6e2a-8c52-474c-b3a4-7879790aca75,2025-11-24 13:50:26.000000,user4,Snowflake,modify,1494,17.73,adfd09d8-da6f-4d16-bbc2-9aaa3008b4fa,a8ce2205-1cce-48ce-a0a6-fd0c382fd4ba
dc63fc65-9e8d-4db3-aefb-8359661a459e,2025-11-24 14:24:55.000000,user28,Databricks,download,2778,269.24,c9bb0ba6-ccef-4f2f-a7a4-06ccb749b5ff,
6fcf30a2-4a53-4cdf-b03a-a9bb7352f968,2025-11-24 14:29:51.000000,user30,GitHub,upload,1303,467.81,e963fc15-b040-43b2-a486-db0cf85dbfca,52f11624-e766-4d14-a725-b3ca5bb6ac77
14c7928f-f460-4876-a3d5-d1ffb7edb663,2025-11-24 14:42:57.000000,user16,Jira,download,794,281.94,e4db0381-1232-40c6-812f-b64930fc3cf7,
aa5071c0-4fba-402d-899a-39123b54662f,2025-11-24 14:44:40.000000,user31,Jira,view,217,374.99,2d4833d0-bb97-48af-81e8-db802e0cebeb,
5a475681-7c60-4f60-8e7c-9ca68be65218,2025-11-24 14:50:32.000000,user7,SAP,download,158,27.09,82d7a156-8688-4512-b938-bdb5aa678821,
3e0b74dd-9436-4fc2-bc25-4e9b02770451,2025-11-24 14:53:36.000000,user16,Salesforce,download,594,78.41,e4db0381-1232-40c6-812f-b64930fc3cf7,
b82a8a9d-534e-4011-8212-9a9e5bd2985b,2025-11-24 15:03:41.000000,user28,Databricks,modify,2375,303.94,c9bb0ba6-ccef-4f2f-a7a4-06ccb749b5ff,b8e0d972-ec8c-419e-8823-34ee3bccd0de
2dac21a5-2b4c-4ab2-a620-b9efe5cc8ac0,2025-11-24 15:11:41.000000,user16,Databricks,modify,3154,114.98,610a96c9-1f16-4981-968d-94cdb08599ff,742cfb6f-3883-4bc6-9784-c1cf7d4af380
e43893c7-7e9d-4a6a-a0a8-f3850a9e281a,2025-11-24 15:20:01.000000,user4,SAP,upload,3154,336.06,adfd09d8-da6f-4d16-bbc2-9aaa3008b4fa,db688c3b-2be9-460a-a91f-b668a7df083a
00236412-0de8-4c59-b608-05db3a1bed97,2025-11-24 15:48:21.000000,user20,SAP,upload,355,41.77,537bf312-a6ce-4c87-a23f-636d039bdc22,0e4fff21-48ce-4fe6-8b49-eaff3a4b88f7
f8961d2c-0918-4732-b97a-369b2c8c159b,2025-11-24 16:04:21.000000,user4,SAP,upload,279,423.84,adfd09d8-da6f-4d16-bbc2-9aaa3008b4fa,1477b59a-7f1f-4b60-b3ce-9b9f29aa1002
a1b64673-d9c2-48ee-a770-0c330191a3e7,2025-11-24 16:43:22.000000,user30,Salesforce,download,339,143.09,e963fc15-b040-43b2-a486-db0cf85dbfca,
d24d99d1-e5ae-429c-8cd2-65f483fc6ff6,2025-11-24 16:57:36.000000,user20,GitHub,upload,817,358.81,537bf312-a6ce-4c87-a23f-636d039bdc22,0324b900-97c7-43ba-b4bd-fa2aae82391b
61611db0-8c6e-426a-adb5-65614ab10ed1,2025-11-24 17:26:00.000000,user47,GitHub,download,2181,214.87,ae20cafa-0ad4-4f41-8d9f-a8b9c73b4d9b,779be8b0-ffaa-4ea2-9026-3f735c61170d
241a4186-50c1-4e6f-bece-5c5d717bbc27,2025-11-24 17:36:50.000000,user19,Jira,download,2601,449.05,6b9f03da-69c3-448e-8458-ad01cd519b01,d379d841-2571-4487-84cb-60cf215d14df
58077159-0419-4440-af50-476f6e2f5365,2025-11-24 17:53:57.000000,user11,Workday,view,3571,59.85,d5ae0783-90a9-46b2-85ed-81b038672813,f9e09b5f-7cb7-4acd-8fd4-7743eec96089
a458b32e-20a8-4ca3-98df-4854c8f2c10a,2025-11-24 17:57:49.000000,user31,Workday,view,2678,158.08,2d4833d0-bb97-48af-81e8-db802e0cebeb,980e07e4-d144-4108-ba59-fa5c2a10374a
89cec7f6-667e-4c51-87db-1e4e6a8beeb5,2025-11-24 18:03:22.000000,user30,Snowflake,view,2476,54.08,e963fc15-b040-43b2-a486-db0cf85dbfca,22c18db3-2d2f-428c-aa16-581eb3f06673
cb667df7-6bc4-4773-b9e2-0e82513273c3,2025-11-24 18:49:14.000000,user31,GitHub,download,2841,465.39,2d4833d0-bb97-48af-81e8-db802e0cebeb,
4a6bd51a-3945-4119-a09f-afb4d2ed2e56,2025-11-24 19:27:08.000000,user16,GitHub,upload,2485,320.02,610a96c9-1f16-4981-968d-94cdb08599ff,
0f462984-831a-4ee7-8e01-9d32283afefc,2025-11-24 19:39:56.000000,user16,Salesforce,modify,273,130.9,610a96c9-1f16-4981-968d-94cdb08599ff,742cfb6f-3883-4bc6-9784-c1cf7d4af380
f96d3fb4-dbd0-4ad9-99c8-cca8d00854d1,2025-11-24 20:17:13.000000,user32,Databricks,view,557,251.88,8b6778a5-185b-4fc7-a0dc-eae47e0173c9,07556446-9271-49e3-ade7-308df49a6e81
627a810f-0bb6-409f-9524-c9da80cc2f4b,2025-11-24 20:33:25.000000,user16,Salesforce,download,1905,352.75,610a96c9-1f16-4981-968d-94cdb08599ff,394e941a-eb5b-47f1-9000-384f5851e633
95b41012-56fe-4f92-82ed-cf1ecdac15a8,2025-11-24 20:39:00.000000,user47,GitHub,view,1238,498.56,ae20cafa-0ad4-4f41-8d9f-a8b9c73b4d9b,beaaa680-6bec-4fdd-96b0-ded9ef93d47e
90d75729-1ee3-4283-824c-198828946108,2025-11-24 20:48:53.000000,user19,SAP,download,2976,137.7,6b9f03da-69c3-448e-8458-ad01cd519b01,81726ace-2b2c-4e9a-b784-5726e79da85f
4027a13c-eb66-4da6-8c00-c1731f4bb674,2025-11-24 21:31:44.000000,user13,Databricks,upload,867,459.64,bae06e2d-b9e4-4838-8a82-e2330992c026,636c1463-f4ec-48f8-a7bf-0861896214af
6bb1ef8d-b837-43e4-8621-b1ff8607cc6e,2025-11-24 21:53:41.000000,user16,Jira,upload,3014,116.26,610a96c9-1f16-4981-968d-94cdb08599ff,
65a68744-0706-4058-9bee-b7659d756e75,2025-11-24 21:57:54.000000,user47,Databricks,modify,3207,359.06,ae20cafa-0ad4-4f41-8d9f-a8b9c73b4d9b,
72160714-01b3-4a21-a49b-db4e73bdc358,2025-11-24 22:19:30.000000,user19,Workday,modify,2739,387.0,6b9f03da-69c3-448e-8458-ad01cd519b01,1a4e5c22-8441-45d7-a8bf-8d0bd83588fb
664a404d-331e-4d28-954c-0c23041d7584,2025-11-24 22:20:24.000000,user32,Salesforce,modify,2401,285.39,8b6778a5-185b-4fc7-a0dc-eae47e0173c9,f1f23ff4-fb26-4adf-93a8-b983d6dfe503
2bb3335b-ba4c-4d8f-aa75-084647e88084,2025-11-24 22:40:40.000000,user19,Snowflake,view,2473,286.58,6b9f03da-69c3-448e-8458-ad01cd519b01,
4a7e7505-5610-4955-bd20-f4954f598a43,2025-11-24 22:58:09.000000,user13,Jira,view,2135,386.31,bae06e2d-b9e4-4838-8a82-e2330992c026,636c1463-f4ec-48f8-a7bf-0861896214af
8556af08-6919-41c6-a1b1-0762c321a097,2025-11-24 22:59:48.000000,user32,Salesforce,view,1511,383.74,8b6778a5-185b-4fc7-a0dc-eae47e0173c9,c0a5796e-8563-4312-84ca-9f090b1f3a31
843e204b-b8b2-4dbc-b11b-946d6bccfb18,2025-11-24 23:27:24.000000,user13,Databricks,upload,1872,270.4,bae06e2d-b9e4-4838-8a82-e2330992c026,a7bb8abf-21dc-4449-b9eb-8cf684f1ec46
d48adfe7-ac0b-4c91-8fae-9634bfe8b6f1,2025-11-24 23:32:32.000000,user32,Salesforce,download,3203,26.11,8b6778a5-185b-4fc7-a0dc-eae47e0173c9,f1b68eb7-ef3d-465c-80ef-34093f59f464
6a03b69a-a129-4ec5-9ebb-41a076f65478,2025-11-25 00:09:21.000000,user24,Workday,download,2297,253.1,2e491fe2-87d4-42f7-8f7d-1173914a43ee,447457ba-81ba-4e71-8e51-e332a723b1c9
e11ac3bd-3ae9-43b3-91c8-166402ab5fb8,2025-11-25 00:14:10.000000,user13,Databricks,view,3035,120.43,bae06e2d-b9e4-4838-8a82-e2330992c026,
c20a635e-c7a1-4ed0-8be1-b382017dc50c,2025-11-25 01:25:02.000000,user24,Databricks,upload,2953,328.73,2e491fe2-87d4-42f7-8f7d-1173914a43ee,a46d2d5d-dd50-4174-8f65-4fb724b0ddad
e17871f1-5dae-41c0-8a63-dcd2b9d60002,2025-11-25 01:25:06.000000,user24,SAP,download,242,244.31,2e491fe2-87d4-42f7-8f7d-1173914a43ee,
7007a4c8-3b79-4648-893a-7a60abd4983c,2025-11-25 02:48:23.000000,user24,Jira,view,2576,186.14,2e491fe2-87d4-42f7-8f7d-1173914a43ee,
f0479b26-fd7a-4648-959b-c7c9adfc1afb,2025-11-25 03:04:45.000000,user11,Databricks,view,3179,248.52,789fcf48-9828-4c0a-9df4-84894db3835b,f9e09b5f-7cb7-4acd-8fd4-7743eec96089
ab9cb9b7-1e9e-4e30-bf65-89eaf02f1da7,2025-11-25 03:13:50.000000,user13,SAP,upload,1581,175.79,bae06e2d-b9e4-4838-8a82-e2330992c026,a7bb8abf-21dc-4449-b9eb-8cf684f1ec46
c7fe36d1-42b5-4695-ba73-ef08b812a2ab,2025-11-25 03:21:11.000000,user47,Databricks,modify,330,318.95,283d7730-a214-4675-aae3-0e1d20f1dfde,
72a46f0e-8683-411c-8eb1-b00b1f8f4c17,2025-11-25 03:34:27.000000,user32,GitHub,view,37,171.85,8b6778a5-185b-4fc7-a0dc-eae47e0173c9,
8328380a-43e4-4678-aaa2-e0de5bf617e1,2025-11-25 03:57:11.000000,user47,GitHub,modify,417,486.09,283d7730-a214-4675-aae3-0e1d20f1dfde,9f042912-bee0-42d2-9ad8-e9edaa335511
82ebfd84-2d35-469f-9969-3d74530e020e,2025-11-25 04:31:27.000000,user47,SAP,download,887,498.41,283d7730-a214-4675-aae3-0e1d20f1dfde,d6de783a-8c3d-4581-a0e1-683af840b183
d4352b9f-daf4-4a39-a237-51c4d1eb66ab,2025-11-25 05:18:47.000000,user24,SAP,download,563,193.03,2e491fe2-87d4-42f7-8f7d-1173914a43ee,
ffcddb0f-8372-4de3-a623-89d39d71510f,2025-11-25 05:54:14.000000,user19,Snowflake,view,3249,22.62,3c482b5e-0537-4c12-8cdd-f480b4ed31a7,1a4e5c22-8441-45d7-a8bf-8d0bd83588fb
b57a20c2-2bc2-486d-b910-60d72c6b7491,2025-11-25 06:15:51.000000,user43,Workday,download,821,48.68,b51074f7-ba6a-4dd2-bccc-5c6101c1dc6f,
724330e8-215b-4287-8fa3-bb3688662ade,2025-11-25 06:18:59.000000,user11,Jira,upload,697,350.48,39e05e76-e426-401f-904d-d2c5f4a7b62e,f9e09b5f-7cb7-4acd-8fd4-7743eec96089
9e036d58-9db0-48d8-8505-bd87991a80ab,2025-11-25 06:20:16.000000,user17,Snowflake,upload,2501,362.03,bffdbd3f-3f2b-4457-bcd1-c5f5b5c26876,05aad117-c96c-4b0a-94e1-be69227939d8
6d726444-05aa-4ce4-90a5-d01387777e58,2025-11-25 06:40:38.000000,user11,Snowflake,download,2132,311.13,789fcf48-9828-4c0a-9df4-84894db3835b,f9e09b5f-7cb7-4acd-8fd4-7743eec96089
1b45e514-c348-4c31-a2ad-17333bc7c1ce,2025-11-25 06:49:13.000000,user17,Workday,modify,3070,302.74,bffdbd3f-3f2b-4457-bcd1-c5f5b5c26876,1e10a6e9-47dd-47f3-91e5-b5362171ec0e
afc41a1b-40d8-47e8-8110-bd327dfa52b1,2025-11-25 07:11:05.000000,user2,Salesforce,modify,3031,49.42,e7186b9c-313a-4f60-93f2-4f2c7fdce060,1bcc029b-2079-4c10-9f23-cbe8913f9105
8ed63485-5c5d-4e50-b590-a2669cef8348,2025-11-25 08:14:08.000000,user11,Workday,modify,1622,283.29,39e05e76-e426-401f-904d-d2c5f4a7b62e,f9e09b5f-7cb7-4acd-8fd4-7743eec96089
291e5a18-0885-4af7-97f5-332a9c751f8c,2025-11-25 08:16:37.000000,user17,Jira,download,434,181.2,bffdbd3f-3f2b-4457-bcd1-c5f5b5c26876,dce39cbb-95e8-469b-8b9c-e096b29989f9
0d2b6a65-b66f-4ed1-b5e8-601778c8b42f,2025-11-25 08:26:22.000000,user17,Databricks,modify,319,488.03,bffdbd3f-3f2b-4457-bcd1-c5f5b5c26876,
6f76f74b-3748-49da-83db-9f49c0ae3247,2025-11-25 08:58:23.000000,user43,GitHub,modify,2130,448.84,b51074f7-ba6a-4dd2-bccc-5c6101c1dc6f,7962a4f2-0143-4d08-910b-9e5b6038413e
4929b709-4371-45e8-95c2-e993c75f32dc,2025-11-25 09:17:38.000000,user19,Workday,download,1584,181.03,3c482b5e-0537-4c12-8cdd-f480b4ed31a7,
c834c680-7ac7-421c-85ae-db9202cd5f01,2025-11-25 10:03:50.000000,user19,Salesforce,modify,1461,45.25,db4871fd-d46f-411d-8343-db05a76191c9,d379d841-2571-4487-84cb-60cf215d14df
ff8aaa58-a283-497c-aba1-bc0fbb08f05f,2025-11-25 10:23:09.000000,user17,GitHub,download,2971,445.26,bffdbd3f-3f2b-4457-bcd1-c5f5b5c26876,42e3812f-1807-4a2e-b41b-9c481b358f6f
9f95c340-5593-43aa-b1dc-58fe0717fadd,2025-11-25 10:35:13.000000,user43,Workday,download,261,384.46,b51074f7-ba6a-4dd2-bccc-5c6101c1dc6f,c5c37446-11e2-4d7b-abff-646ac3e1856e
0a229e9e-9530-423d-823c-74ed221980c1,2025-11-25 10:36:29.000000,user19,Databricks,view,2704,266.1,db4871fd-d46f-411d-8343-db05a76191c9,
ed28b478-86f4-48f8-9ef3-68d318a5dadb,2025-11-25 10:40:10.000000,user19,Databricks,view,3278,332.91,3c482b5e-0537-4c12-8cdd-f480b4ed31a7,
4d89d49a-b6b9-422d-a4af-dba301d1decd,2025-11-25 11:00:46.000000,user50,Workday,view,2461,353.53,23fcf49e-5728-4102-945c-c56802cbcb51,7bee73de-c15a-48f9-8fb0-461a149edf76
5e9cf018-072f-4a15-b8d6-0e95e3b7a6f6,2025-11-25 11:12:08.000000,user2,SAP,download,1205,338.09,e7186b9c-313a-4f60-93f2-4f2c7fdce060,ff332f8f-6db2-4a6a-ba33-f6785f2ab4ad
b50b4eae-53ea-49a8-baae-aacc98e90142,2025-11-25 11:16:32.000000,user2,Snowflake,upload,699,334.5,e7186b9c-313a-4f60-93f2-4f2c7fdce060,427ec365-2dd6-43e8-93ed-27d35e02f876
b54aac95-aebb-4096-8d42-5b38866f9d36,2025-11-25 11:16:46.000000,user19,GitHub,download,290,308.51,3c482b5e-0537-4c12-8cdd-f480b4ed31a7,1a621056-d1e3-4527-8fb8-36383826e144
ba6dd81f-9c52-4d44-866b-71b57d1f4750,2025-11-25 12:03:27.000000,user19,GitHub,download,1789,475.68,db4871fd-d46f-411d-8343-db05a76191c9,
853b55c5-10d1-44fe-b01f-1296dfc5eb5c,2025-11-25 12:08:46.000000,user50,SAP,download,750,316.86,23fcf49e-5728-4102-945c-c56802cbcb51,7bee73de-c15a-48f9-8fb0-461a149edf76
58b3dfc7-f93a-492e-9aa0-57d7d85cc6b7,2025-11-25 12:09:04.000000,user43,Jira,download,2479,104.89,b51074f7-ba6a-4dd2-bccc-5c6101c1dc6f,7962a4f2-0143-4d08-910b-9e5b6038413e
59790bd4-d8de-4cea-97b4-9587475672c8,2025-11-25 12:44:21.000000,user39,GitHub,upload,470,433.32,61fe6e77-9a02-407a-b4fb-49f35ccef6c4,e18255b7-adda-4d71-bcd9-c13a84578893
e13a181c-dc7a-4757-907e-c498398187b1,2025-11-25 13:39:05.000000,user19,Jira,upload,2401,53.6,db4871fd-d46f-411d-8343-db05a76191c9,d379d841-2571-4487-84cb-60cf215d14df
e86e50cc-b486-41f7-a5c0-cad6b4dbd150,2025-11-25 13:51:36.000000,user2,Salesforce,download,578,429.76,e7186b9c-313a-4f60-93f2-4f2c7fdce060,
4f77b74b-a227-46ce-b3ea-29626277cf87,2025-11-25 13:52:09.000000,user19,Snowflake,upload,990,136.78,e18ce428-60bf-4ccd-8e86-433572d7ebfc,
b0dbdd8a-84b8-4492-b147-c08557154675,2025-11-25 14:10:03.000000,user2,Databricks,download,2141,338.49,e7186b9c-313a-4f60-93f2-4f2c7fdce060,ff332f8f-6db2-4a6a-ba33-f6785f2ab4ad
40da247e-9d89-4346-8467-440fc605f281,2025-11-25 14:45:27.000000,user2,Salesforce,view,3275,376.4,9bd335ef-82a6-441f-ab17-502db9eb5e34,dfd953b9-4ba0-4fb8-86a7-6827aba1be16
4ed88311-42a8-4bc6-a5aa-86ceafa82a74,2025-11-25 14:49:05.000000,user50,Snowflake,modify,3171,247.09,23fcf49e-5728-4102-945c-c56802cbcb51,7bee73de-c15a-48f9-8fb0-461a149edf76
96efb99c-6133-4a41-94ac-a3ec6925387a,2025-11-25 15:49:39.000000,user30,SAP,download,2841,188.84,3f97790c-749d-4ee5-bbe9-fc55e4e44423,66654235-d858-4378-ab5f-99600f3c230a
e9679ce2-b063-4819-b9c4-65db63849cb3,2025-11-25 16:27:45.000000,user31,SAP,download,2192,166.38,1c78b9c6-7840-48b3-bd97-d3fed09dadcd,f08634f1-d84e-4db9-85f2-283d0c58861f
dbc4c241-f72b-4605-9ac6-98c5de17bc15,2025-11-25 17:17:38.000000,user46,SAP,view,3568,209.66,9ab76db8-b5f2-4411-9c3c-a4ea01c91897,87929e36-fbe5-4efe-bf31-308ec7a3f55e
c6b30985-485b-4d52-a193-2ff24b6dc45c,2025-11-25 18:25:22.000000,user46,Workday,download,3146,351.62,9ab76db8-b5f2-4411-9c3c-a4ea01c91897,87929e36-fbe5-4efe-bf31-308ec7a3f55e
eb3066ab-52c9-4a80-9417-292d6af179a8,2025-11-25 18:55:59.000000,user2,GitHub,download,818,362.83,9bd335ef-82a6-441f-ab17-502db9eb5e34,474a9145-6064-4d36-8781-8885244f17a9
4d666d18-02df-4518-8282-d7023730b5b4,2025-11-25 20:05:04.000000,user2,GitHub,view,3161,30.27,9bd335ef-82a6-441f-ab17-502db9eb5e34,1bcc029b-2079-4c10-9f23-cbe8913f9105
c1f30ac0-78b1-474b-8260-f42e8646e21e,2025-11-25 21:04:33.000000,user19,GitHub,modify,2254,298.61,ce4883b6-9c5e-4f74-b956-40ef4fb8b863,1a4e5c22-8441-45d7-a8bf-8d0bd83588fb
239c2515-688c-44c6-8f0f-b9f5ef51882a,2025-11-25 21:16:29.000000,user10,Jira,upload,1431,227.35,35062e7e-96ed-48e2-96b8-598c3bf9f022,f2d14631-b12e-49fd-83e8-fa374b411ccd
d3c3364a-4c0f-4c30-ae0a-ed1c5f65fbc7,2025-11-25 22:28:13.000000,user37,Jira,view,1388,288.51,123d6cb2-00b2-4654-9e92-1986db12e63f,
91f5950a-cad7-4d04-a1cd-65ac2382f721,2025-11-25 23:47:27.000000,user46,Jira,download,2793,102.16,9f81d5aa-96da-4b14-90a2-8e034ee9b960,87929e36-fbe5-4efe-bf31-308ec7a3f55e
182a9e1a-9e0c-4687-9c7d-154b592e50a8,2025-11-26 00:58:53.000000,user37,Databricks,modify,285,467.34,123d6cb2-00b2-4654-9e92-1986db12e63f,4e4539a2-defb-4ca6-9452-7148ad027236
b882cfda-26c6-4ca8-b26a-c367a4757738,2025-11-26 00:59:02.000000,user48,Databricks,download,930,418.34,1d10a825-019c-41ab-818a-bb9a1aa282c3,f949d0a6-c40b-494c-94b7-3019fd43fb52
55b767c2-a438-4e3c-a147-e552086c8af8,2025-11-26 01:50:05.000000,user37,GitHub,view,1991,56.67,123d6cb2-00b2-4654-9e92-1986db12e63f,342a389d-bc1f-465d-ab71-6269d1b6be9a
1ce9c437-aae8-4329-b68f-bc85efd3bed2,2025-11-26 02:11:28.000000,user37,Snowflake,download,2503,28.24,123d6cb2-00b2-4654-9e92-1986db12e63f,4e4539a2-defb-4ca6-9452-7148ad027236
231b7302-22d8-4f1e-a872-f6feaefac33c,2025-11-26 03:14:27.000000,user9,Salesforce,modify,2880,117.93,52bad2ac-88f7-44d3-b730-a96a6633c230,b67adbb1-c83d-4400-adcc-be26c44f33a2
af589152-5c76-434b-9dc7-13a0a1052598,2025-11-26 04:07:25.000000,user46,Jira,download,162,284.29,9f81d5aa-96da-4b14-90a2-8e034ee9b960,87929e36-fbe5-4efe-bf31-308ec7a3f55e
a2e39c11-77d0-41f7-a2fd-b1a2bd35c418,2025-11-26 04:22:26.000000,user46,Salesforce,download,1140,308.33,9f81d5aa-96da-4b14-90a2-8e034ee9b960,aa7e2cc4-be86-4748-a5e4-51c8bf7091f8
cf85e3fe-b838-4ac9-95d2-a5305b508e57,2025-11-26 04:47:59.000000,user9,SAP,download,2233,343.59,52bad2ac-88f7-44d3-b730-a96a6633c230,7f48b1d5-ff6e-4502-94e3-0c3986ba743f
2c062b45-e343-47c0-aad8-a6a36511865a,2025-11-26 05:21:16.000000,user43,Salesforce,modify,1233,376.42,c6454ad0-7f8b-470b-9217-79a5a17d4f23,7962a4f2-0143-4d08-910b-9e5b6038413e
640f089b-b78d-4973-9355-0076117f851a,2025-11-26 06:13:39.000000,user10,SAP,view,1375,50.02,2bc95964-b78c-4e77-a470-a75dedee59b8,
d0ee19f9-c917-4d27-8a31-8a9cd3f45dc8,2025-11-26 06:15:29.000000,user9,Databricks,upload,3215,109.18,52bad2ac-88f7-44d3-b730-a96a6633c230,
a6cfa567-f3e9-4ee1-95bf-9854c7912726,2025-11-26 06:31:45.000000,user10,SAP,view,2578,488.72,2bc95964-b78c-4e77-a470-a75dedee59b8,
9519b622-efa7-463e-acc9-1810059977f9,2025-11-26 06:33:18.000000,user9,Jira,download,3509,282.03,52bad2ac-88f7-44d3-b730-a96a6633c230,de5fb309-9dc5-4c64-bc9c-874004667d3b
af353b9f-4423-4719-b828-6658c515e346,2025-11-26 06:43:27.000000,user43,Salesforce,download,2646,118.67,c6454ad0-7f8b-470b-9217-79a5a17d4f23,c5c37446-11e2-4d7b-abff-646ac3e1856e
d59b5a5b-1343-4e59-8ccd-c482e8892db1,2025-11-26 08:26:43.000000,user43,SAP,modify,1870,40.78,c6454ad0-7f8b-470b-9217-79a5a17d4f23,ab46a1b3-faa6-482d-9df1-3989e8a221f4
6fa49c73-82a7-4a5b-99e6-c92e47577449,2025-11-26 08:55:26.000000,user18,Databricks,view,2131,335.1,48a29ae5-4152-48b1-bf05-6d9c2bfed9b0,05201160-1e2f-46a0-a5f3-b4b5e28f6840
ff161248-a8a1-4765-b1a5-3f0d5bfd8469,2025-11-26 09:01:54.000000,user32,Snowflake,upload,1084,244.58,38f44a6d-9d10-4fb3-942e-1b10d24d8a11,
9f63b920-eeb5-44a6-8211-b1f7e3c8ad6d,2025-11-26 09:39:20.000000,user43,Snowflake,view,1523,54.0,c6454ad0-7f8b-470b-9217-79a5a17d4f23,7962a4f2-0143-4d08-910b-9e5b6038413e
2e9a6637-6e65-417b-8697-8cf390ebff14,2025-11-26 10:04:20.000000,user46,Snowflake,view,3357,497.14,f9ad72b8-e31f-43d7-a0e6-7bae6d713f28,
9ed1e395-71b7-4d38-ada1-2bcb6d38ce0a,2025-11-26 11:05:22.000000,user10,SAP,upload,1182,299.61,2bc95964-b78c-4e77-a470-a75dedee59b8,aac94f2a-168d-450a-b0b2-177011aa9c99
aad10a20-8f02-45b5-9fff-7024c64e0dc1,2025-11-26 11:17:01.000000,user14,Workday,view,137,138.61,5b7cd0dd-d609-4bb9-84de-9bb355157f0c,0934373b-865b-4f05-8d08-c6271dcefefd
892ca174-e2c0-4420-85b3-5ba6eff26bb0,2025-11-26 11:18:50.000000,user46,Workday,upload,1594,223.59,f9ad72b8-e31f-43d7-a0e6-7bae6d713f28,aa7e2cc4-be86-4748-a5e4-51c8bf7091f8
f99d7b4d-b1d9-4db0-a330-456b883c353f,2025-11-26 11:38:06.000000,user44,Workday,upload,1292,430.21,8549d55e-7421-4b04-af67-fca844a36721,
94327b73-be67-4d79-87a8-e21281e13c27,2025-11-26 11:57:45.000000,user43,SAP,modify,2749,405.31,c6454ad0-7f8b-470b-9217-79a5a17d4f23,c5c37446-11e2-4d7b-abff-646ac3e1856e
cf14bb73-f8ea-4d7d-b662-e48e1f42b14d,2025-11-26 12:27:13.000000,user46,Databricks,download,1882,429.09,f9ad72b8-e31f-43d7-a0e6-7bae6d713f28,
4d89abd9-a1f5-4401-9f42-822e885797d0,2025-11-26 12:36:16.000000,user10,Databricks,download,2322,282.75,2bc95964-b78c-4e77-a470-a75dedee59b8,2090defb-2e0b-42d6-8ae8-5789cd5e86a2
33d2cf4e-3701-4fa6-8f20-451c8e41c7a6,2025-11-26 13:12:25.000000,user36,Salesforce,view,116,312.19,bf6745a3-53b8-4882-8b76-895c1618a312,
aed7a2ac-25ef-4638-8da4-6e35c520cf23,2025-11-26 13:15:52.000000,user36,Databricks,view,1527,33.19,c6f06ca6-93c2-4bf6-9ae3-a337d916d2d5,80af903e-90ac-4904-bfab-6d1fe8545a24
303476a3-fac1-4ab5-a999-c91feda608ac,2025-11-26 14:05:23.000000,user44,SAP,upload,2300,77.63,8549d55e-7421-4b04-af67-fca844a36721,
0e95b84d-a80a-4844-b51c-16a54712f59f,2025-11-26 14:37:37.000000,user14,Jira,upload,2904,242.6,a710ce93-dbb7-467c-a79f-4e4352cf72c2,0896af01-cf7f-4253-914b-88f399548a73
f22df6e2-faec-4874-afd1-d908ebad37be,2025-11-26 14:41:56.000000,user44,Jira,view,2311,484.57,8549d55e-7421-4b04-af67-fca844a36721,
5c546865-33d5-4108-bb18-e62763cd8def,2025-11-26 14:52:41.000000,user44,Jira,download,423,52.31,8549d55e-7421-4b04-af67-fca844a36721,
7b795b4b-ffee-4c4c-9ded-b20ac2f28ba3,2025-11-26 15:56:35.000000,user24,GitHub,modify,1761,253.57,9f30f8d8-89eb-4418-9230-0966ff5ba567,94dc5986-9103-43e5-8dd1-0dcd4aeddcf9
800b6721-4503-486b-80dc-7a62039de415,2025-11-26 16:30:38.000000,user24,Jira,download,2495,138.96,9f30f8d8-89eb-4418-9230-0966ff5ba567,447457ba-81ba-4e71-8e51-e332a723b1c9
39bee3bd-ec3a-4e84-a1ec-75f541fac2ed,2025-11-26 16:50:20.000000,user46,Salesforce,download,1022,59.59,0830c75b-7d4e-454b-a951-0139d5f1713d,aa7e2cc4-be86-4748-a5e4-51c8bf7091f8
614199f0-e7fd-4d75-9c29-76325486d6a3,2025-11-26 16:56:16.000000,user36,SAP,view,2653,211.95,bf6745a3-53b8-4882-8b76-895c1618a312,
889ee8af-e275-495e-9049-04d95d863ab2,2025-11-26 17:34:51.000000,user24,SAP,upload,1111,100.05,9f30f8d8-89eb-4418-9230-0966ff5ba567,447457ba-81ba-4e71-8e51-e332a723b1c9
9b4820b1-c47f-431c-8cab-d5a582cbaf13,2025-11-26 17:35:09.000000,user36,Databricks,modify,1516,38.57,5d5a43ea-e47c-4aac-8037-4aaad1691181,
310b4d63-9792-469b-ba40-0fab99fbb06c,2025-11-26 17:53:05.000000,user44,Workday,upload,698,485.2,8549d55e-7421-4b04-af67-fca844a36721,813dc41d-86e7-4d70-9829-f1465deb894c
1cfdc809-02f1-4a49-bee1-a96d4e83254b,2025-11-26 17:58:35.000000,user24,Snowflake,modify,2170,317.16,9f30f8d8-89eb-4418-9230-0966ff5ba567,05ab8665-9ba5-4f59-a3a0-ad56b715d38f
3fea19f9-f7d3-471e-a096-2313c72351da,2025-11-26 18:15:05.000000,user36,Salesforce,upload,2445,482.67,5d5a43ea-e47c-4aac-8037-4aaad1691181,80af903e-90ac-4904-bfab-6d1fe8545a24
8145b9ae-0af8-4731-ba60-07c19d59b4e1,2025-11-26 18:42:34.000000,user7,SAP,modify,423,369.64,dfdaf040-9b67-4295-b8d7-31986df0f081,cc9e6072-97bb-4105-b8b4-b79ca598b5fe
8fd87c1c-7677-4048-a6e0-856659385d38,2025-11-26 18:44:42.000000,user36,SAP,upload,2531,152.57,c6f06ca6-93c2-4bf6-9ae3-a337d916d2d5,b09652bf-7cae-4394-8179-65991dabd0a4
8391fe07-c338-4652-bf75-7c61132aadf1,2025-11-26 19:30:52.000000,user36,Workday,modify,2610,320.26,feed9810-951d-4163-97c1-2c84eb444f45,
918d09fe-c457-4c45-8df2-21562df1a70d,2025-11-26 19:37:17.000000,user46,Workday,upload,642,341.03,0830c75b-7d4e-454b-a951-0139d5f1713d,
c44b038b-b22f-4824-b539-4b0bcf61c627,2025-11-26 19:38:46.000000,user36,Databricks,download,981,106.91,5d5a43ea-e47c-4aac-8037-4aaad1691181,80af903e-90ac-4904-bfab-6d1fe8545a24
b06b6cb6-94eb-4740-afde-80e2a683757f,2025-11-26 19:51:11.000000,user36,Databricks,modify,1742,72.66,feed9810-951d-4163-97c1-2c84eb444f45,95d5fb1f-855d-4462-bf1b-16438b8fa706
7ff16b9f-2553-4648-ae2e-6c7c7ca9f3b3,2025-11-26 20:03:56.000000,user46,Databricks,modify,868,235.81,0830c75b-7d4e-454b-a951-0139d5f1713d,
551a9709-faf2-434e-90f8-7847535b5654,2025-11-26 20:06:10.000000,user36,Databricks,download,3109,243.68,5d5a43ea-e47c-4aac-8037-4aaad1691181,
42b7b07a-0525-45bc-ae0b-dc1c063911e9,2025-11-26 20:14:47.000000,user6,Workday,upload,1847,238.92,b11303a9-93a0-47a9-bad6-940952213071,
fad6e3ef-9d31-4e55-9d0d-104fd0410d9a,2025-11-26 20:21:38.000000,user36,Snowflake,download,1453,295.15,c6f06ca6-93c2-4bf6-9ae3-a337d916d2d5,c1a356b4-c265-41ff-a1d1-97e34285c574
8e0c09a2-1084-4961-a0bc-e88780ff8058,2025-11-26 21:08:56.000000,user36,SAP,view,1704,496.81,feed9810-951d-4163-97c1-2c84eb444f45,
2db25a5f-eb4f-4d0e-ac71-5b970dc7d179,2025-11-26 21:37:52.000000,user20,Workday,view,893,311.66,283f102f-6ea3-4f3e-a539-3a2a5260ffc9,
71684525-8c0a-4b05-bae9-e0518aacdecd,2025-11-26 22:08:16.000000,user50,Salesforce,download,62,262.98,ea50c4b6-b57d-4e93-a7a3-bacf3f75e9d1,7bee73de-c15a-48f9-8fb0-461a149edf76
c450d453-6ff4-4708-89fd-6fb0c6b7c114,2025-11-26 22:12:24.000000,user19,Salesforce,modify,3582,366.54,f5871820-43b3-405d-8ab7-c0fe81c9ddb1,
0d5b7c79-705f-4873-9276-890ebea8ad04,2025-11-26 22:32:53.000000,user7,Workday,download,1364,471.63,dfdaf040-9b67-4295-b8d7-31986df0f081,cc9e6072-97bb-4105-b8b4-b79ca598b5fe
2827f40c-3833-4e56-bd22-66d26e2fd991,2025-11-26 22:48:42.000000,user44,Databricks,upload,107,7.15,43b3dbdf-c306-4ae0-b557-12772405a0ec,813dc41d-86e7-4d70-9829-f1465deb894c
47a9a393-0e81-4950-abb0-70bff9062bcd,2025-11-26 23:07:13.000000,user19,Databricks,upload,3039,174.3,f5871820-43b3-405d-8ab7-c0fe81c9ddb1,1a621056-d1e3-4527-8fb8-36383826e144
dc90b105-ebed-4115-ab77-56a3805befea,2025-11-26 23:28:00.000000,user6,Workday,modify,3452,151.07,b11303a9-93a0-47a9-bad6-940952213071,
9ee1cc5d-d877-47fd-9ffc-2fff7156c28d,2025-11-27 00:14:51.000000,user44,GitHub,upload,2980,262.08,43b3dbdf-c306-4ae0-b557-12772405a0ec,c50a9bf1-8c33-4f97-99e1-2eee2f5312f7
9e5b785a-ac8c-4d93-b14f-fa87dc7ccedd,2025-11-27 01:18:46.000000,user19,GitHub,view,1979,429.1,f5871820-43b3-405d-8ab7-c0fe81c9ddb1,368f1022-14ec-4c73-a15d-201287d69868
0939588c-1c93-4c52-ac27-aca2f481e7c2,2025-11-27 02:10:08.000000,user34,Snowflake,modify,2150,29.38,2fd029d1-4ff9-4a01-b53f-c467c23fa008,d0a2a2da-ca13-48a8-85e8-28a345635eb2
1b7b8358-b7f6-40a2-b018-9ffa1f0ca329,2025-11-27 03:06:26.000000,user6,GitHub,modify,3512,68.7,b11303a9-93a0-47a9-bad6-940952213071,8920d329-190c-4281-8363-6c207e82825a
4a4599a5-ee8b-4f29-b862-b24241cc3daa,2025-11-27 03:12:42.000000,user36,SAP,modify,1588,10.72,feed9810-951d-4163-97c1-2c84eb444f45,c1a356b4-c265-41ff-a1d1-97e34285c574
bf46b9ac-a2ab-4537-9958-2e0bc26f764b,2025-11-27 03:45:45.000000,user5,Workday,modify,3140,322.93,7a8a02fc-7915-432b-abca-44d6e8268871,627a33b3-a898-4454-9dad-d3d837b17540
d24334ab-cfe3-4897-af7b-719f49914524,2025-11-27 04:12:45.000000,user50,Salesforce,download,896,368.32,ea50c4b6-b57d-4e93-a7a3-bacf3f75e9d1,1552f605-c541-4a36-aea0-781b8fcf3ca0
adcafc9d-bf70-4634-aaba-b88b83a8db9b,2025-11-27 04:56:59.000000,user5,Workday,modify,2915,75.87,7a8a02fc-7915-432b-abca-44d6e8268871,658bc845-297b-4b04-9018-4421a3ee93bd
82a5846c-90f9-4636-b599-1f3d3149bf5f,2025-11-27 05:09:53.000000,user50,Workday,upload,1046,253.43,ea50c4b6-b57d-4e93-a7a3-bacf3f75e9d1,
cd2118e6-6b3f-4ac2-b195-abb8b8dbd811,2025-11-27 05:20:26.000000,user5,Databricks,modify,657,7.0,7a8a02fc-7915-432b-abca-44d6e8268871,4e5f121a-fdbc-4c29-ab60-08f5afcf6ec9
3deb162a-c0ea-4015-af60-42ef864980f2,2025-11-27 06:45:56.000000,user5,SAP,download,3311,413.99,7a8a02fc-7915-432b-abca-44d6e8268871,
d9915d94-ce39-4939-a316-7db21edb4ea2,2025-11-27 06:47:08.000000,user2,Jira,view,1186,298.32,d831e185-daa4-4cfa-94eb-2260dbc9c5c6,c7eb3396-3b92-48f5-a887-07c4ee0ae05f
14adc5ae-1f1d-48e4-81bb-ca08a05b6d28,2025-11-27 06:51:00.000000,user5,GitHub,upload,1390,57.77,7a8a02fc-7915-432b-abca-44d6e8268871,
63ce3f87-9839-404c-81a1-6f410b649bec,2025-11-27 07:18:59.000000,user25,Snowflake,download,2365,296.72,4735b32a-801b-47e4-b68c-eb848aefe6ac,d734d354-b970-4907-98e7-dc8af18d2176
dbba45bb-c80d-45cc-8d74-973b2bb57fe0,2025-11-27 07:28:00.000000,user4,Salesforce,modify,319,191.19,afce3e98-0fd4-4bae-8e20-9c39468496a4,7f4bd8f8-adf3-4efa-97ff-77c5dbf502c8
9e66c668-422a-4c90-a9f2-77022231c6a6,2025-11-27 07:44:56.000000,user2,Databricks,download,135,123.0,d831e185-daa4-4cfa-94eb-2260dbc9c5c6,
dfb3a998-f8f9-48f1-8d98-ec9f9621373d,2025-11-27 08:06:59.000000,user34,Workday,upload,2801,135.14,2fd029d1-4ff9-4a01-b53f-c467c23fa008,d0a2a2da-ca13-48a8-85e8-28a345635eb2
76cb7fa5-d6ff-4335-8f8f-03ee83967fe9,2025-11-27 08:09:28.000000,user4,Snowflake,view,1604,329.35,afce3e98-0fd4-4bae-8e20-9c39468496a4,a8ce2205-1cce-48ce-a0a6-fd0c382fd4ba
efdf7222-74e5-4187-9b74-1d8e1bf0b6b8,2025-11-27 09:17:17.000000,user40,GitHub,download,2481,167.19,484ad3ea-c702-4155-bf9f-0ad6a91020bb,3fc68a79-0378-4a04-ad13-338646489999
d2aa0425-c8ac-4ea2-9cfb-4373906cf43b,2025-11-27 09:51:49.000000,user40,Workday,view,3102,29.56,484ad3ea-c702-4155-bf9f-0ad6a91020bb,920122da-e289-430a-b71d-9e93b1e58ef1
3cf2d149-e802-41fd-a203-b9be2341ee91,2025-11-27 09:55:46.000000,user2,SAP,upload,2317,331.51,d831e185-daa4-4cfa-94eb-2260dbc9c5c6,9ea1e988-1aee-45eb-8a6c-31312be58695
2c6edcc4-5cea-436e-9662-a3cdf8fa86de,2025-11-27 10:09:03.000000,user40,Jira,view,1283,347.31,484ad3ea-c702-4155-bf9f-0ad6a91020bb,
2bfb82a8-2f8a-442f-9d5a-51592c779985,2025-11-27 10:44:32.000000,user40,Snowflake,modify,907,160.23,484ad3ea-c702-4155-bf9f-0ad6a91020bb,7c760b54-bb9c-41b1-a426-85e28481171a
17c6823f-0caf-4174-bcd0-19ab5636f39e,2025-11-27 10:58:25.000000,user2,SAP,view,2804,483.14,d831e185-daa4-4cfa-94eb-2260dbc9c5c6,f9d7f36c-2cc8-424b-8164-ffe4e3e4cf23
9d19aef3-a0a0-45fa-8b56-952e9c36ee3b,2025-11-27 11:09:11.000000,user2,Workday,download,3153,16.5,d831e185-daa4-4cfa-94eb-2260dbc9c5c6,
1ce10d77-4a60-4957-9a2b-4afe60af28e4,2025-11-27 11:22:20.000000,user40,Databricks,upload,2596,18.25,484ad3ea-c702-4155-bf9f-0ad6a91020bb,
20918451-f4ab-44fa-84cc-18b157dff5f4,2025-11-27 12:09:48.000000,user22,Workday,modify,741,216.34,10d7dc6c-0252-4b62-ab1d-6e1315e22219,
7a51c26a-eb20-46dd-a578-6dac52330e3b,2025-11-27 13:19:01.000000,user22,GitHub,modify,3315,416.5,10d7dc6c-0252-4b62-ab1d-6e1315e22219,
29900ae7-8eba-4a05-bb75-e4fef1da3ba7,2025-11-27 13:34:00.000000,user40,SAP,modify,459,62.4,ee82d5f6-4269-483f-b1e2-5d97e2ff64ec,
b907b09d-9887-4678-904a-4c1c46e31176,2025-11-27 13:45:10.000000,user7,Snowflake,download,1173,231.86,bedef52b-0d18-45d3-a497-b55fdcb593aa,ad15752a-c359-4806-ac26-a7e6975debe9
76379817-8462-4691-93a9-ddb3e0fda027,2025-11-27 13:55:39.000000,user40,Databricks,view,2034,264.38,ee82d5f6-4269-483f-b1e2-5d97e2ff64ec,3fc68a79-0378-4a04-ad13-338646489999
fdf19e2b-92a9-43ea-b46d-3d0af917ec91,2025-11-27 15:21:01.000000,user7,Workday,download,2364,484.31,bedef52b-0d18-45d3-a497-b55fdcb593aa,ad15752a-c359-4806-ac26-a7e6975debe9
55ee5776-5856-4349-8f04-984e72d3ba1d,2025-11-27 15:35:58.000000,user37,Jira,download,367,432.79,10082dc5-8bf3-4784-8be5-fdf4d406b2b2,951ac8f2-d9d9-481a-ae43-df01758bc9a2
936f7e50-8298-42f8-a9d1-b4abb6b612dc,2025-11-27 15:38:43.000000,user7,Jira,upload,753,59.51,bedef52b-0d18-45d3-a497-b55fdcb593aa,
14cc32f1-24f7-4e23-9bd9-dc4d452f13f8,2025-11-27 15:50:46.000000,user37,SAP,view,3440,298.78,10082dc5-8bf3-4784-8be5-fdf4d406b2b2,fc7c8850-edf7-412a-9751-6532fc7469d7
6516a7d5-5ce1-4083-a5e1-be7fe41f9c07,2025-11-27 16:02:50.000000,user24,SAP,upload,966,121.25,e0c8298c-89d8-4d26-895c-e3f3ee0c1acc,05ab8665-9ba5-4f59-a3a0-ad56b715d38f
c8428ffb-2cdf-4561-9db0-7c9867cafbb2,2025-11-27 16:15:05.000000,user40,GitHub,download,60,109.38,ee82d5f6-4269-483f-b1e2-5d97e2ff64ec,920122da-e289-430a-b71d-9e93b1e58ef1
7a93935c-e056-47a0-a654-367b1285c64f,2025-11-27 16:18:18.000000,user24,GitHub,view,3348,364.88,e0c8298c-89d8-4d26-895c-e3f3ee0c1acc,
0e89031d-0d7d-47a2-8d95-fa1a4cd06215,2025-11-27 16:36:10.000000,user24,GitHub,download,519,243.19,e0c8298c-89d8-4d26-895c-e3f3ee0c1acc,94dc5986-9103-43e5-8dd1-0dcd4aeddcf9
f54fa769-5ebd-4e3f-ab42-d72e33fe5c3d,2025-11-27 16:48:34.000000,user40,Snowflake,upload,757,351.92,ee82d5f6-4269-483f-b1e2-5d97e2ff64ec,
c333cf07-07fc-4367-953c-2fcff9aee0ed,2025-11-27 17:42:18.000000,user37,Snowflake,download,2058,72.27,10082dc5-8bf3-4784-8be5-fdf4d406b2b2,
d85ec13a-ce56-4adc-88a5-92a9ab22c8be,2025-11-27 17:51:51.000000,user24,Jira,modify,1755,66.89,e0c8298c-89d8-4d26-895c-e3f3ee0c1acc,765a447d-23f3-420f-8ccc-869682af644d
f70fa653-4da1-4ceb-a826-a103fb63befe,2025-11-27 18:08:02.000000,user22,Jira,download,3526,208.92,10d7dc6c-0252-4b62-ab1d-6e1315e22219,
bf7fb2e3-9b4e-4a61-b4b1-525b1b913481,2025-11-27 18:43:36.000000,user13,Databricks,download,396,277.06,3977464c-4b58-4d4a-b8e5-0f730bfa50c2,7aeb2c0e-a0a8-4a3c-8f5f-4b990b1f5e88
a242fc0e-3687-4b0c-9b3f-73dec01d3855,2025-11-27 18:52:19.000000,user7,Snowflake,upload,984,256.73,bedef52b-0d18-45d3-a497-b55fdcb593aa,
6529f0fc-0d1a-4bb4-a250-b6b4fc6e8e50,2025-11-27 19:03:28.000000,user24,SAP,modify,150,296.25,e0c8298c-89d8-4d26-895c-e3f3ee0c1acc,05ab8665-9ba5-4f59-a3a0-ad56b715d38f
68c3fa4d-4732-4b89-b299-6f7165d0e345,2025-11-27 19:14:45.000000,user36,Workday,modify,1231,487.76,61f99464-3ad0-4873-9578-734e25318400,95d5fb1f-855d-4462-bf1b-16438b8fa706
b7727261-597e-4d00-9c7c-7452dcff0063,2025-11-27 19:24:03.000000,user48,Jira,modify,2685,61.52,23917a8a-3147-4d3a-99bd-20f3ff9ec467,f949d0a6-c40b-494c-94b7-3019fd43fb52
7e296495-0884-4cb1-8360-301c3c50818a,2025-11-27 19:45:30.000000,user7,Workday,view,2959,294.08,bedef52b-0d18-45d3-a497-b55fdcb593aa,
f53bb444-3953-4d28-831d-6e9f46183f96,2025-11-27 19:53:09.000000,user17,GitHub,download,359,444.99,9a3776eb-9e03-4c77-8564-cc214c81f2ec,53eb2470-ba66-4ff5-9bf3-a6036ab5abb3
37126ca8-2a45-4810-bdf3-7ff3873a1755,2025-11-27 20:01:24.000000,user37,GitHub,view,2881,356.79,10082dc5-8bf3-4784-8be5-fdf4d406b2b2,951ac8f2-d9d9-481a-ae43-df01758bc9a2
eeba75bf-cdf2-408f-9ee1-4ab29f47512a,2025-11-27 20:24:50.000000,user13,Databricks,view,204,10.28,3977464c-4b58-4d4a-b8e5-0f730bfa50c2,07d7b990-1342-4cd5-b6f6-fda991118d20
54bc522c-3e38-4764-8ba1-a794cf45c18e,2025-11-27 20:38:26.000000,user40,Salesforce,view,355,267.0,ee82d5f6-4269-483f-b1e2-5d97e2ff64ec,7c760b54-bb9c-41b1-a426-85e28481171a
e2ad9d39-0e4c-4ee2-9408-becf5d8c843f,2025-11-27 21:02:05.000000,user16,Jira,upload,1279,235.76,3359e2dd-5ef1-439e-995f-17ddd83ce207,6616041d-beb3-4ba3-b1ab-8ae47fc271e7
76a0edf0-1e84-4378-b53d-b64816f54eb5,2025-11-27 21:12:17.000000,user22,Jira,upload,3316,11.43,356a3096-c654-48c8-a8f2-ae5a09fac4ff,0c23ba81-b5cd-422b-bb04-74cdb1adbbba
537f9545-a910-449f-b1ff-a136322a6fc4,2025-11-27 21:37:44.000000,user16,GitHub,upload,922,33.15,3359e2dd-5ef1-439e-995f-17ddd83ce207,ee7d3a6a-dc28-4915-909b-3c5176dafa86
3480b040-6213-4c85-921f-0061cbea2e6b,2025-11-27 21:44:48.000000,user36,Workday,modify,1414,283.96,61f99464-3ad0-4873-9578-734e25318400,25238d06-cae7-4245-99ae-6c3c47f85a63
33d83b7c-18b2-4585-a43f-d29887f1d2ec,2025-11-27 22:22:17.000000,user48,GitHub,upload,1621,430.31,23917a8a-3147-4d3a-99bd-20f3ff9ec467,
820d2527-c024-4388-9082-775f25ee36c9,2025-11-27 22:28:54.000000,user6,Databricks,view,2389,173.87,abd29644-954e-4c49-8ea5-57d6b454038e,69bcda38-b872-4376-a01f-6ba49da86ce3
598c5950-b630-42c1-96ec-a25dfeb9da01,2025-11-27 22:32:54.000000,user23,Jira,view,3483,297.32,7087da6e-d2fe-452d-a281-9b0e2b900b09,7178f43c-59c7-4c7b-ab22-b62b34b9a955
b06a2945-bc02-4417-80a7-b8cf237bdfe6,2025-11-27 22:33:51.000000,user48,Databricks,upload,3177,316.93,23917a8a-3147-4d3a-99bd-20f3ff9ec467,a23b2ad0-3d00-4e8b-9291-7d88fa66a870
a0ecf4d7-72b7-45f7-aba9-05b2ac904f5c,2025-11-27 22:38:54.000000,user13,Databricks,view,3540,131.59,3977464c-4b58-4d4a-b8e5-0f730bfa50c2,636c1463-f4ec-48f8-a7bf-0861896214af
89cf4e6f-52dc-446c-942b-f17b57ab3107,2025-11-27 22:39:18.000000,user6,Snowflake,modify,740,182.14,abd29644-954e-4c49-8ea5-57d6b454038e,ab7e8e1c-2091-4a6f-852d-da2de8d29ab7
a5486704-b2fc-4bfb-af04-73bd69d6633d,2025-11-27 22:46:23.000000,user13,Workday,upload,293,113.53,3977464c-4b58-4d4a-b8e5-0f730bfa50c2,a7bb8abf-21dc-4449-b9eb-8cf684f1ec46
30f6bf40-4195-4841-bca4-8583864f7537,2025-11-27 22:47:23.000000,user39,SAP,view,1111,355.17,33195a1a-3601-46cb-8300-89d85456bd32,8af0f73f-c767-4be7-90ec-6e0bae226de1
e3db8824-f8c6-4007-8713-252c7c6185f3,2025-11-27 22:56:27.000000,user17,Workday,download,3243,478.45,9a3776eb-9e03-4c77-8564-cc214c81f2ec,ce2d0779-4397-45ce-8951-d45cfe91d17d
ca6c9275-f1e8-45d0-8723-29e0157ed936,2025-11-27 23:09:14.000000,user13,Databricks,view,337,108.45,3977464c-4b58-4d4a-b8e5-0f730bfa50c2,a7bb8abf-21dc-4449-b9eb-8cf684f1ec46
2c8881af-9716-47b3-8bdc-18b3b71a3f88,2025-11-27 23:11:13.000000,user39,Snowflake,view,2346,260.83,33195a1a-3601-46cb-8300-89d85456bd32,b76ee81f-d21f-489a-a81f-04e7f0f8ed31
562799e4-16b6-4561-9e08-b3a71b74e215,2025-11-27 23:16:54.000000,user16,GitHub,view,2323,480.51,3359e2dd-5ef1-439e-995f-17ddd83ce207,742cfb6f-3883-4bc6-9784-c1cf7d4af380
85f05ac7-a412-48b7-bb11-476eff37b63d,2025-11-27 23:23:12.000000,user22,SAP,modify,2741,73.54,356a3096-c654-48c8-a8f2-ae5a09fac4ff,0c23ba81-b5cd-422b-bb04-74cdb1adbbba
012af06a-26fc-4335-a1ce-7fd119317679,2025-11-27 23:27:02.000000,user16,Databricks,download,2847,70.36,3359e2dd-5ef1-439e-995f-17ddd83ce207,ff61d5d2-1678-4dec-b2fe-bf5dc1e25a97
819a088f-df75-4355-af32-f083b2a95565,2025-11-27 23:35:24.000000,user36,Databricks,modify,2337,25.89,61f99464-3ad0-4873-9578-734e25318400,752a2a70-b568-4984-aaa5-3caea848cbd2
cbf8421a-950a-4aff-b6e8-1a4b3ad310a1,2025-11-27 23:59:02.000000,user10,Snowflake,view,1620,124.41,755c0221-1e12-4308-b495-45ee5c37cbe6,da56e794-44eb-44f1-b8fd-ff225b605512
18a3305d-8ed0-4aa9-bf9a-49d9ec139e4b,2025-11-28 00:24:04.000000,user34,Workday,view,2907,6.82,0642e91d-3ceb-4318-971e-9c53613d0647,297776a4-bdbd-442a-b048-4cd54d071d3d
b2789e42-4dcb-4abf-9776-01ba1846b47a,2025-11-28 00:38:15.000000,user36,Salesforce,upload,1998,139.7,61f99464-3ad0-4873-9578-734e25318400,25238d06-cae7-4245-99ae-6c3c47f85a63
b6905003-b62e-4e84-b112-15b93a902ad0,2025-11-28 00:41:14.000000,user6,SAP,view,800,128.05,abd29644-954e-4c49-8ea5-57d6b454038e,88dd69ee-eba2-462a-b055-8079846c2b0e
80ac0e9f-38a6-47df-836e-9538fb058d53,2025-11-28 00:49:17.000000,user23,Databricks,view,418,188.28,7087da6e-d2fe-452d-a281-9b0e2b900b09,7178f43c-59c7-4c7b-ab22-b62b34b9a955
0e0b5fb6-f63b-454a-9ba0-d7117a517e31,2025-11-28 01:13:53.000000,user23,Salesforce,view,3154,323.16,7087da6e-d2fe-452d-a281-9b0e2b900b09,7178f43c-59c7-4c7b-ab22-b62b34b9a955
6f0a7ce8-077b-444a-aa6d-ffaeac9270a5,2025-11-28 01:32:10.000000,user22,SAP,upload,833,366.95,356a3096-c654-48c8-a8f2-ae5a09fac4ff,
635cfcd4-ee7f-4c43-ac5d-fc0ca2d61e29,2025-11-28 01:50:27.000000,user17,Databricks,download,2699,330.82,e644b84b-812e-4594-9db3-a7dc69ad4ccc,42e3812f-1807-4a2e-b41b-9c481b358f6f
b30d3237-eef7-447c-b107-666e81d37ab5,2025-11-28 02:08:02.000000,user34,Jira,modify,2822,189.22,0642e91d-3ceb-4318-971e-9c53613d0647,d9d3c543-c613-4ed5-ae94-38df532eaf29
ff88fba9-64ed-4d5c-9d29-594bafd0f4ad,2025-11-28 02:36:40.000000,user17,Workday,download,2563,315.66,e644b84b-812e-4594-9db3-a7dc69ad4ccc,8fba1cc0-ed98-4402-bf99-afe91cc015ed
d03f1f35-fb5e-433f-bef8-5e212a40022b,2025-11-28 02:38:21.000000,user17,GitHub,modify,2989,481.95,9a3776eb-9e03-4c77-8564-cc214c81f2ec,dce39cbb-95e8-469b-8b9c-e096b29989f9
62901468-5756-4552-990e-7ce89f1c3ef9,2025-11-28 02:42:13.000000,user22,GitHub,view,3073,289.61,356a3096-c654-48c8-a8f2-ae5a09fac4ff,0c23ba81-b5cd-422b-bb04-74cdb1adbbba
fefec934-7b54-4641-a982-8fe35b1d54c1,2025-11-28 03:20:02.000000,user17,GitHub,modify,1194,244.46,9a3776eb-9e03-4c77-8564-cc214c81f2ec,76b29193-7a56-4586-9e41-d463eef47b78
fbff9791-17f9-4d7b-9eb1-a01268b0e86d,2025-11-28 03:23:28.000000,user39,Databricks,modify,1743,4.01,33195a1a-3601-46cb-8300-89d85456bd32,8af0f73f-c767-4be7-90ec-6e0bae226de1
7ee61e04-3d17-4f55-a2ef-315780c99504,2025-11-28 04:07:20.000000,user17,Databricks,view,3230,420.53,e644b84b-812e-4594-9db3-a7dc69ad4ccc,9812fce7-161c-40de-a265-28aedb30a13f
9db5a95a-bf2e-4aa8-a593-c2af3af20f18,2025-11-28 05:06:36.000000,user35,Jira,modify,91,367.24,ef64ed99-e828-4715-9061-6ae59d43d5ff,
d4ca1ce4-5b6b-4a37-a6b9-c398513980ec,2025-11-28 05:43:23.000000,user2,Workday,view,3220,175.1,e7355ade-bfae-4a06-b724-0a20ba424faa,427ec365-2dd6-43e8-93ed-27d35e02f876
7409a9be-35a5-47e2-9645-6d454099f53f,2025-11-28 06:02:40.000000,user2,Databricks,view,1038,93.64,e7355ade-bfae-4a06-b724-0a20ba424faa,dfd953b9-4ba0-4fb8-86a7-6827aba1be16
909fe660-134f-4372-9bb6-0e30828768af,2025-11-28 06:08:49.000000,user20,Jira,download,1570,130.6,01a4f281-735d-4aba-82ec-10ef4f6d2f61,40958a2a-887b-42e6-bce5-c4f837839198
81763eea-2678-48e8-93f9-bf10bacda01e,2025-11-28 06:20:11.000000,user20,Salesforce,modify,1488,234.79,01a4f281-735d-4aba-82ec-10ef4f6d2f61,0324b900-97c7-43ba-b4bd-fa2aae82391b
450d36d2-487b-4026-8326-1769d792c85e,2025-11-28 06:29:23.000000,user17,GitHub,modify,2297,57.69,e644b84b-812e-4594-9db3-a7dc69ad4ccc,42e3812f-1807-4a2e-b41b-9c481b358f6f
9dc41fc0-46af-4ab6-89c4-9c9deff017b7,2025-11-28 07:47:06.000000,user2,GitHub,modify,2195,338.42,e7355ade-bfae-4a06-b724-0a20ba424faa,427ec365-2dd6-43e8-93ed-27d35e02f876
08b898b4-532d-4e4c-96d0-8c5e970eb053,2025-11-28 08:36:20.000000,user20,Jira,modify,1385,449.58,01a4f281-735d-4aba-82ec-10ef4f6d2f61,
84aba819-abab-4d19-8089-0cf15cc48a42,2025-11-28 08:36:22.000000,user20,Snowflake,view,2687,433.6,01a4f281-735d-4aba-82ec-10ef4f6d2f61,4e5f8157-56bd-42e6-be82-b61ecdfb666c
f6e8087d-484b-4d22-b688-aaacf9743319,2025-11-28 09:22:17.000000,user47,Salesforce,download,520,5.13,1579001f-e417-4671-b90e-fa299e321893,5700cae1-3fcb-43fd-8045-cf86217de7a9
5bceebf1-441f-40a3-98fe-c3accbf9237f,2025-11-28 09:28:32.000000,user2,Workday,view,3512,430.57,e7355ade-bfae-4a06-b724-0a20ba424faa,
d34f67da-c51a-4538-8121-1c5f5f9614be,2025-11-28 09:45:56.000000,user31,SAP,view,1375,7.34,a2a3677f-2f0c-4f92-b501-4947b654e9e4,54051b9c-148f-4394-9326-d32b45df1e5c
8822c173-a5aa-42dc-976f-a115403345c4,2025-11-28 09:53:57.000000,user35,Databricks,upload,106,53.2,ef64ed99-e828-4715-9061-6ae59d43d5ff,d320074d-1f8d-4a8d-9be0-5d38efb2846e
6bad6302-55be-41ea-817a-14f998dd4997,2025-11-28 10:46:22.000000,user2,Salesforce,download,1411,416.61,e7355ade-bfae-4a06-b724-0a20ba424faa,
545d75d6-25e8-4016-87f3-f9705bfaa005,2025-11-28 10:52:47.000000,user20,Workday,upload,2828,403.07,a04fc91e-2cb1-4a46-8437-61d9c193268c,0e4fff21-48ce-4fe6-8b49-eaff3a4b88f7
a9289aa4-6d88-4ebd-952c-6bc452fbdf9f,2025-11-28 10:54:20.000000,user31,Databricks,download,3300,217.56,dcf8018f-e7dc-47bd-8feb-ba0b7345eac2,
d065a34b-f5e7-4291-993a-a29aff73846e,2025-11-28 11:19:04.000000,user34,Jira,modify,645,474.71,23f0f489-4eeb-4e85-a6c0-047d09b798de,
d950adbc-bb8a-49f6-addd-e1006901521d,2025-11-28 11:30:25.000000,user20,GitHub,view,2836,117.55,a04fc91e-2cb1-4a46-8437-61d9c193268c,
c4061fcc-192c-472a-a2ef-223dfb68f4f8,2025-11-28 11:43:59.000000,user31,Databricks,view,3190,346.22,dcf8018f-e7dc-47bd-8feb-ba0b7345eac2,9d319081-fa17-4ebb-9222-6579bbccd83e
7fedcce0-b2b8-4492-858f-01f757913d0b,2025-11-28 11:48:25.000000,user45,Workday,view,2418,52.53,282cf04e-05d8-4fc9-a644-5dadc8cae1f9,
a44c1d1f-c5ee-4db6-9f62-65fd1fbe939b,2025-11-28 11:54:54.000000,user45,Salesforce,upload,819,144.33,282cf04e-05d8-4fc9-a644-5dadc8cae1f9,ae4ce739-9812-4946-bf46-e05f0a5a95f5
0308b704-15ab-4f08-a03e-bf4a9c565c7d,2025-11-28 12:35:29.000000,user20,Databricks,view,2368,333.72,a04fc91e-2cb1-4a46-8437-61d9c193268c,e7cf9b59-1a95-4376-9ce7-59521cf3ad13
66e39b0f-d9ce-439f-8e3b-75492882f51b,2025-11-28 13:35:14.000000,user31,GitHub,upload,130,424.98,a2a3677f-2f0c-4f92-b501-4947b654e9e4,9d319081-fa17-4ebb-9222-6579bbccd83e
6e6d7f7f-4cc2-4df2-b560-8af1281eaa39,2025-11-28 13:37:44.000000,user31,Salesforce,download,173,301.34,a2a3677f-2f0c-4f92-b501-4947b654e9e4,
2655009b-5507-47fb-8f4d-a9f286c68e69,2025-11-28 14:18:12.000000,user19,Workday,download,2126,267.36,8ebb407c-3997-4beb-aa00-ea42821954a6,c4c20f60-5934-42d2-b3a6-68be730a140e
700a41c4-8725-4686-b91c-9e1a3d030c5a,2025-11-28 14:43:34.000000,user23,Jira,view,86,273.17,b18b18ab-bc6d-4b68-97e0-74298b45ab0e,7178f43c-59c7-4c7b-ab22-b62b34b9a955
fa5c5626-756d-4155-84e5-7e7c4149a531,2025-11-28 14:58:25.000000,user31,Salesforce,modify,2881,344.63,a2a3677f-2f0c-4f92-b501-4947b654e9e4,0d16b1f4-e5a1-4944-8def-765ac61dec0f
03155944-dfd0-461d-baa2-e25169df6c70,2025-11-28 14:58:54.000000,user24,Jira,view,3326,219.28,9c35cdb0-381d-498a-b8d0-fc0b04f2dca7,
f1d52e9a-8144-488e-8488-8c93076e8ce0,2025-11-28 15:18:11.000000,user31,Salesforce,modify,2336,189.19,dcf8018f-e7dc-47bd-8feb-ba0b7345eac2,
6b0a3ea9-8c47-4061-ae0c-e1eece1c43d2,2025-11-28 15:36:54.000000,user31,Jira,download,1769,304.53,dcf8018f-e7dc-47bd-8feb-ba0b7345eac2,a596824a-6954-4d86-b6f2-e10abc4f53dd
de32f772-2d83-4a2b-b0c3-68cad02e5673,2025-11-28 15:48:37.000000,user29,SAP,modify,1165,284.28,d5c8fe01-0050-40da-a53d-9d7e51d03bd2,
45248dab-42f6-4259-81bc-7644fbb12f63,2025-11-28 16:00:45.000000,user19,Databricks,view,1853,103.28,8ebb407c-3997-4beb-aa00-ea42821954a6,
dad0592d-33e2-49c4-a233-ad6a2a2c023f,2025-11-28 16:13:14.000000,user23,SAP,view,2144,43.61,9a6aac14-9dd0-4897-99c1-05b269e0655a,7178f43c-59c7-4c7b-ab22-b62b34b9a955
233dea72-3960-4285-b687-5badf0cfbfaa,2025-11-28 16:33:13.000000,user31,SAP,download,924,84.53,dcf8018f-e7dc-47bd-8feb-ba0b7345eac2,980e07e4-d144-4108-ba59-fa5c2a10374a
fd07d5a7-1555-4fdf-87b9-828eb03a59c9,2025-11-28 16:44:10.000000,user19,SAP,upload,1308,61.4,8ebb407c-3997-4beb-aa00-ea42821954a6,1a621056-d1e3-4527-8fb8-36383826e144
0c91f0ef-3b15-4837-b4d5-0b53f0d2184b,2025-11-28 16:57:27.000000,user24,Snowflake,view,3062,499.4,9c35cdb0-381d-498a-b8d0-fc0b04f2dca7,765a447d-23f3-420f-8ccc-869682af644d
e6834241-6c65-41a0-b25a-95cbfa095286,2025-11-28 17:04:10.000000,user23,SAP,upload,310,254.62,b18b18ab-bc6d-4b68-97e0-74298b45ab0e,7178f43c-59c7-4c7b-ab22-b62b34b9a955
40a678f0-9262-4e5c-981c-56721c5d72c8,2025-11-28 17:37:57.000000,user29,SAP,download,2688,66.62,d5c8fe01-0050-40da-a53d-9d7e51d03bd2,
3c0768e2-fd02-424b-8641-e528fe9a185f,2025-11-28 17:55:10.000000,user24,GitHub,modify,169,466.33,863853f2-3e62-4690-90ad-2ba8f92f406c,05ab8665-9ba5-4f59-a3a0-ad56b715d38f
c1ad086d-d2b3-4bcc-a3f9-c3747ae4ee23,2025-11-28 18:06:07.000000,user23,Salesforce,view,1687,187.39,b18b18ab-bc6d-4b68-97e0-74298b45ab0e,a9513a1f-b06e-4185-9ff8-5245cacdfbbb
aafe445b-18f8-4807-82b5-a1bf827e9c5f,2025-11-28 18:13:38.000000,user34,Workday,view,2655,316.9,23f0f489-4eeb-4e85-a6c0-047d09b798de,d0a2a2da-ca13-48a8-85e8-28a345635eb2
229c4d48-687f-4cd2-8b10-7f051b55856b,2025-11-28 18:19:25.000000,user45,SAP,modify,1924,125.44,282cf04e-05d8-4fc9-a644-5dadc8cae1f9,252c74b3-f2ca-4dbf-a402-3cb95bcb79b3
77627534-44a9-4773-b179-e07e7ab08806,2025-11-28 18:42:57.000000,user45,GitHub,modify,3575,119.63,282cf04e-05d8-4fc9-a644-5dadc8cae1f9,2af8f26f-699b-488e-bf0d-ce56cd570744
3b6c3fe5-9151-44d5-9f4a-be5565e5d44b,2025-11-28 18:46:26.000000,user23,GitHub,upload,1677,403.41,b18b18ab-bc6d-4b68-97e0-74298b45ab0e,7178f43c-59c7-4c7b-ab22-b62b34b9a955
788c7715-b0cd-42e9-b37c-cb7f1ca7d530,2025-11-28 19:00:47.000000,user23,Databricks,modify,215,63.16,b18b18ab-bc6d-4b68-97e0-74298b45ab0e,a9513a1f-b06e-4185-9ff8-5245cacdfbbb
6d70c4fa-8b0a-4cab-b50c-6ef8f2e3a00f,2025-11-28 19:09:46.000000,user7,Jira,view,2699,120.02,c5d59941-b93c-4a8b-89ac-1b9bcade1b3c,ad15752a-c359-4806-ac26-a7e6975debe9
173c0090-db71-44d3-b47d-6818860914d3,2025-11-28 19:37:04.000000,user23,Workday,modify,2444,369.33,9a6aac14-9dd0-4897-99c1-05b269e0655a,
5d5da705-430c-49ab-b9a7-a794600b0b77,2025-11-28 19:43:54.000000,user30,Jira,view,1944,103.41,abbe4d37-f57b-44e4-b4a5-c1af59470506,884da6ac-68da-4189-b5d3-b16429db4d3b
7ce9a73e-c76d-4a98-976e-c30f7ed01623,2025-11-28 20:02:43.000000,user19,GitHub,download,3596,153.35,8ebb407c-3997-4beb-aa00-ea42821954a6,
a4f7c5c1-b563-43cc-8c96-a16e3347f237,2025-11-28 20:58:35.000000,user30,Jira,modify,3159,404.37,abbe4d37-f57b-44e4-b4a5-c1af59470506,c325ca48-757b-4c1c-b32c-a818d73a7044
0aaeccae-923f-4348-bbf0-abc8233e670f,2025-11-28 21:14:39.000000,user23,Workday,download,1683,7.66,aaad0473-8b25-43f2-bb01-19c9d7de3d61,a9513a1f-b06e-4185-9ff8-5245cacdfbbb
c15ea01c-4b43-4216-a667-dada1fede71f,2025-11-28 21:44:17.000000,user29,Jira,download,1074,290.73,d5c8fe01-0050-40da-a53d-9d7e51d03bd2,9c9480e1-e620-4610-81e4-8490cedc0467
c5f1a844-e3e4-455b-bda9-f63ccefc1146,2025-11-28 21:48:58.000000,user24,Snowflake,view,1520,173.33,863853f2-3e62-4690-90ad-2ba8f92f406c,94dc5986-9103-43e5-8dd1-0dcd4aeddcf9
27812981-8cac-410b-9038-e6da318fe8eb,2025-11-28 22:22:58.000000,user29,SAP,download,2303,405.14,d5c8fe01-0050-40da-a53d-9d7e51d03bd2,70f37e6f-bf43-4087-bc3f-d6569f2e6fc5
bdda1023-15ed-4039-989e-98c2a3aaf563,2025-11-28 22:33:23.000000,user29,GitHub,upload,57,325.32,d5c8fe01-0050-40da-a53d-9d7e51d03bd2,
05de4a9a-77b2-4073-9b38-db659446a950,2025-11-28 23:03:53.000000,user23,Jira,modify,1724,456.76,aaad0473-8b25-43f2-bb01-19c9d7de3d61,7178f43c-59c7-4c7b-ab22-b62b34b9a955
aede2e7f-1e71-48cb-871d-92da6a30fdf0,2025-11-28 23:29:26.000000,user13,Snowflake,modify,182,493.62,985877e8-cc65-4697-8fb9-74afdf67823a,7aeb2c0e-a0a8-4a3c-8f5f-4b990b1f5e88
16d6c317-dbb3-47c3-9897-6f49a1011336,2025-11-28 23:45:48.000000,user23,Salesforce,view,741,266.01,aaad0473-8b25-43f2-bb01-19c9d7de3d61,a9513a1f-b06e-4185-9ff8-5245cacdfbbb
1dd5c10e-987e-4feb-9aa3-c569d7edfda6,2025-11-29 00:12:38.000000,user45,GitHub,modify,2461,159.03,89ca6552-349d-494b-bf17-22e2aeb235f8,f4f0c171-3728-4b78-b341-408d41bde474
a7509efb-c25b-4bd4-964b-f9f6371c5c25,2025-11-29 00:14:07.000000,user45,Snowflake,upload,1798,400.09,89ca6552-349d-494b-bf17-22e2aeb235f8,
aba06928-42f9-4c51-8c84-e9e3972652e1,2025-11-29 00:15:11.000000,user13,Workday,modify,2329,443.8,985877e8-cc65-4697-8fb9-74afdf67823a,35785ccd-3d5d-4130-a2f7-2b857d6d8e1e
c2f9e6cc-f919-4e88-801b-7b66e1f9bdc2,2025-11-29 00:30:20.000000,user23,Salesforce,upload,2627,284.09,aaad0473-8b25-43f2-bb01-19c9d7de3d61,7178f43c-59c7-4c7b-ab22-b62b34b9a955
22094b42-fe96-4d44-88af-957990a393ad,2025-11-29 00:39:21.000000,user23,Snowflake,upload,2876,16.11,aaad0473-8b25-43f2-bb01-19c9d7de3d61,7178f43c-59c7-4c7b-ab22-b62b34b9a955
1f23da5c-c80d-4f36-9331-a0414bc49c45,2025-11-29 01:19:02.000000,user13,Databricks,upload,2276,223.77,985877e8-cc65-4697-8fb9-74afdf67823a,
71a44e36-b76b-4f09-9d33-a74e85cee254,2025-11-29 03:16:20.000000,user20,Workday,modify,3254,224.57,9b64185c-fcbf-4e11-9c66-857f333eaed0,2d739fb0-5a1b-4bc7-ab27-6a1a2921319d
4d40b0f5-2724-4a5a-a992-b0e61bdb37c8,2025-11-29 04:01:06.000000,user13,SAP,upload,1609,246.12,985877e8-cc65-4697-8fb9-74afdf67823a,35785ccd-3d5d-4130-a2f7-2b857d6d8e1e
af92523a-dcd1-41fe-a997-6755b55b9dd3,2025-11-29 04:12:09.000000,user46,Salesforce,upload,2669,110.43,88c03cba-05ac-4782-b2ec-c830d2d88851,3d94835c-2206-42ae-820a-bf6cf7c01fcb
671dd121-f0ad-4d1b-8fbc-0929d6380829,2025-11-29 05:27:00.000000,user45,Workday,modify,976,496.71,89ca6552-349d-494b-bf17-22e2aeb235f8,
cc4fa218-175c-42a5-9411-1a9aec8c887f,2025-11-29 05:49:31.000000,user17,Workday,download,2260,323.62,b5e6f3b9-7fdd-48e6-a304-be7e24d702a9,8fba1cc0-ed98-4402-bf99-afe91cc015ed
7e59968b-ea8c-4810-a1c9-240d8229e760,2025-11-29 06:23:56.000000,user45,Databricks,upload,3365,256.33,89ca6552-349d-494b-bf17-22e2aeb235f8,32ac0749-fa3a-4fb6-9207-a7c2ab3227d4
d8e79818-d6f5-47f2-8c7a-1ad504c87069,2025-11-29 06:51:55.000000,user45,Salesforce,modify,1025,473.26,89ca6552-349d-494b-bf17-22e2aeb235f8,
c7e94fcf-0aae-4fee-bc13-918cd2d026d9,2025-11-29 07:18:15.000000,user46,Databricks,modify,1978,370.93,88c03cba-05ac-4782-b2ec-c830d2d88851,3d94835c-2206-42ae-820a-bf6cf7c01fcb
86eabd5e-f15e-4376-8994-7413a9aac07b,2025-11-29 07:43:54.000000,user16,GitHub,upload,47,92.03,761303a3-8c54-42f6-a239-1e4c5145e784,ff61d5d2-1678-4dec-b2fe-bf5dc1e25a97
87461146-603e-4d31-9452-aa963970ec1a,2025-11-29 07:53:11.000000,user17,Jira,modify,3319,400.77,b5e6f3b9-7fdd-48e6-a304-be7e24d702a9,9812fce7-161c-40de-a265-28aedb30a13f
dc817960-6671-43ba-8201-9241b8ba39b0,2025-11-29 07:53:49.000000,user17,Snowflake,download,1503,386.53,b5e6f3b9-7fdd-48e6-a304-be7e24d702a9,b2829cec-79f6-400a-9348-e3ae096c7fda
dda98a96-8def-4a41-b5e6-6b7bbacbd7bc,2025-11-29 08:26:52.000000,user17,Salesforce,upload,2335,69.91,33ecbebe-9eba-45b8-8223-2cb0b203bed5,799697f9-f559-4b2c-9af8-86f9760cc315
d3b04e20-68de-40c5-a7e8-4a46bc001ea5,2025-11-29 09:15:10.000000,user17,Databricks,modify,3137,310.11,33ecbebe-9eba-45b8-8223-2cb0b203bed5,
568ac164-7a62-480f-82c2-38ec581c1bc6,2025-11-29 09:52:20.000000,user17,Salesforce,modify,1725,37.78,33ecbebe-9eba-45b8-8223-2cb0b203bed5,05aad117-c96c-4b0a-94e1-be69227939d8
e50210fe-28ee-45f8-ac16-29e9f364fd69,2025-11-29 10:05:08.000000,user17,Snowflake,download,3135,94.93,b5e6f3b9-7fdd-48e6-a304-be7e24d702a9,1e10a6e9-47dd-47f3-91e5-b5362171ec0e
07fd2a20-7850-4c8e-b993-2866507fd151,2025-11-29 10:31:31.000000,user17,Salesforce,modify,1831,146.53,33ecbebe-9eba-45b8-8223-2cb0b203bed5,
fdab8ac3-1fcc-4723-96a2-b9cadc66822b,2025-11-29 10:47:51.000000,user17,SAP,view,2921,120.85,b5e6f3b9-7fdd-48e6-a304-be7e24d702a9,05aad117-c96c-4b0a-94e1-be69227939d8
525d4cec-2982-4bd9-b7a1-d37e92446afc,2025-11-29 11:06:18.000000,user46,Workday,upload,1478,111.49,88c03cba-05ac-4782-b2ec-c830d2d88851,aa7e2cc4-be86-4748-a5e4-51c8bf7091f8
24224662-70d7-474d-9352-afae5a8b5485,2025-11-29 11:45:13.000000,user16,Databricks,upload,3263,479.84,761303a3-8c54-42f6-a239-1e4c5145e784,
4c3f59a7-3aa9-4d20-a996-c52e18130c46,2025-11-29 11:58:36.000000,user46,Salesforce,view,1275,107.72,0675d919-cf27-425e-99de-0c17a218c0c9,
e23b90cf-50e8-409a-aae8-56b1d9bb05fd,2025-11-29 12:23:21.000000,user20,Salesforce,view,2129,365.84,8e54f4f0-a7be-4f9b-8820-dc26ff0167aa,0e4fff21-48ce-4fe6-8b49-eaff3a4b88f7
aa4957c3-f356-4320-bf7f-61243ada1fc6,2025-11-29 12:26:44.000000,user16,Jira,view,2992,2.68,761303a3-8c54-42f6-a239-1e4c5145e784,be8f51ce-eb26-4959-972d-00979150cf6c
08baf7d0-9a2f-4b81-93a7-167582fc0aa4,2025-11-29 13:48:13.000000,user17,SAP,view,992,64.82,76c3c340-dd3b-43d8-9605-7ff9e6959969,8fba1cc0-ed98-4402-bf99-afe91cc015ed
177696de-8f2d-409b-8648-ac0d0f9c5327,2025-11-29 13:56:13.000000,user46,Databricks,modify,2442,146.58,0675d919-cf27-425e-99de-0c17a218c0c9,
6cc309ce-0893-4c19-b5e3-22868fd98bdf,2025-11-29 14:28:18.000000,user20,Snowflake,download,3211,426.75,8e54f4f0-a7be-4f9b-8820-dc26ff0167aa,e7cf9b59-1a95-4376-9ce7-59521cf3ad13
3a62030a-d07a-4d98-83f1-416422e06c35,2025-11-29 14:41:12.000000,user17,Jira,upload,2438,146.17,76c3c340-dd3b-43d8-9605-7ff9e6959969,76b29193-7a56-4586-9e41-d463eef47b78
548e8826-d78f-4377-9f90-578526c28846,2025-11-29 14:58:07.000000,user16,Jira,view,666,61.15,761303a3-8c54-42f6-a239-1e4c5145e784,
7174cfdf-c317-45f1-a1c5-a189def6b80e,2025-11-29 15:11:13.000000,user17,Snowflake,download,1559,224.71,76c3c340-dd3b-43d8-9605-7ff9e6959969,
95bdfcc9-71c4-49e1-b052-75b7ca1bbbe5,2025-11-29 15:14:27.000000,user17,Salesforce,download,899,317.67,76c3c340-dd3b-43d8-9605-7ff9e6959969,dce39cbb-95e8-469b-8b9c-e096b29989f9
bee63b3e-5214-4978-abcd-e7c98e249335,2025-11-29 16:58:25.000000,user17,SAP,download,2772,374.36,76c3c340-dd3b-43d8-9605-7ff9e6959969,53eb2470-ba66-4ff5-9bf3-a6036ab5abb3
b1fe006d-5303-40e0-a1e3-75b32befc1b8,2025-11-29 17:09:54.000000,user20,Jira,view,3579,248.52,8e54f4f0-a7be-4f9b-8820-dc26ff0167aa,
b1ae9c17-5a6a-46a1-b81c-8a7abb488e1d,2025-11-29 19:08:18.000000,user16,Workday,upload,1318,239.94,5fdfd8e3-e4ba-4de7-93a2-4d091795c620,6616041d-beb3-4ba3-b1ab-8ae47fc271e7
af8351da-a9bc-4578-aa0b-8cb08c76bd49,2025-11-29 19:43:54.000000,user6,SAP,view,2120,43.23,1b27466b-9216-4665-919d-824521bdeca7,0dc8766b-9e81-40b0-bc8a-6c045a79af7e
eee9c96b-3b6d-4f0b-aeae-34395dce0212,2025-11-29 20:19:56.000000,user6,Workday,modify,1231,146.64,1b27466b-9216-4665-919d-824521bdeca7,29e73c4d-2921-4a3e-b7a3-b8ab3b14a5a0
70b2401f-c606-45dd-83b2-303fab67d220,2025-11-29 21:06:02.000000,user19,Workday,download,3580,310.28,53657561-6ef1-4539-b736-da2fa35acde3,
40158bb2-572d-4f92-803f-20eee97e48cb,2025-11-29 22:38:42.000000,user2,Workday,modify,1741,11.68,16131a91-1b88-47b0-b3bb-4cbd9cdb594d,27c9c5fe-39c0-4359-a28b-b1410af170f6
80f59215-1004-48ca-a5c4-7b757bdc1a75,2025-11-29 22:50:59.000000,user6,Snowflake,view,2373,202.96,1b27466b-9216-4665-919d-824521bdeca7,aba79c4c-2f79-46cb-b4f0-20ffda880963
70cda426-4dae-4060-a247-3fae7e20dad9,2025-11-29 23:06:57.000000,user19,Workday,upload,1106,197.21,53657561-6ef1-4539-b736-da2fa35acde3,81726ace-2b2c-4e9a-b784-5726e79da85f
88bbd92d-a9ca-4623-b14d-060f93b501ee,2025-11-29 23:14:40.000000,user24,Salesforce,modify,3359,315.19,e3d69d97-6570-4815-809c-b1988620e11b,
47d4e977-609a-4626-8e2d-fd86c08000a2,2025-11-29 23:24:42.000000,user6,Jira,view,1701,439.42,1b27466b-9216-4665-919d-824521bdeca7,ab7e8e1c-2091-4a6f-852d-da2de8d29ab7
74e400fa-95e2-421f-ada2-02631672c433,2025-11-29 23:28:41.000000,user43,Jira,view,2339,440.04,62f4c2e9-c9b5-4016-9e33-408d385c650f,
e127c438-218e-496f-801b-8f2318e35104,2025-11-29 23:38:30.000000,user6,SAP,upload,823,491.73,1b27466b-9216-4665-919d-824521bdeca7,8920d329-190c-4281-8363-6c207e82825a
06b3017b-b74d-49e7-b516-bc7203adad7c,2025-11-29 23:45:23.000000,user32,Workday,modify,1155,496.82,5cd3f488-c705-41f1-b9b9-e9c632e5c128,c845b03d-0cd9-4a6c-b46d-7d2aba778236
7ca6860d-f3cd-46f2-a5b0-e049f1296568,2025-11-29 23:58:39.000000,user43,GitHub,download,1095,167.49,62f4c2e9-c9b5-4016-9e33-408d385c650f,7962a4f2-0143-4d08-910b-9e5b6038413e
5d7c4670-c425-4b36-95ef-7cd73ac8a860,2025-11-30 01:00:50.000000,user32,Salesforce,upload,1235,108.51,5cd3f488-c705-41f1-b9b9-e9c632e5c128,
cfd9f1be-0ae3-4bc3-a8e9-5a0a67704e1a,2025-11-30 01:08:09.000000,user43,GitHub,view,1214,320.07,62f4c2e9-c9b5-4016-9e33-408d385c650f,ab46a1b3-faa6-482d-9df1-3989e8a221f4
2b81eaa4-4da7-4d28-89dc-729ad049ea1c,2025-11-30 02:14:12.000000,user32,Jira,modify,1052,29.64,5cd3f488-c705-41f1-b9b9-e9c632e5c128,2ada13e7-a7d4-45e9-8be1-bb2c855b6357
8d92ba17-d1ae-407c-90da-05625af3185b,2025-11-30 02:38:07.000000,user24,Jira,download,1574,363.24,e3d69d97-6570-4815-809c-b1988620e11b,
6fa95ba7-f559-4e04-a734-94c527bb06e8,2025-11-30 04:37:51.000000,user43,SAP,view,2134,233.66,62f4c2e9-c9b5-4016-9e33-408d385c650f,
a4d133f7-1824-405e-b0a3-5a32facce52c,2025-11-30 04:56:57.000000,user32,GitHub,download,3566,263.91,5cd3f488-c705-41f1-b9b9-e9c632e5c128,4ec3d8f8-673a-427b-aeab-7e4ddecbaa48
fff1c03f-7ca4-4812-a72b-347c2a847cbb,2025-11-30 05:09:11.000000,user26,SAP,upload,1251,102.49,7b3526a8-4636-49d6-8b14-70b5ff5e7994,1ff9408e-5037-4ca8-b3ef-0237fce4682e
64b586d4-e5fa-4671-9464-8844dec2f69b,2025-11-30 05:26:23.000000,user24,Jira,download,2513,181.27,75cf9937-ccdb-4117-beea-6b3f5209fd6a,a46d2d5d-dd50-4174-8f65-4fb724b0ddad
2f393b25-440b-4a69-9b11-e075f352453b,2025-11-30 05:36:27.000000,user32,Salesforce,view,197,238.26,5cd3f488-c705-41f1-b9b9-e9c632e5c128,d0f71308-4deb-490b-845d-011dfd1992e5
acb1385f-35fd-48d1-b09e-951e73e87292,2025-11-30 05:49:56.000000,user24,Snowflake,view,1196,50.42,75cf9937-ccdb-4117-beea-6b3f5209fd6a,447457ba-81ba-4e71-8e51-e332a723b1c9
f4a5c798-0315-4252-a9cb-19db1543264a,2025-11-30 06:06:32.000000,user43,Workday,modify,677,327.82,62f4c2e9-c9b5-4016-9e33-408d385c650f,ab46a1b3-faa6-482d-9df1-3989e8a221f4
798f9bec-8fa0-451b-a6a2-855f80400e95,2025-11-30 06:08:13.000000,user26,Jira,download,923,234.49,7b3526a8-4636-49d6-8b14-70b5ff5e7994,
bff57482-6730-4b7f-918b-fba025251823,2025-11-30 06:15:42.000000,user26,GitHub,view,2238,346.66,6d45b812-be21-4327-870b-4282d19925e1,
deee4ec4-fbe9-4e4c-af7d-8ba98f43bde4,2025-11-30 06:38:50.000000,user26,Jira,download,1134,383.5,6d45b812-be21-4327-870b-4282d19925e1,c15b5a48-2ac7-4cda-a096-0f3b7cbab210
a8d5cdb3-718f-4627-8e37-7e212f9e901d,2025-11-30 06:48:13.000000,user26,Jira,download,2370,140.14,6d45b812-be21-4327-870b-4282d19925e1,1ff9408e-5037-4ca8-b3ef-0237fce4682e
74591430-b888-4f8d-b66a-7b9656867791,2025-11-30 08:28:20.000000,user11,Databricks,download,248,226.91,20f233b3-0d9c-48cb-971e-a38738116592,423c984e-e471-41d8-9520-6c2b9048f7f0
0c99ebea-9071-4ac5-b8be-a4289d30b2af,2025-11-30 08:35:21.000000,user40,Jira,modify,2281,238.15,b9fe13e0-6b19-4521-8281-5314e741cd17,7c760b54-bb9c-41b1-a426-85e28481171a
7b2887e5-e890-4af6-9273-6762d176d8bd,2025-11-30 09:01:54.000000,user26,GitHub,download,2416,490.92,7b3526a8-4636-49d6-8b14-70b5ff5e7994,5e2b1b47-b4ed-47fe-b1c2-f3ebbbd02a02
53fce605-9c0a-4c3e-bf0b-7bffcf5a01b1,2025-11-30 09:07:15.000000,user11,SAP,modify,1997,280.8,20f233b3-0d9c-48cb-971e-a38738116592,423c984e-e471-41d8-9520-6c2b9048f7f0
4f3af571-275c-4c57-b6fb-6d20dac953cf,2025-11-30 09:38:32.000000,user26,SAP,modify,2977,476.13,7b3526a8-4636-49d6-8b14-70b5ff5e7994,d593038b-c884-4eb3-9ba7-b886d14d7c2e
8542a02f-3b56-4b41-aa57-928d84009bc0,2025-11-30 10:16:21.000000,user26,Salesforce,download,980,282.86,6d45b812-be21-4327-870b-4282d19925e1,
8b62448e-a6c5-4a81-a1c8-fbe28dcc2da1,2025-11-30 10:17:12.000000,user26,Salesforce,download,2497,435.94,6d45b812-be21-4327-870b-4282d19925e1,1ff9408e-5037-4ca8-b3ef-0237fce4682e
8af708f2-0064-4cd3-ae58-4e3d4b891128,2025-11-30 11:01:54.000000,user26,GitHub,upload,1111,335.34,7b3526a8-4636-49d6-8b14-70b5ff5e7994,1ff9408e-5037-4ca8-b3ef-0237fce4682e
93e462ab-dea6-4e22-b0fa-a45fa517a33e,2025-11-30 11:08:23.000000,user11,Salesforce,view,2843,141.44,20f233b3-0d9c-48cb-971e-a38738116592,423c984e-e471-41d8-9520-6c2b9048f7f0
4b4e764b-f1ff-4728-a989-6d4191573d4a,2025-11-30 12:30:43.000000,user26,Databricks,download,2266,85.0,bbec2934-54b3-465f-a1b7-b7d9f1ed1e0d,
77e0cfdf-23fc-4be7-9575-dd421fe050b7,2025-11-30 12:44:20.000000,user44,Workday,modify,2532,62.83,c6bf4c02-a6e6-4afd-abf3-6b30816e4aba,ae991d53-f99a-4e5f-a629-8387fc24799e
d4a6e4d1-d8c0-4ad9-997f-0c7409799cd7,2025-11-30 12:58:13.000000,user30,Workday,modify,1350,197.45,3a207728-2a55-4160-9822-da07dbd7dfb1,a74ca85e-b5fe-4711-933d-8c4567480df5
1f2339b2-14af-46c7-8381-ac7fe52664fd,2025-11-30 13:22:38.000000,user22,Databricks,download,561,152.22,6490b576-390b-4e54-9c08-7d448798c8f0,51c56aef-2c7e-49ba-96b8-569a16df96b7
031e41ea-3960-408f-9bdb-440059af6fa3,2025-11-30 13:56:27.000000,user22,SAP,download,316,202.47,6490b576-390b-4e54-9c08-7d448798c8f0,0c23ba81-b5cd-422b-bb04-74cdb1adbbba
dd655c85-1f2c-4062-b240-1625a5eb5671,2025-11-30 14:07:24.000000,user26,Snowflake,modify,1316,207.54,bbec2934-54b3-465f-a1b7-b7d9f1ed1e0d,
7b571cd4-fb7f-4301-b437-60cb6e088cfb,2025-11-30 14:24:23.000000,user22,Workday,download,880,395.77,6490b576-390b-4e54-9c08-7d448798c8f0,
b5af56ca-60ef-467b-8f23-f4e026bcb6ef,2025-11-30 14:28:58.000000,user26,SAP,view,2323,326.43,bbec2934-54b3-465f-a1b7-b7d9f1ed1e0d,043a7bd6-8544-453b-a3d9-ea0e83ed065a
c9b9b575-afd3-4718-bfc7-6853c7695d15,2025-11-30 14:45:07.000000,user13,Salesforce,modify,3400,10.37,a781ccc2-a5c2-411e-8241-82917b779279,
34b59af9-1d45-4b30-90be-558159d8853e,2025-11-30 15:14:23.000000,user39,GitHub,modify,3376,129.1,75eb23de-7a7a-4172-bc2d-76b48bf7232e,abb9c09f-2db4-4dc3-86f7-f3124393d59b
26b3a799-bd06-4720-8940-7e1e38bab186,2025-11-30 15:20:28.000000,user30,Jira,upload,3197,338.58,3a207728-2a55-4160-9822-da07dbd7dfb1,
3a9edb80-3951-4e78-bcd1-f4340651b1bd,2025-11-30 15:51:15.000000,user39,SAP,view,3502,39.05,75eb23de-7a7a-4172-bc2d-76b48bf7232e,8d3ef1f4-b069-41c2-a74f-261e5ccf1819
e9cb8a6b-fc5a-4eb4-84bc-336e29db566c,2025-11-30 16:05:50.000000,user30,Snowflake,download,1497,15.67,3a207728-2a55-4160-9822-da07dbd7dfb1,2219d033-8dcb-456d-ba66-443655cd4e65
5b84f667-3d6a-467c-af1b-bbe0d103cc75,2025-11-30 16:57:18.000000,user31,SAP,download,1369,257.5,ea0510cd-b14e-4eed-a73f-10ea3bd980b1,
30f44714-e9b2-4f75-a402-5d6ff98fa8e0,2025-11-30 17:05:12.000000,user39,Salesforce,upload,1678,198.86,75eb23de-7a7a-4172-bc2d-76b48bf7232e,8af0f73f-c767-4be7-90ec-6e0bae226de1
24d4ac32-f17e-41d5-9be9-1c7f9faf4e97,2025-11-30 17:31:07.000000,user39,Snowflake,modify,476,326.73,75eb23de-7a7a-4172-bc2d-76b48bf7232e,abb9c09f-2db4-4dc3-86f7-f3124393d59b
8cdfa641-8133-4477-a654-323247d10ce5,2025-11-30 17:32:59.000000,user31,Databricks,upload,89,474.85,ea0510cd-b14e-4eed-a73f-10ea3bd980b1,a596824a-6954-4d86-b6f2-e10abc4f53dd
204a8205-5e9c-43c8-adc1-a41e94a26fd7,2025-11-30 17:49:57.000000,user6,Jira,download,3364,458.67,aacdb137-24c8-4e75-a815-d2c6178d2009,69bcda38-b872-4376-a01f-6ba49da86ce3
16ec94ef-d430-4075-99e4-3e8747b7596c,2025-11-30 19:04:59.000000,user16,Salesforce,upload,288,318.52,5ef1e8da-b362-484c-92dd-5c9607b08d11,be8f51ce-eb26-4959-972d-00979150cf6c
aa3263fc-6041-43c3-96d2-71f736e1df5a,2025-11-30 19:42:15.000000,user22,Workday,download,304,259.87,6490b576-390b-4e54-9c08-7d448798c8f0,0c23ba81-b5cd-422b-bb04-74cdb1adbbba
bbd80424-9aeb-411b-ac63-fdf966fa42ce,2025-11-30 19:45:28.000000,user39,Salesforce,download,1883,16.13,75eb23de-7a7a-4172-bc2d-76b48bf7232e,
3c042c79-9fe9-46c5-bc1b-8861189d08fe,2025-11-30 19:46:04.000000,user16,GitHub,upload,1182,215.31,5ef1e8da-b362-484c-92dd-5c9607b08d11,d9980874-a3aa-4876-9288-9b82d1c09e3d
2dd5e3ca-ae90-4c44-b45f-c383b966e265,2025-11-30 20:56:28.000000,user7,Snowflake,view,2492,85.53,0f96872d-4d84-41c4-8fd2-1c3c4c597446,ad15752a-c359-4806-ac26-a7e6975debe9
d6917f28-8d83-4669-8f42-4f51ac0c5a3d,2025-11-30 21:41:15.000000,user14,Salesforce,upload,663,10.94,524d0cbb-66df-4211-8365-7e197d829bdf,
2b9b8191-2155-4df8-8e2f-af5e024c3a35,2025-11-30 22:10:42.000000,user6,Databricks,modify,956,120.27,aacdb137-24c8-4e75-a815-d2c6178d2009,
2d8584b9-83cf-4d04-a48e-08af4b05077c,2025-11-30 22:14:02.000000,user18,Workday,view,932,380.66,bfd06a51-1e85-4abd-90dc-03504febd2c2,
bb0cb6cb-fa4e-4572-9eb9-5358fb505b69,2025-11-30 22:24:07.000000,user13,GitHub,modify,2211,5.57,a781ccc2-a5c2-411e-8241-82917b779279,b9349ebe-c64f-4f7b-b904-619d33710410
045d322b-b41e-4df0-b544-19108fb522c8,2025-11-30 22:44:20.000000,user14,Jira,download,1579,42.9,524d0cbb-66df-4211-8365-7e197d829bdf,b839c83f-edb1-4675-8d5c-68b799853481
7cf44ef4-3682-48ed-80ca-75c56d3c527d,2025-11-30 22:55:11.000000,user16,SAP,modify,2645,204.56,5ef1e8da-b362-484c-92dd-5c9607b08d11,
9fcc0723-7c01-4e85-b713-a9276db3c054,2025-11-30 23:07:16.000000,user7,GitHub,upload,1665,262.79,0f96872d-4d84-41c4-8fd2-1c3c4c597446,ad15752a-c359-4806-ac26-a7e6975debe9
15f1f7f7-debd-4324-84b1-c3ac3b02ddef,2025-11-30 23:18:44.000000,user6,Jira,download,2148,209.2,aacdb137-24c8-4e75-a815-d2c6178d2009,
2a8d31bc-9405-412a-9068-beb6a5cb09c3,2025-11-30 23:48:16.000000,user14,Salesforce,upload,247,365.95,524d0cbb-66df-4211-8365-7e197d829bdf,
